candidate_id,display_candidate,normalized_candidate,normalized_comparison_key,candidate_language,candidate_type,existing_universe_relation,reconciliation_status,upstream_match_id,upstream_match_layer,related_candidate_id,relation_type,step08_route,competitor_source_count,source_url_count,provenance_row_count,ambiguity_flag,ambiguity_reason,out_of_scope_reason,demand_validation_state,final_intent_state,cluster_state,notes
S07C000001,Алатырь,Алатырь,алатырь,RU,TERMINOLOGY,EXACT_STEP03B_HOLD,ALREADY_PRESENT,NP09502,STEP03B,NONE,EXACT,AUDIT_ONLY_ALREADY_PRESENT,1,1,1,false,NONE,NONE,NOT_VALIDATED_STEP07,NOT_EVALUATED_STEP07,NOT_STARTED_STEP07,Exact upstream identity; Step04 preliminary family context=PSF006.
S07C000002,АМУЛЕТ,АМУЛЕТ,амулет,RU,TERMINOLOGY,EXACT_STEP03B_KEEP,ALREADY_PRESENT,NP00001,STEP03B,NONE,EXACT,AUDIT_ONLY_ALREADY_PRESENT,1,2,26,false,NONE,NONE,NOT_VALIDATED_STEP07,NOT_EVALUATED_STEP07,NOT_STARTED_STEP07,Exact upstream identity; Step04 preliminary family context=PSF001.
S07C000003,АНГЕЛ,АНГЕЛ,ангел,RU,TERMINOLOGY,EXACT_STEP03B_HOLD,ALREADY_PRESENT,NP08883,STEP03B,NONE,EXACT,AUDIT_ONLY_ALREADY_PRESENT,1,1,14,false,NONE,NONE,NOT_VALIDATED_STEP07,NOT_EVALUATED_STEP07,NOT_STARTED_STEP07,Exact upstream identity; Step04 preliminary family context=PSF024.
S07C000004,Боговник,Боговник,боговник,RU,TERMINOLOGY,EXACT_STEP03B_HOLD,ALREADY_PRESENT,NP12037,STEP03B,NONE,EXACT,AUDIT_ONLY_ALREADY_PRESENT,1,1,1,false,NONE,NONE,NOT_VALIDATED_STEP07,NOT_EVALUATED_STEP07,NOT_STARTED_STEP07,Exact upstream identity; Step04 preliminary family context=PSF006.
S07C000005,Всеславец,Всеславец,всеславец,RU,TERMINOLOGY,EXACT_STEP03B_HOLD,ALREADY_PRESENT,NP12017,STEP03B,NONE,EXACT,AUDIT_ONLY_ALREADY_PRESENT,1,1,1,false,NONE,NONE,NOT_VALIDATED_STEP07,NOT_EVALUATED_STEP07,NOT_STARTED_STEP07,Exact upstream identity; Step04 preliminary family context=PSF006.
S07C000006,Громовик,Громовик,громовик,RU,TERMINOLOGY,EXACT_STEP03B_HOLD,ALREADY_PRESENT,NP11940,STEP03B,NONE,EXACT,AUDIT_ONLY_ALREADY_PRESENT,1,1,1,false,NONE,NONE,NOT_VALIDATED_STEP07,NOT_EVALUATED_STEP07,NOT_STARTED_STEP07,Exact upstream identity; Step04 preliminary family context=PSF006.
S07C000007,МЕДАЛЬОН,МЕДАЛЬОН,медальон,RU,TERMINOLOGY,EXACT_STEP03B_HOLD,ALREADY_PRESENT,NP02005,STEP03B,NONE,EXACT,AUDIT_ONLY_ALREADY_PRESENT,1,1,13,false,NONE,NONE,NOT_VALIDATED_STEP07,NOT_EVALUATED_STEP07,NOT_STARTED_STEP07,Exact upstream identity; Step04 preliminary family context=PSF010.
S07C000008,ОБЕРЕГ,ОБЕРЕГ,оберег,RU,TERMINOLOGY,EXACT_STEP03B_KEEP,ALREADY_PRESENT,NP02018,STEP03B,NONE,EXACT,AUDIT_ONLY_ALREADY_PRESENT,1,1,13,false,NONE,NONE,NOT_VALIDATED_STEP07,NOT_EVALUATED_STEP07,NOT_STARTED_STEP07,Exact upstream identity; Step04 preliminary family context=PSF001.
S07C000009,Славянские обереги,Славянские обереги,славянские обереги,RU,TERMINOLOGY,EXACT_STEP03B_KEEP,ALREADY_PRESENT,NP02021,STEP03B,NONE,EXACT,AUDIT_ONLY_ALREADY_PRESENT,1,1,1,false,NONE,NONE,NOT_VALIDATED_STEP07,NOT_EVALUATED_STEP07,NOT_STARTED_STEP07,Exact upstream identity; Step04 preliminary family context=PSF001.
S07C000010,ТАЛИСМАН,ТАЛИСМАН,талисман,RU,TERMINOLOGY,EXACT_STEP03B_KEEP,ALREADY_PRESENT,NP02016,STEP03B,NONE,EXACT,AUDIT_ONLY_ALREADY_PRESENT,1,2,28,false,NONE,NONE,NOT_VALIDATED_STEP07,NOT_EVALUATED_STEP07,NOT_STARTED_STEP07,Exact upstream identity; Step04 preliminary family context=PSF001.
S07C000011,// «Новый Мир» (цитата из НКРЯ) ◆ Важне́йшим строи́тельным материа́лом при строи́тельстве го́рки явля́ется ка́мень.,// «Новый Мир» (цитата из НКРЯ) ◆ Важне́йшим строи́тельным материа́лом при строи́тельстве го́рки явля́ется ка́мень.,// «новый мир» (цитата из нкря) ◆ важне́йшим строи́тельным материа́лом при строи́тельстве го́рки явля́ется ка́мень.,RU,INFORMATIONAL_FORMULATION,NO_EXACT_UPSTREAM_MATCH,AMBIGUOUS,NONE,NONE,NONE,AMBIGUOUS,HOLD_AMBIGUOUS,1,1,1,true,Available public-page wording has a potentially relevant but materially broad referent.,NONE,NOT_VALIDATED_STEP07,NOT_EVALUATED_STEP07,NOT_STARTED_STEP07,NONE
S07C000012,Ассоциации к слову «деньги»,Ассоциации к слову «деньги»,ассоциации к слову «деньги»,RU,USE_CASE,NO_EXACT_UPSTREAM_MATCH,AMBIGUOUS,NONE,NONE,NONE,AMBIGUOUS,HOLD_AMBIGUOUS,1,1,1,true,Available public-page wording has a potentially relevant but materially broad referent.,NONE,NOT_VALIDATED_STEP07,NOT_EVALUATED_STEP07,NOT_STARTED_STEP07,NONE
S07C000013,Ассоциации к слову «защита»,Ассоциации к слову «защита»,ассоциации к слову «защита»,RU,USE_CASE,NO_EXACT_UPSTREAM_MATCH,AMBIGUOUS,NONE,NONE,NONE,AMBIGUOUS,HOLD_AMBIGUOUS,1,1,1,true,Available public-page wording has a potentially relevant but materially broad referent.,NONE,NOT_VALIDATED_STEP07,NOT_EVALUATED_STEP07,NOT_STARTED_STEP07,NONE
S07C000014,Ассоциации к слову «камень»,Ассоциации к слову «камень»,ассоциации к слову «камень»,RU,ATTRIBUTE,NO_EXACT_UPSTREAM_MATCH,AMBIGUOUS,NONE,NONE,NONE,AMBIGUOUS,HOLD_AMBIGUOUS,1,1,2,true,Available public-page wording has a potentially relevant but materially broad referent.,NONE,NOT_VALIDATED_STEP07,NOT_EVALUATED_STEP07,NOT_STARTED_STEP07,NONE
S07C000015,Ассоциации к слову ДЕНЬГИ (словарь ассоциаций русского языка),Ассоциации к слову ДЕНЬГИ (словарь ассоциаций русского языка),ассоциации к слову деньги (словарь ассоциаций русского языка),RU,USE_CASE,NO_EXACT_UPSTREAM_MATCH,AMBIGUOUS,NONE,NONE,NONE,AMBIGUOUS,HOLD_AMBIGUOUS,1,1,1,true,Available public-page wording has a potentially relevant but materially broad referent.,NONE,NOT_VALIDATED_STEP07,NOT_EVALUATED_STEP07,NOT_STARTED_STEP07,NONE
S07C000016,Ассоциации к слову ЗАЩИТА (словарь ассоциаций русского языка),Ассоциации к слову ЗАЩИТА (словарь ассоциаций русского языка),ассоциации к слову защита (словарь ассоциаций русского языка),RU,USE_CASE,NO_EXACT_UPSTREAM_MATCH,AMBIGUOUS,NONE,NONE,NONE,AMBIGUOUS,HOLD_AMBIGUOUS,1,1,1,true,Available public-page wording has a potentially relevant but materially broad referent.,NONE,NOT_VALIDATED_STEP07,NOT_EVALUATED_STEP07,NOT_STARTED_STEP07,NONE
S07C000017,Афоризмы русских писателей со словом «деньги»,Афоризмы русских писателей со словом «деньги»,афоризмы русских писателей со словом «деньги»,RU,USE_CASE,NO_EXACT_UPSTREAM_MATCH,AMBIGUOUS,NONE,NONE,NONE,AMBIGUOUS,HOLD_AMBIGUOUS,1,1,1,true,Available public-page wording has a potentially relevant but materially broad referent.,NONE,NOT_VALIDATED_STEP07,NOT_EVALUATED_STEP07,NOT_STARTED_STEP07,NONE
S07C000018,Афоризмы русских писателей со словом «защита»,Афоризмы русских писателей со словом «защита»,афоризмы русских писателей со словом «защита»,RU,USE_CASE,NO_EXACT_UPSTREAM_MATCH,AMBIGUOUS,NONE,NONE,NONE,AMBIGUOUS,HOLD_AMBIGUOUS,1,1,1,true,Available public-page wording has a potentially relevant but materially broad referent.,NONE,NOT_VALIDATED_STEP07,NOT_EVALUATED_STEP07,NOT_STARTED_STEP07,NONE
S07C000019,Афоризмы русских писателей со словом «камень»,Афоризмы русских писателей со словом «камень»,афоризмы русских писателей со словом «камень»,RU,ATTRIBUTE,NO_EXACT_UPSTREAM_MATCH,AMBIGUOUS,NONE,NONE,NONE,AMBIGUOUS,HOLD_AMBIGUOUS,1,1,1,true,Available public-page wording has a potentially relevant but materially broad referent.,NONE,NOT_VALIDATED_STEP07,NOT_EVALUATED_STEP07,NOT_STARTED_STEP07,NONE
S07C000020,Бумажные деньги.,Бумажные деньги.,бумажные деньги.,RU,USE_CASE,NO_EXACT_UPSTREAM_MATCH,AMBIGUOUS,NONE,NONE,NONE,AMBIGUOUS,HOLD_AMBIGUOUS,1,1,2,true,Available public-page wording has a potentially relevant but materially broad referent.,NONE,NOT_VALIDATED_STEP07,NOT_EVALUATED_STEP07,NOT_STARTED_STEP07,NONE
S07C000021,Все значения слова ДЕНЬГИ,Все значения слова ДЕНЬГИ,все значения слова деньги,RU,USE_CASE,NO_EXACT_UPSTREAM_MATCH,AMBIGUOUS,NONE,NONE,NONE,AMBIGUOUS,HOLD_AMBIGUOUS,1,1,1,true,Available public-page wording has a potentially relevant but materially broad referent.,NONE,NOT_VALIDATED_STEP07,NOT_EVALUATED_STEP07,NOT_STARTED_STEP07,NONE
S07C000022,Все значения слова ЗАЩИТА,Все значения слова ЗАЩИТА,все значения слова защита,RU,USE_CASE,NO_EXACT_UPSTREAM_MATCH,AMBIGUOUS,NONE,NONE,NONE,AMBIGUOUS,HOLD_AMBIGUOUS,1,1,1,true,Available public-page wording has a potentially relevant but materially broad referent.,NONE,NOT_VALIDATED_STEP07,NOT_EVALUATED_STEP07,NOT_STARTED_STEP07,NONE
S07C000023,Выдержки из русской классики со словом «деньги»,Выдержки из русской классики со словом «деньги»,выдержки из русской классики со словом «деньги»,RU,USE_CASE,NO_EXACT_UPSTREAM_MATCH,AMBIGUOUS,NONE,NONE,NONE,AMBIGUOUS,HOLD_AMBIGUOUS,1,1,1,true,Available public-page wording has a potentially relevant but materially broad referent.,NONE,NOT_VALIDATED_STEP07,NOT_EVALUATED_STEP07,NOT_STARTED_STEP07,NONE
S07C000024,Выдержки из русской классики со словом «защита»,Выдержки из русской классики со словом «защита»,выдержки из русской классики со словом «защита»,RU,USE_CASE,NO_EXACT_UPSTREAM_MATCH,AMBIGUOUS,NONE,NONE,NONE,AMBIGUOUS,HOLD_AMBIGUOUS,1,1,1,true,Available public-page wording has a potentially relevant but materially broad referent.,NONE,NOT_VALIDATED_STEP07,NOT_EVALUATED_STEP07,NOT_STARTED_STEP07,NONE
S07C000025,Выдержки из русской классики со словом «камень»,Выдержки из русской классики со словом «камень»,выдержки из русской классики со словом «камень»,RU,ATTRIBUTE,NO_EXACT_UPSTREAM_MATCH,AMBIGUOUS,NONE,NONE,NONE,AMBIGUOUS,HOLD_AMBIGUOUS,1,1,1,true,Available public-page wording has a potentially relevant but materially broad referent.,NONE,NOT_VALIDATED_STEP07,NOT_EVALUATED_STEP07,NOT_STARTED_STEP07,NONE
S07C000026,"ДЕ́НЬГИ, де́нег, деньга́м и де́ньгам, деньга́ми и де́ньгами, о деньга́х и о де́ньгах, мн.","ДЕ́НЬГИ, де́нег, деньга́м и де́ньгам, деньга́ми и де́ньгами, о деньга́х и о де́ньгах, мн.","де́ньги, де́нег, деньга́м и де́ньгам, деньга́ми и де́ньгами, о деньга́х и о де́ньгах, мн.",RU,USE_CASE,NO_EXACT_UPSTREAM_MATCH,AMBIGUOUS,NONE,NONE,NONE,AMBIGUOUS,HOLD_AMBIGUOUS,1,1,2,true,Available public-page wording has a potentially relevant but materially broad referent.,NONE,NOT_VALIDATED_STEP07,NOT_EVALUATED_STEP07,NOT_STARTED_STEP07,NONE
S07C000027,ДЕНЬГИ,ДЕНЬГИ,деньги,RU,USE_CASE,NO_EXACT_UPSTREAM_MATCH,AMBIGUOUS,NONE,NONE,NONE,AMBIGUOUS,HOLD_AMBIGUOUS,1,1,12,true,Available public-page wording has a potentially relevant but materially broad referent.,NONE,NOT_VALIDATED_STEP07,NOT_EVALUATED_STEP07,NOT_STARTED_STEP07,NONE
S07C000028,"Десятипудовый камень с гулом летит, увлекает за собой мелкие камешки, землю, ломает кусты.","Десятипудовый камень с гулом летит, увлекает за собой мелкие камешки, землю, ломает кусты.","десятипудовый камень с гулом летит, увлекает за собой мелкие камешки, землю, ломает кусты.",RU,ATTRIBUTE,NO_EXACT_UPSTREAM_MATCH,AMBIGUOUS,NONE,NONE,NONE,AMBIGUOUS,HOLD_AMBIGUOUS,1,1,1,true,Available public-page wording has a potentially relevant but materially broad referent.,NONE,NOT_VALIDATED_STEP07,NOT_EVALUATED_STEP07,NOT_STARTED_STEP07,NONE
S07C000029,ЕВАНГЕЛИЕ,ЕВАНГЕЛИЕ,евангелие,RU,TERMINOLOGY,NO_EXACT_UPSTREAM_MATCH,AMBIGUOUS,NONE,NONE,NONE,AMBIGUOUS,HOLD_AMBIGUOUS,1,1,16,true,Available public-page wording has a potentially relevant but materially broad referent.,NONE,NOT_VALIDATED_STEP07,NOT_EVALUATED_STEP07,NOT_STARTED_STEP07,NONE
S07C000030,Женские ассоциации к слову «деньги»,Женские ассоциации к слову «деньги»,женские ассоциации к слову «деньги»,RU,USE_CASE,NO_EXACT_UPSTREAM_MATCH,AMBIGUOUS,NONE,NONE,NONE,AMBIGUOUS,HOLD_AMBIGUOUS,1,1,1,true,Available public-page wording has a potentially relevant but materially broad referent.,NONE,NOT_VALIDATED_STEP07,NOT_EVALUATED_STEP07,NOT_STARTED_STEP07,NONE
S07C000031,Женские ассоциации к слову «защита»,Женские ассоциации к слову «защита»,женские ассоциации к слову «защита»,RU,USE_CASE,NO_EXACT_UPSTREAM_MATCH,AMBIGUOUS,NONE,NONE,NONE,AMBIGUOUS,HOLD_AMBIGUOUS,1,1,1,true,Available public-page wording has a potentially relevant but materially broad referent.,NONE,NOT_VALIDATED_STEP07,NOT_EVALUATED_STEP07,NOT_STARTED_STEP07,NONE
S07C000032,ЗАЩИТА,ЗАЩИТА,защита,RU,USE_CASE,NO_EXACT_UPSTREAM_MATCH,AMBIGUOUS,NONE,NONE,NONE,AMBIGUOUS,HOLD_AMBIGUOUS,1,1,14,true,Available public-page wording has a potentially relevant but materially broad referent.,NONE,NOT_VALIDATED_STEP07,NOT_EVALUATED_STEP07,NOT_STARTED_STEP07,NONE
S07C000033,Защита мира.,Защита мира.,защита мира.,RU,USE_CASE,NO_EXACT_UPSTREAM_MATCH,AMBIGUOUS,NONE,NONE,NONE,AMBIGUOUS,HOLD_AMBIGUOUS,1,1,2,true,Available public-page wording has a potentially relevant but materially broad referent.,NONE,NOT_VALIDATED_STEP07,NOT_EVALUATED_STEP07,NOT_STARTED_STEP07,NONE
S07C000034,Защита обвиняемого на суде.,Защита обвиняемого на суде.,защита обвиняемого на суде.,RU,USE_CASE,NO_EXACT_UPSTREAM_MATCH,AMBIGUOUS,NONE,NONE,NONE,AMBIGUOUS,HOLD_AMBIGUOUS,1,1,2,true,Available public-page wording has a potentially relevant but materially broad referent.,NONE,NOT_VALIDATED_STEP07,NOT_EVALUATED_STEP07,NOT_STARTED_STEP07,NONE
S07C000035,Защита обиженных.,Защита обиженных.,защита обиженных.,RU,USE_CASE,NO_EXACT_UPSTREAM_MATCH,AMBIGUOUS,NONE,NONE,NONE,AMBIGUOUS,HOLD_AMBIGUOUS,1,1,2,true,Available public-page wording has a potentially relevant but materially broad referent.,NONE,NOT_VALIDATED_STEP07,NOT_EVALUATED_STEP07,NOT_STARTED_STEP07,NONE
S07C000036,защитить—защищать и защититься—защищаться.,защитить—защищать и защититься—защищаться.,защитить—защищать и защититься—защищаться.,RU,USE_CASE,NO_EXACT_UPSTREAM_MATCH,AMBIGUOUS,NONE,NONE,NONE,AMBIGUOUS,HOLD_AMBIGUOUS,1,1,2,true,Available public-page wording has a potentially relevant but materially broad referent.,NONE,NOT_VALIDATED_STEP07,NOT_EVALUATED_STEP07,NOT_STARTED_STEP07,NONE
S07C000037,знак,знак,знак,RU,TERMINOLOGY,NO_EXACT_UPSTREAM_MATCH,AMBIGUOUS,NONE,NONE,NONE,AMBIGUOUS,HOLD_AMBIGUOUS,1,1,7,true,Available public-page wording has a potentially relevant but materially broad referent.,NONE,NOT_VALIDATED_STEP07,NOT_EVALUATED_STEP07,NOT_STARTED_STEP07,NONE
S07C000038,Значение слова «деньги»,Значение слова «деньги»,значение слова «деньги»,RU,USE_CASE,NO_EXACT_UPSTREAM_MATCH,AMBIGUOUS,NONE,NONE,NONE,AMBIGUOUS,HOLD_AMBIGUOUS,1,1,2,true,Available public-page wording has a potentially relevant but materially broad referent.,NONE,NOT_VALIDATED_STEP07,NOT_EVALUATED_STEP07,NOT_STARTED_STEP07,NONE
S07C000039,Значение слова «защита»,Значение слова «защита»,значение слова «защита»,RU,USE_CASE,NO_EXACT_UPSTREAM_MATCH,AMBIGUOUS,NONE,NONE,NONE,AMBIGUOUS,HOLD_AMBIGUOUS,1,1,2,true,Available public-page wording has a potentially relevant but materially broad referent.,NONE,NOT_VALIDATED_STEP07,NOT_EVALUATED_STEP07,NOT_STARTED_STEP07,NONE
S07C000040,Значение слова «камень»,Значение слова «камень»,значение слова «камень»,RU,ATTRIBUTE,NO_EXACT_UPSTREAM_MATCH,AMBIGUOUS,NONE,NONE,NONE,AMBIGUOUS,HOLD_AMBIGUOUS,1,1,1,true,Available public-page wording has a potentially relevant but materially broad referent.,NONE,NOT_VALIDATED_STEP07,NOT_EVALUATED_STEP07,NOT_STARTED_STEP07,NONE
S07C000041,Значение слова КАМЕНЬ. Что такое КАМЕНЬ?,Значение слова КАМЕНЬ. Что такое КАМЕНЬ?,значение слова камень. что такое камень?,RU,ATTRIBUTE,NO_EXACT_UPSTREAM_MATCH,AMBIGUOUS,NONE,NONE,NONE,AMBIGUOUS,HOLD_AMBIGUOUS,1,1,1,true,Available public-page wording has a potentially relevant but materially broad referent.,NONE,NOT_VALIDATED_STEP07,NOT_EVALUATED_STEP07,NOT_STARTED_STEP07,NONE
S07C000042,"игровой снаряд в кёрлинге ◆ Камень представляет собой цилиндр из полированного гранита весом 20 кг, снабжённый ручкой.","игровой снаряд в кёрлинге ◆ Камень представляет собой цилиндр из полированного гранита весом 20 кг, снабжённый ручкой.","игровой снаряд в кёрлинге ◆ камень представляет собой цилиндр из полированного гранита весом 20 кг, снабжённый ручкой.",RU,ATTRIBUTE,NO_EXACT_UPSTREAM_MATCH,AMBIGUOUS,NONE,NONE,NONE,AMBIGUOUS,HOLD_AMBIGUOUS,1,1,1,true,Available public-page wording has a potentially relevant but materially broad referent.,NONE,NOT_VALIDATED_STEP07,NOT_EVALUATED_STEP07,NOT_STARTED_STEP07,NONE
S07C000043,"Или же вообще в переносном смысле золотое руно можно понимать в значении мудрости, знаний.","Или же вообще в переносном смысле золотое руно можно понимать в значении мудрости, знаний.","или же вообще в переносном смысле золотое руно можно понимать в значении мудрости, знаний.",RU,ATTRIBUTE,NO_EXACT_UPSTREAM_MATCH,AMBIGUOUS,NONE,NONE,NONE,AMBIGUOUS,HOLD_AMBIGUOUS,1,2,2,true,Available public-page wording has a potentially relevant but materially broad referent.,NONE,NOT_VALIDATED_STEP07,NOT_EVALUATED_STEP07,NOT_STARTED_STEP07,NONE
S07C000044,ка́мень,ка́мень,ка́мень,RU,TERMINOLOGY,NO_EXACT_UPSTREAM_MATCH,AMBIGUOUS,NONE,NONE,NONE,AMBIGUOUS,HOLD_AMBIGUOUS,1,1,1,true,Available public-page wording has a potentially relevant but materially broad referent.,NONE,NOT_VALIDATED_STEP07,NOT_EVALUATED_STEP07,NOT_STARTED_STEP07,NONE
S07C000045,Каким бывает «камень»,Каким бывает «камень»,каким бывает «камень»,RU,ATTRIBUTE,NO_EXACT_UPSTREAM_MATCH,AMBIGUOUS,NONE,NONE,NONE,AMBIGUOUS,HOLD_AMBIGUOUS,1,1,2,true,Available public-page wording has a potentially relevant but materially broad referent.,NONE,NOT_VALIDATED_STEP07,NOT_EVALUATED_STEP07,NOT_STARTED_STEP07,NONE
S07C000046,Какими бывают «деньги»,Какими бывают «деньги»,какими бывают «деньги»,RU,USE_CASE,NO_EXACT_UPSTREAM_MATCH,AMBIGUOUS,NONE,NONE,NONE,AMBIGUOUS,HOLD_AMBIGUOUS,1,1,2,true,Available public-page wording has a potentially relevant but materially broad referent.,NONE,NOT_VALIDATED_STEP07,NOT_EVALUATED_STEP07,NOT_STARTED_STEP07,NONE
S07C000047,Какой бывает «защита»,Какой бывает «защита»,какой бывает «защита»,RU,USE_CASE,NO_EXACT_UPSTREAM_MATCH,AMBIGUOUS,NONE,NONE,NONE,AMBIGUOUS,HOLD_AMBIGUOUS,1,1,2,true,Available public-page wording has a potentially relevant but materially broad referent.,NONE,NOT_VALIDATED_STEP07,NOT_EVALUATED_STEP07,NOT_STARTED_STEP07,NONE
S07C000048,КАМЕНЬ,КАМЕНЬ,камень,RU,ATTRIBUTE,NO_EXACT_UPSTREAM_MATCH,AMBIGUOUS,NONE,NONE,NONE,AMBIGUOUS,HOLD_AMBIGUOUS,1,1,14,true,Available public-page wording has a potentially relevant but materially broad referent.,NONE,NOT_VALIDATED_STEP07,NOT_EVALUATED_STEP07,NOT_STARTED_STEP07,NONE
S07C000049,камень [1] как конструкционный либо облицовочный материал ◆ Дом из камня.,камень [1] как конструкционный либо облицовочный материал ◆ Дом из камня.,камень [1] как конструкционный либо облицовочный материал ◆ дом из камня.,RU,ATTRIBUTE,NO_EXACT_UPSTREAM_MATCH,AMBIGUOUS,NONE,NONE,NONE,AMBIGUOUS,HOLD_AMBIGUOUS,1,1,1,true,Available public-page wording has a potentially relevant but materially broad referent.,NONE,NOT_VALIDATED_STEP07,NOT_EVALUATED_STEP07,NOT_STARTED_STEP07,NONE
S07C000050,Мужские ассоциации к слову «деньги»,Мужские ассоциации к слову «деньги»,мужские ассоциации к слову «деньги»,RU,USE_CASE,NO_EXACT_UPSTREAM_MATCH,AMBIGUOUS,NONE,NONE,NONE,AMBIGUOUS,HOLD_AMBIGUOUS,1,1,1,true,Available public-page wording has a potentially relevant but materially broad referent.,NONE,NOT_VALIDATED_STEP07,NOT_EVALUATED_STEP07,NOT_STARTED_STEP07,NONE
S07C000051,Мужские ассоциации к слову «защита»,Мужские ассоциации к слову «защита»,мужские ассоциации к слову «защита»,RU,USE_CASE,NO_EXACT_UPSTREAM_MATCH,AMBIGUOUS,NONE,NONE,NONE,AMBIGUOUS,HOLD_AMBIGUOUS,1,1,1,true,Available public-page wording has a potentially relevant but materially broad referent.,NONE,NOT_VALIDATED_STEP07,NOT_EVALUATED_STEP07,NOT_STARTED_STEP07,NONE
S07C000052,"На Сахалине нет известки и хорошего камня, и потому каменных построек нет.","На Сахалине нет известки и хорошего камня, и потому каменных построек нет.","на сахалине нет известки и хорошего камня, и потому каменных построек нет.",RU,ATTRIBUTE,NO_EXACT_UPSTREAM_MATCH,AMBIGUOUS,NONE,NONE,NONE,AMBIGUOUS,HOLD_AMBIGUOUS,1,1,1,true,Available public-page wording has a potentially relevant but materially broad referent.,NONE,NOT_VALIDATED_STEP07,NOT_EVALUATED_STEP07,NOT_STARTED_STEP07,NONE
S07C000053,Нейтральные ассоциации к слову «деньги»,Нейтральные ассоциации к слову «деньги»,нейтральные ассоциации к слову «деньги»,RU,USE_CASE,NO_EXACT_UPSTREAM_MATCH,AMBIGUOUS,NONE,NONE,NONE,AMBIGUOUS,HOLD_AMBIGUOUS,1,1,1,true,Available public-page wording has a potentially relevant but materially broad referent.,NONE,NOT_VALIDATED_STEP07,NOT_EVALUATED_STEP07,NOT_STARTED_STEP07,NONE
S07C000054,Нейтральные ассоциации к слову «защита»,Нейтральные ассоциации к слову «защита»,нейтральные ассоциации к слову «защита»,RU,USE_CASE,NO_EXACT_UPSTREAM_MATCH,AMBIGUOUS,NONE,NONE,NONE,AMBIGUOUS,HOLD_AMBIGUOUS,1,1,1,true,Available public-page wording has a potentially relevant but materially broad referent.,NONE,NOT_VALIDATED_STEP07,NOT_EVALUATED_STEP07,NOT_STARTED_STEP07,NONE
S07C000055,"Они могли бы делать это сами, но правительство является более эффективной системой защиты прав.","Они могли бы делать это сами, но правительство является более эффективной системой защиты прав.","они могли бы делать это сами, но правительство является более эффективной системой защиты прав.",RU,USE_CASE,NO_EXACT_UPSTREAM_MATCH,AMBIGUOUS,NONE,NONE,NONE,AMBIGUOUS,HOLD_AMBIGUOUS,1,1,1,true,Available public-page wording has a potentially relevant but materially broad referent.,NONE,NOT_VALIDATED_STEP07,NOT_EVALUATED_STEP07,NOT_STARTED_STEP07,NONE
S07C000056,Пересчитать деньги.,Пересчитать деньги.,пересчитать деньги.,RU,USE_CASE,NO_EXACT_UPSTREAM_MATCH,AMBIGUOUS,NONE,NONE,NONE,AMBIGUOUS,HOLD_AMBIGUOUS,1,1,2,true,Available public-page wording has a potentially relevant but materially broad referent.,NONE,NOT_VALIDATED_STEP07,NOT_EVALUATED_STEP07,NOT_STARTED_STEP07,NONE
S07C000057,"По суеверным представлениям — предмет, приносящий обладателю его счастье, удачу и наделяющий его чудодейственной силой.","По суеверным представлениям — предмет, приносящий обладателю его счастье, удачу и наделяющий его чудодейственной силой.","по суеверным представлениям — предмет, приносящий обладателю его счастье, удачу и наделяющий его чудодейственной силой.",RU,USE_CASE,NO_EXACT_UPSTREAM_MATCH,AMBIGUOUS,NONE,NONE,NONE,AMBIGUOUS,HOLD_AMBIGUOUS,1,1,1,true,Available public-page wording has a potentially relevant but materially broad referent.,NONE,NOT_VALIDATED_STEP07,NOT_EVALUATED_STEP07,NOT_STARTED_STEP07,NONE
S07C000058,Понятия со словом «камень»,Понятия со словом «камень»,понятия со словом «камень»,RU,ATTRIBUTE,NO_EXACT_UPSTREAM_MATCH,AMBIGUOUS,NONE,NONE,NONE,AMBIGUOUS,HOLD_AMBIGUOUS,1,1,1,true,Available public-page wording has a potentially relevant but materially broad referent.,NONE,NOT_VALIDATED_STEP07,NOT_EVALUATED_STEP07,NOT_STARTED_STEP07,NONE
S07C000059,Предложения со словом «деньги»,Предложения со словом «деньги»,предложения со словом «деньги»,RU,USE_CASE,NO_EXACT_UPSTREAM_MATCH,AMBIGUOUS,NONE,NONE,NONE,AMBIGUOUS,HOLD_AMBIGUOUS,1,1,2,true,Available public-page wording has a potentially relevant but materially broad referent.,NONE,NOT_VALIDATED_STEP07,NOT_EVALUATED_STEP07,NOT_STARTED_STEP07,NONE
S07C000060,Предложения со словом «защита»,Предложения со словом «защита»,предложения со словом «защита»,RU,USE_CASE,NO_EXACT_UPSTREAM_MATCH,AMBIGUOUS,NONE,NONE,NONE,AMBIGUOUS,HOLD_AMBIGUOUS,1,1,2,true,Available public-page wording has a potentially relevant but materially broad referent.,NONE,NOT_VALIDATED_STEP07,NOT_EVALUATED_STEP07,NOT_STARTED_STEP07,NONE
S07C000061,Предложения со словом «камень»,Предложения со словом «камень»,предложения со словом «камень»,RU,ATTRIBUTE,NO_EXACT_UPSTREAM_MATCH,AMBIGUOUS,NONE,NONE,NONE,AMBIGUOUS,HOLD_AMBIGUOUS,1,1,2,true,Available public-page wording has a potentially relevant but materially broad referent.,NONE,NOT_VALIDATED_STEP07,NOT_EVALUATED_STEP07,NOT_STARTED_STEP07,NONE
S07C000062,"Предмет, который, по суеверным представлениям, наделен способностью приносить его владельцу счастье, удачу, избавлять от опасности, беды.","Предмет, который, по суеверным представлениям, наделен способностью приносить его владельцу счастье, удачу, избавлять от опасности, беды.","предмет, который, по суеверным представлениям, наделен способностью приносить его владельцу счастье, удачу, избавлять от опасности, беды.",RU,USE_CASE,NO_EXACT_UPSTREAM_MATCH,AMBIGUOUS,NONE,NONE,NONE,AMBIGUOUS,HOLD_AMBIGUOUS,1,2,3,true,Available public-page wording has a potentially relevant but materially broad referent.,NONE,NOT_VALIDATED_STEP07,NOT_EVALUATED_STEP07,NOT_STARTED_STEP07,NONE
S07C000063,Разменять деньги.,Разменять деньги.,разменять деньги.,RU,USE_CASE,NO_EXACT_UPSTREAM_MATCH,AMBIGUOUS,NONE,NONE,NONE,AMBIGUOUS,HOLD_AMBIGUOUS,1,1,2,true,Available public-page wording has a potentially relevant but materially broad referent.,NONE,NOT_VALIDATED_STEP07,NOT_EVALUATED_STEP07,NOT_STARTED_STEP07,NONE
S07C000064,СИМВОЛ,СИМВОЛ,символ,RU,TERMINOLOGY,NO_EXACT_UPSTREAM_MATCH,AMBIGUOUS,NONE,NONE,NONE,AMBIGUOUS,HOLD_AMBIGUOUS,1,1,14,true,Available public-page wording has a potentially relevant but materially broad referent.,NONE,NOT_VALIDATED_STEP07,NOT_EVALUATED_STEP07,NOT_STARTED_STEP07,NONE
S07C000065,Синонимы к слову «деньги»,Синонимы к слову «деньги»,синонимы к слову «деньги»,RU,USE_CASE,NO_EXACT_UPSTREAM_MATCH,AMBIGUOUS,NONE,NONE,NONE,AMBIGUOUS,HOLD_AMBIGUOUS,1,1,2,true,Available public-page wording has a potentially relevant but materially broad referent.,NONE,NOT_VALIDATED_STEP07,NOT_EVALUATED_STEP07,NOT_STARTED_STEP07,NONE
S07C000066,Синонимы к слову «защита»,Синонимы к слову «защита»,синонимы к слову «защита»,RU,USE_CASE,NO_EXACT_UPSTREAM_MATCH,AMBIGUOUS,NONE,NONE,NONE,AMBIGUOUS,HOLD_AMBIGUOUS,1,1,2,true,Available public-page wording has a potentially relevant but materially broad referent.,NONE,NOT_VALIDATED_STEP07,NOT_EVALUATED_STEP07,NOT_STARTED_STEP07,NONE
S07C000067,Синонимы к слову «камень»,Синонимы к слову «камень»,синонимы к слову «камень»,RU,ATTRIBUTE,NO_EXACT_UPSTREAM_MATCH,AMBIGUOUS,NONE,NONE,NONE,AMBIGUOUS,HOLD_AMBIGUOUS,1,1,2,true,Available public-page wording has a potentially relevant but materially broad referent.,NONE,NOT_VALIDATED_STEP07,NOT_EVALUATED_STEP07,NOT_STARTED_STEP07,NONE
S07C000068,Слово «деньги» ассоциируется со словами,Слово «деньги» ассоциируется со словами,слово «деньги» ассоциируется со словами,RU,USE_CASE,NO_EXACT_UPSTREAM_MATCH,AMBIGUOUS,NONE,NONE,NONE,AMBIGUOUS,HOLD_AMBIGUOUS,1,1,1,true,Available public-page wording has a potentially relevant but materially broad referent.,NONE,NOT_VALIDATED_STEP07,NOT_EVALUATED_STEP07,NOT_STARTED_STEP07,NONE
S07C000069,Слово «защита» ассоциируется со словами,Слово «защита» ассоциируется со словами,слово «защита» ассоциируется со словами,RU,USE_CASE,NO_EXACT_UPSTREAM_MATCH,AMBIGUOUS,NONE,NONE,NONE,AMBIGUOUS,HOLD_AMBIGUOUS,1,1,1,true,Available public-page wording has a potentially relevant but materially broad referent.,NONE,NOT_VALIDATED_STEP07,NOT_EVALUATED_STEP07,NOT_STARTED_STEP07,NONE
S07C000070,Служебные программы Windows являются довольно эффективным и мощным средством защиты системы и данных.,Служебные программы Windows являются довольно эффективным и мощным средством защиты системы и данных.,служебные программы windows являются довольно эффективным и мощным средством защиты системы и данных.,MIXED,USE_CASE,NO_EXACT_UPSTREAM_MATCH,AMBIGUOUS,NONE,NONE,NONE,AMBIGUOUS,HOLD_AMBIGUOUS,1,1,1,true,Available public-page wording has a potentially relevant but materially broad referent.,NONE,NOT_VALIDATED_STEP07,NOT_EVALUATED_STEP07,NOT_STARTED_STEP07,NONE
S07C000071,Со словом «деньги» ассоциируются слова,Со словом «деньги» ассоциируются слова,со словом «деньги» ассоциируются слова,RU,USE_CASE,NO_EXACT_UPSTREAM_MATCH,AMBIGUOUS,NONE,NONE,NONE,AMBIGUOUS,HOLD_AMBIGUOUS,1,1,1,true,Available public-page wording has a potentially relevant but materially broad referent.,NONE,NOT_VALIDATED_STEP07,NOT_EVALUATED_STEP07,NOT_STARTED_STEP07,NONE
S07C000072,Со словом «защита» ассоциируются слова,Со словом «защита» ассоциируются слова,со словом «защита» ассоциируются слова,RU,USE_CASE,NO_EXACT_UPSTREAM_MATCH,AMBIGUOUS,NONE,NONE,NONE,AMBIGUOUS,HOLD_AMBIGUOUS,1,1,1,true,Available public-page wording has a potentially relevant but materially broad referent.,NONE,NOT_VALIDATED_STEP07,NOT_EVALUATED_STEP07,NOT_STARTED_STEP07,NONE
S07C000073,Со словом «защита» ассоциируются фразы,Со словом «защита» ассоциируются фразы,со словом «защита» ассоциируются фразы,RU,USE_CASE,NO_EXACT_UPSTREAM_MATCH,AMBIGUOUS,NONE,NONE,NONE,AMBIGUOUS,HOLD_AMBIGUOUS,1,1,1,true,Available public-page wording has a potentially relevant but materially broad referent.,NONE,NOT_VALIDATED_STEP07,NOT_EVALUATED_STEP07,NOT_STARTED_STEP07,NONE
S07C000074,Сочетаемость слова «деньги»,Сочетаемость слова «деньги»,сочетаемость слова «деньги»,RU,USE_CASE,NO_EXACT_UPSTREAM_MATCH,AMBIGUOUS,NONE,NONE,NONE,AMBIGUOUS,HOLD_AMBIGUOUS,1,1,2,true,Available public-page wording has a potentially relevant but materially broad referent.,NONE,NOT_VALIDATED_STEP07,NOT_EVALUATED_STEP07,NOT_STARTED_STEP07,NONE
S07C000075,Сочетаемость слова «защита»,Сочетаемость слова «защита»,сочетаемость слова «защита»,RU,USE_CASE,NO_EXACT_UPSTREAM_MATCH,AMBIGUOUS,NONE,NONE,NONE,AMBIGUOUS,HOLD_AMBIGUOUS,1,1,2,true,Available public-page wording has a potentially relevant but materially broad referent.,NONE,NOT_VALIDATED_STEP07,NOT_EVALUATED_STEP07,NOT_STARTED_STEP07,NONE
S07C000076,Сочетаемость слова «камень»,Сочетаемость слова «камень»,сочетаемость слова «камень»,RU,ATTRIBUTE,NO_EXACT_UPSTREAM_MATCH,AMBIGUOUS,NONE,NONE,NONE,AMBIGUOUS,HOLD_AMBIGUOUS,1,1,2,true,Available public-page wording has a potentially relevant but materially broad referent.,NONE,NOT_VALIDATED_STEP07,NOT_EVALUATED_STEP07,NOT_STARTED_STEP07,NONE
S07C000077,10 схем вышивки крестиком для дизайна детской,10 схем вышивки крестиком для дизайна детской,10 схем вышивки крестиком для дизайна детской,RU,ATTRIBUTE,NO_EXACT_UPSTREAM_MATCH,NEW_CANDIDATE,NONE,NONE,NONE,DISTINCT_PENDING_LATER_ANALYSIS,ELIGIBLE_NEW_CANDIDATE,1,1,1,false,NONE,NONE,NOT_VALIDATED_STEP07,NOT_EVALUATED_STEP07,NOT_STARTED_STEP07,NONE
S07C000078,[Муров:] Добрые люди обещали мне никогда не снимать с него [сына] медальона.,[Муров:] Добрые люди обещали мне никогда не снимать с него [сына] медальона.,[муров:] добрые люди обещали мне никогда не снимать с него [сына] медальона.,RU,INFORMATIONAL_FORMULATION,NO_EXACT_UPSTREAM_MATCH,NEW_CANDIDATE,NONE,NONE,NONE,DISTINCT_PENDING_LATER_ANALYSIS,ELIGIBLE_NEW_CANDIDATE,1,1,1,false,NONE,NONE,NOT_VALIDATED_STEP07,NOT_EVALUATED_STEP07,NOT_STARTED_STEP07,NONE
S07C000079,"amuletum, с араб.].","amuletum, с араб.].","amuletum, с араб.].",MIXED,TERMINOLOGY,NO_EXACT_UPSTREAM_MATCH,NEW_CANDIDATE,NONE,NONE,NONE,DISTINCT_PENDING_LATER_ANALYSIS,ELIGIBLE_NEW_CANDIDATE,1,1,1,false,NONE,NONE,NOT_VALIDATED_STEP07,NOT_EVALUATED_STEP07,NOT_STARTED_STEP07,NONE
S07C000080,amuletum],amuletum],amuletum],EN,TERMINOLOGY,NO_EXACT_UPSTREAM_MATCH,NEW_CANDIDATE,NONE,NONE,NONE,DISTINCT_PENDING_LATER_ANALYSIS,ELIGIBLE_NEW_CANDIDATE,1,1,1,false,NONE,NONE,NOT_VALIDATED_STEP07,NOT_EVALUATED_STEP07,NOT_STARTED_STEP07,NONE
S07C000081,talisman из араб.],talisman из араб.],talisman из араб.],MIXED,TERMINOLOGY,NO_EXACT_UPSTREAM_MATCH,NEW_CANDIDATE,NONE,NONE,NONE,DISTINCT_PENDING_LATER_ANALYSIS,ELIGIBLE_NEW_CANDIDATE,1,1,1,false,NONE,NONE,NOT_VALIDATED_STEP07,NOT_EVALUATED_STEP07,NOT_STARTED_STEP07,NONE
S07C000082,talisman с араб.].,talisman с араб.].,talisman с араб.].,MIXED,TERMINOLOGY,NO_EXACT_UPSTREAM_MATCH,NEW_CANDIDATE,NONE,NONE,NONE,DISTINCT_PENDING_LATER_ANALYSIS,ELIGIBLE_NEW_CANDIDATE,1,1,1,false,NONE,NONE,NOT_VALIDATED_STEP07,NOT_EVALUATED_STEP07,NOT_STARTED_STEP07,NONE
S07C000083,А на груди висел серебряный медальон в виде перевёрнутой пентаграммы.,А на груди висел серебряный медальон в виде перевёрнутой пентаграммы.,а на груди висел серебряный медальон в виде перевёрнутой пентаграммы.,RU,ATTRIBUTE,NO_EXACT_UPSTREAM_MATCH,NEW_CANDIDATE,NONE,NONE,NONE,DISTINCT_PENDING_LATER_ANALYSIS,ELIGIBLE_NEW_CANDIDATE,1,1,1,false,NONE,NONE,NOT_VALIDATED_STEP07,NOT_EVALUATED_STEP07,NOT_STARTED_STEP07,NONE
S07C000084,"Алатырь можно назвать одним из самых сильных славянских оберегов, которому приписывают множество свойств.","Алатырь можно назвать одним из самых сильных славянских оберегов, которому приписывают множество свойств.","алатырь можно назвать одним из самых сильных славянских оберегов, которому приписывают множество свойств.",RU,INFORMATIONAL_FORMULATION,NO_EXACT_UPSTREAM_MATCH,NEW_CANDIDATE,NONE,NONE,NONE,DISTINCT_PENDING_LATER_ANALYSIS,ELIGIBLE_NEW_CANDIDATE,1,1,1,false,NONE,NONE,NOT_VALIDATED_STEP07,NOT_EVALUATED_STEP07,NOT_STARTED_STEP07,NONE
S07C000085,"Антон Платов, «Славянские руны», 2001 г.","Антон Платов, «Славянские руны», 2001 г.","антон платов, «славянские руны», 2001 г.",RU,INFORMATIONAL_FORMULATION,NO_EXACT_UPSTREAM_MATCH,NEW_CANDIDATE,NONE,NONE,NONE,DISTINCT_PENDING_LATER_ANALYSIS,ELIGIBLE_NEW_CANDIDATE,1,1,1,false,NONE,NONE,NOT_VALIDATED_STEP07,NOT_EVALUATED_STEP07,NOT_STARTED_STEP07,NONE
S07C000086,"Арканы Таро, коды тайных обществ и значения древних артефактов","Арканы Таро, коды тайных обществ и значения древних артефактов","арканы таро, коды тайных обществ и значения древних артефактов",RU,INFORMATIONAL_FORMULATION,NO_EXACT_UPSTREAM_MATCH,NEW_CANDIDATE,NONE,NONE,NONE,DISTINCT_PENDING_LATER_ANALYSIS,ELIGIBLE_NEW_CANDIDATE,1,1,1,false,NONE,NONE,NOT_VALIDATED_STEP07,NOT_EVALUATED_STEP07,NOT_STARTED_STEP07,NONE
S07C000087,Ассоциации к словосочетанию «рунические знаки»,Ассоциации к словосочетанию «рунические знаки»,ассоциации к словосочетанию «рунические знаки»,RU,INFORMATIONAL_FORMULATION,NO_EXACT_UPSTREAM_MATCH,NEW_CANDIDATE,NONE,NONE,NONE,DISTINCT_PENDING_LATER_ANALYSIS,ELIGIBLE_NEW_CANDIDATE,1,1,1,false,NONE,NONE,NOT_VALIDATED_STEP07,NOT_EVALUATED_STEP07,NOT_STARTED_STEP07,NONE
S07C000088,Ассоциации к словосочетанию РУНИЧЕСКИЕ ЗНАКИ (словарь ассоциаций русского языка),Ассоциации к словосочетанию РУНИЧЕСКИЕ ЗНАКИ (словарь ассоциаций русского языка),ассоциации к словосочетанию рунические знаки (словарь ассоциаций русского языка),RU,INFORMATIONAL_FORMULATION,NO_EXACT_UPSTREAM_MATCH,NEW_CANDIDATE,NONE,NONE,NONE,DISTINCT_PENDING_LATER_ANALYSIS,ELIGIBLE_NEW_CANDIDATE,1,1,1,false,NONE,NONE,NOT_VALIDATED_STEP07,NOT_EVALUATED_STEP07,NOT_STARTED_STEP07,NONE
S07C000089,Ассоциации к слову «амулет»,Ассоциации к слову «амулет»,ассоциации к слову «амулет»,RU,INFORMATIONAL_FORMULATION,NO_EXACT_UPSTREAM_MATCH,NEW_CANDIDATE,NONE,NONE,NONE,DISTINCT_PENDING_LATER_ANALYSIS,ELIGIBLE_NEW_CANDIDATE,1,2,3,false,NONE,NONE,NOT_VALIDATED_STEP07,NOT_EVALUATED_STEP07,NOT_STARTED_STEP07,NONE
S07C000090,Ассоциации к слову «кулон»,Ассоциации к слову «кулон»,ассоциации к слову «кулон»,RU,INFORMATIONAL_FORMULATION,NO_EXACT_UPSTREAM_MATCH,NEW_CANDIDATE,NONE,NONE,NONE,DISTINCT_PENDING_LATER_ANALYSIS,ELIGIBLE_NEW_CANDIDATE,1,1,1,false,NONE,NONE,NOT_VALIDATED_STEP07,NOT_EVALUATED_STEP07,NOT_STARTED_STEP07,NONE
S07C000091,Ассоциации к слову «медальон»,Ассоциации к слову «медальон»,ассоциации к слову «медальон»,RU,INFORMATIONAL_FORMULATION,NO_EXACT_UPSTREAM_MATCH,NEW_CANDIDATE,NONE,NONE,NONE,DISTINCT_PENDING_LATER_ANALYSIS,ELIGIBLE_NEW_CANDIDATE,1,1,1,false,NONE,NONE,NOT_VALIDATED_STEP07,NOT_EVALUATED_STEP07,NOT_STARTED_STEP07,NONE
S07C000092,Ассоциации к слову «оберег»,Ассоциации к слову «оберег»,ассоциации к слову «оберег»,RU,INFORMATIONAL_FORMULATION,NO_EXACT_UPSTREAM_MATCH,NEW_CANDIDATE,NONE,NONE,NONE,DISTINCT_PENDING_LATER_ANALYSIS,ELIGIBLE_NEW_CANDIDATE,1,1,1,false,NONE,NONE,NOT_VALIDATED_STEP07,NOT_EVALUATED_STEP07,NOT_STARTED_STEP07,NONE
S07C000093,Ассоциации к слову «руна»,Ассоциации к слову «руна»,ассоциации к слову «руна»,RU,INFORMATIONAL_FORMULATION,NO_EXACT_UPSTREAM_MATCH,NEW_CANDIDATE,NONE,NONE,NONE,DISTINCT_PENDING_LATER_ANALYSIS,ELIGIBLE_NEW_CANDIDATE,1,2,3,false,NONE,NONE,NOT_VALIDATED_STEP07,NOT_EVALUATED_STEP07,NOT_STARTED_STEP07,NONE
S07C000094,Ассоциации к слову «талисман»,Ассоциации к слову «талисман»,ассоциации к слову «талисман»,RU,INFORMATIONAL_FORMULATION,NO_EXACT_UPSTREAM_MATCH,NEW_CANDIDATE,NONE,NONE,NONE,DISTINCT_PENDING_LATER_ANALYSIS,ELIGIBLE_NEW_CANDIDATE,1,2,3,false,NONE,NONE,NOT_VALIDATED_STEP07,NOT_EVALUATED_STEP07,NOT_STARTED_STEP07,NONE
S07C000095,Ассоциации к слову АМУЛЕТ (словарь ассоциаций русского языка),Ассоциации к слову АМУЛЕТ (словарь ассоциаций русского языка),ассоциации к слову амулет (словарь ассоциаций русского языка),RU,INFORMATIONAL_FORMULATION,NO_EXACT_UPSTREAM_MATCH,NEW_CANDIDATE,NONE,NONE,NONE,DISTINCT_PENDING_LATER_ANALYSIS,ELIGIBLE_NEW_CANDIDATE,1,1,1,false,NONE,NONE,NOT_VALIDATED_STEP07,NOT_EVALUATED_STEP07,NOT_STARTED_STEP07,NONE
S07C000096,Ассоциации к слову КУЛОН (словарь ассоциаций русского языка),Ассоциации к слову КУЛОН (словарь ассоциаций русского языка),ассоциации к слову кулон (словарь ассоциаций русского языка),RU,INFORMATIONAL_FORMULATION,NO_EXACT_UPSTREAM_MATCH,NEW_CANDIDATE,NONE,NONE,NONE,DISTINCT_PENDING_LATER_ANALYSIS,ELIGIBLE_NEW_CANDIDATE,1,1,1,false,NONE,NONE,NOT_VALIDATED_STEP07,NOT_EVALUATED_STEP07,NOT_STARTED_STEP07,NONE
S07C000097,Ассоциации к слову МЕДАЛЬОН (словарь ассоциаций русского языка),Ассоциации к слову МЕДАЛЬОН (словарь ассоциаций русского языка),ассоциации к слову медальон (словарь ассоциаций русского языка),RU,INFORMATIONAL_FORMULATION,NO_EXACT_UPSTREAM_MATCH,NEW_CANDIDATE,NONE,NONE,NONE,DISTINCT_PENDING_LATER_ANALYSIS,ELIGIBLE_NEW_CANDIDATE,1,1,1,false,NONE,NONE,NOT_VALIDATED_STEP07,NOT_EVALUATED_STEP07,NOT_STARTED_STEP07,NONE
S07C000098,Ассоциации к слову ОБЕРЕГ (словарь ассоциаций русского языка),Ассоциации к слову ОБЕРЕГ (словарь ассоциаций русского языка),ассоциации к слову оберег (словарь ассоциаций русского языка),RU,INFORMATIONAL_FORMULATION,NO_EXACT_UPSTREAM_MATCH,NEW_CANDIDATE,NONE,NONE,NONE,DISTINCT_PENDING_LATER_ANALYSIS,ELIGIBLE_NEW_CANDIDATE,1,1,1,false,NONE,NONE,NOT_VALIDATED_STEP07,NOT_EVALUATED_STEP07,NOT_STARTED_STEP07,NONE
S07C000099,Ассоциации к слову РУНА (словарь ассоциаций русского языка),Ассоциации к слову РУНА (словарь ассоциаций русского языка),ассоциации к слову руна (словарь ассоциаций русского языка),RU,INFORMATIONAL_FORMULATION,NO_EXACT_UPSTREAM_MATCH,NEW_CANDIDATE,NONE,NONE,NONE,DISTINCT_PENDING_LATER_ANALYSIS,ELIGIBLE_NEW_CANDIDATE,1,1,1,false,NONE,NONE,NOT_VALIDATED_STEP07,NOT_EVALUATED_STEP07,NOT_STARTED_STEP07,NONE
S07C000100,Ассоциации к слову ТАЛИСМАН (словарь ассоциаций русского языка),Ассоциации к слову ТАЛИСМАН (словарь ассоциаций русского языка),ассоциации к слову талисман (словарь ассоциаций русского языка),RU,INFORMATIONAL_FORMULATION,NO_EXACT_UPSTREAM_MATCH,NEW_CANDIDATE,NONE,NONE,NONE,DISTINCT_PENDING_LATER_ANALYSIS,ELIGIBLE_NEW_CANDIDATE,1,1,1,false,NONE,NONE,NOT_VALIDATED_STEP07,NOT_EVALUATED_STEP07,NOT_STARTED_STEP07,NONE
S07C000101,Афоризмы русских писателей со словом «талисман»,Афоризмы русских писателей со словом «талисман»,афоризмы русских писателей со словом «талисман»,RU,INFORMATIONAL_FORMULATION,NO_EXACT_UPSTREAM_MATCH,NEW_CANDIDATE,NONE,NONE,NONE,DISTINCT_PENDING_LATER_ANALYSIS,ELIGIBLE_NEW_CANDIDATE,1,2,2,false,NONE,NONE,NOT_VALIDATED_STEP07,NOT_EVALUATED_STEP07,NOT_STARTED_STEP07,NONE
S07C000102,Белобог (Белбог),Белобог (Белбог),белобог (белбог),RU,TERMINOLOGY,NO_EXACT_UPSTREAM_MATCH,NEW_CANDIDATE,NONE,NONE,NONE,DISTINCT_PENDING_LATER_ANALYSIS,ELIGIBLE_NEW_CANDIDATE,1,1,1,false,NONE,NONE,NOT_VALIDATED_STEP07,NOT_EVALUATED_STEP07,NOT_STARTED_STEP07,NONE
S07C000103,"Белобог будет помогать людям с чистыми помыслами, со светлой душой, но не поможет человеку нечестивому, корыстному и лживому.","Белобог будет помогать людям с чистыми помыслами, со светлой душой, но не поможет человеку нечестивому, корыстному и лживому.","белобог будет помогать людям с чистыми помыслами, со светлой душой, но не поможет человеку нечестивому, корыстному и лживому.",RU,USE_CASE,NO_EXACT_UPSTREAM_MATCH,NEW_CANDIDATE,NONE,NONE,NONE,DISTINCT_PENDING_LATER_ANALYSIS,ELIGIBLE_NEW_CANDIDATE,1,1,1,false,NONE,NONE,NOT_VALIDATED_STEP07,NOT_EVALUATED_STEP07,NOT_STARTED_STEP07,NONE
S07C000104,"Беременные женщины, оказавшиеся под покровительством символа, испытывают минимальные трудности при развитии беременности и при родах.","Беременные женщины, оказавшиеся под покровительством символа, испытывают минимальные трудности при развитии беременности и при родах.","беременные женщины, оказавшиеся под покровительством символа, испытывают минимальные трудности при развитии беременности и при родах.",RU,INFORMATIONAL_FORMULATION,NO_EXACT_UPSTREAM_MATCH,NEW_CANDIDATE,NONE,NONE,NONE,DISTINCT_PENDING_LATER_ANALYSIS,ELIGIBLE_NEW_CANDIDATE,1,1,1,false,NONE,NONE,NOT_VALIDATED_STEP07,NOT_EVALUATED_STEP07,NOT_STARTED_STEP07,NONE
S07C000105,Беременным поможет выносить и родить сильное духом потомство.,Беременным поможет выносить и родить сильное духом потомство.,беременным поможет выносить и родить сильное духом потомство.,RU,INFORMATIONAL_FORMULATION,NO_EXACT_UPSTREAM_MATCH,NEW_CANDIDATE,NONE,NONE,NONE,DISTINCT_PENDING_LATER_ANALYSIS,ELIGIBLE_NEW_CANDIDATE,1,1,1,false,NONE,NONE,NOT_VALIDATED_STEP07,NOT_EVALUATED_STEP07,NOT_STARTED_STEP07,NONE
S07C000106,"Боговник и Родовик — два зеркальных символа, дополняющих друг друга.","Боговник и Родовик — два зеркальных символа, дополняющих друг друга.","боговник и родовик — два зеркальных символа, дополняющих друг друга.",RU,INFORMATIONAL_FORMULATION,NO_EXACT_UPSTREAM_MATCH,NEW_CANDIDATE,NONE,NONE,NONE,DISTINCT_PENDING_LATER_ANALYSIS,ELIGIBLE_NEW_CANDIDATE,1,1,1,false,NONE,NONE,NOT_VALIDATED_STEP07,NOT_EVALUATED_STEP07,NOT_STARTED_STEP07,NONE
S07C000107,Бычья голова (Голова быка),Бычья голова (Голова быка),бычья голова (голова быка),RU,TERMINOLOGY,NO_EXACT_UPSTREAM_MATCH,NEW_CANDIDATE,NONE,NONE,NONE,DISTINCT_PENDING_LATER_ANALYSIS,ELIGIBLE_NEW_CANDIDATE,1,1,1,false,NONE,NONE,NOT_VALIDATED_STEP07,NOT_EVALUATED_STEP07,NOT_STARTED_STEP07,NONE
S07C000108,"В книге представлены 73 символа с описанием их обережных свойств, области применения и схемами для вышивания крестом.","В книге представлены 73 символа с описанием их обережных свойств, области применения и схемами для вышивания крестом.","в книге представлены 73 символа с описанием их обережных свойств, области применения и схемами для вышивания крестом.",RU,ATTRIBUTE,NO_EXACT_UPSTREAM_MATCH,NEW_CANDIDATE,NONE,NONE,NONE,DISTINCT_PENDING_LATER_ANALYSIS,ELIGIBLE_NEW_CANDIDATE,1,1,1,false,NONE,NONE,NOT_VALIDATED_STEP07,NOT_EVALUATED_STEP07,NOT_STARTED_STEP07,NONE
S07C000109,"В мире происходит вечная борьба света и тьмы: день сменяется ночью, а добро соревнуется со злом.","В мире происходит вечная борьба света и тьмы: день сменяется ночью, а добро соревнуется со злом.","в мире происходит вечная борьба света и тьмы: день сменяется ночью, а добро соревнуется со злом.",RU,USE_CASE,NO_EXACT_UPSTREAM_MATCH,NEW_CANDIDATE,NONE,NONE,NONE,DISTINCT_PENDING_LATER_ANALYSIS,ELIGIBLE_NEW_CANDIDATE,1,1,1,false,NONE,NONE,NOT_VALIDATED_STEP07,NOT_EVALUATED_STEP07,NOT_STARTED_STEP07,NONE
S07C000110,"В нём заключена мудрость, сила и величие ПриРоды и тех сил, которые управляют нашим миром.","В нём заключена мудрость, сила и величие ПриРоды и тех сил, которые управляют нашим миром.","в нём заключена мудрость, сила и величие природы и тех сил, которые управляют нашим миром.",RU,INFORMATIONAL_FORMULATION,NO_EXACT_UPSTREAM_MATCH,NEW_CANDIDATE,NONE,NONE,NONE,DISTINCT_PENDING_LATER_ANALYSIS,ELIGIBLE_NEW_CANDIDATE,1,1,1,false,NONE,NONE,NOT_VALIDATED_STEP07,NOT_EVALUATED_STEP07,NOT_STARTED_STEP07,NONE
S07C000111,"В этом состоит основополагающее значение Алатыря, он — символ светлой, созидательной, незыблемой силы мифологического «бел горюч камня».","В этом состоит основополагающее значение Алатыря, он — символ светлой, созидательной, незыблемой силы мифологического «бел горюч камня».","в этом состоит основополагающее значение алатыря, он — символ светлой, созидательной, незыблемой силы мифологического «бел горюч камня».",RU,INFORMATIONAL_FORMULATION,NO_EXACT_UPSTREAM_MATCH,NEW_CANDIDATE,NONE,NONE,NONE,DISTINCT_PENDING_LATER_ANALYSIS,ELIGIBLE_NEW_CANDIDATE,1,1,1,false,NONE,NONE,NOT_VALIDATED_STEP07,NOT_EVALUATED_STEP07,NOT_STARTED_STEP07,NONE
S07C000112,Вам также может быть интересно,Вам также может быть интересно,вам также может быть интересно,RU,TERMINOLOGY,NO_EXACT_UPSTREAM_MATCH,NEW_CANDIDATE,NONE,NONE,NONE,DISTINCT_PENDING_LATER_ANALYSIS,ELIGIBLE_NEW_CANDIDATE,1,1,1,false,NONE,NONE,NOT_VALIDATED_STEP07,NOT_EVALUATED_STEP07,NOT_STARTED_STEP07,NONE
S07C000113,"Верили, что амулет способен прогнать болезни и восстановить энергию жизни.","Верили, что амулет способен прогнать болезни и восстановить энергию жизни.","верили, что амулет способен прогнать болезни и восстановить энергию жизни.",RU,USE_CASE,NO_EXACT_UPSTREAM_MATCH,NEW_CANDIDATE,NONE,NONE,NONE,DISTINCT_PENDING_LATER_ANALYSIS,ELIGIBLE_NEW_CANDIDATE,1,1,1,false,NONE,NONE,NOT_VALIDATED_STEP07,NOT_EVALUATED_STEP07,NOT_STARTED_STEP07,NONE
S07C000114,"Вий — бог Нави, духовного мира, поэтому и символ его несёт, прежде всего, духовный смысл.","Вий — бог Нави, духовного мира, поэтому и символ его несёт, прежде всего, духовный смысл.","вий — бог нави, духовного мира, поэтому и символ его несёт, прежде всего, духовный смысл.",RU,INFORMATIONAL_FORMULATION,NO_EXACT_UPSTREAM_MATCH,NEW_CANDIDATE,NONE,NONE,NONE,DISTINCT_PENDING_LATER_ANALYSIS,ELIGIBLE_NEW_CANDIDATE,1,1,1,false,NONE,NONE,NOT_VALIDATED_STEP07,NOT_EVALUATED_STEP07,NOT_STARTED_STEP07,NONE
S07C000115,Включённый в вышивку на одежде символ:,Включённый в вышивку на одежде символ:,включённый в вышивку на одежде символ:,RU,ATTRIBUTE,NO_EXACT_UPSTREAM_MATCH,NEW_CANDIDATE,NONE,NONE,NONE,DISTINCT_PENDING_LATER_ANALYSIS,ELIGIBLE_NEW_CANDIDATE,1,1,1,false,NONE,NONE,NOT_VALIDATED_STEP07,NOT_EVALUATED_STEP07,NOT_STARTED_STEP07,NONE
S07C000116,"Вместе с этим они, безусловно, похожи, так как все относятся к солярным символам.","Вместе с этим они, безусловно, похожи, так как все относятся к солярным символам.","вместе с этим они, безусловно, похожи, так как все относятся к солярным символам.",RU,INFORMATIONAL_FORMULATION,NO_EXACT_UPSTREAM_MATCH,NEW_CANDIDATE,NONE,NONE,NONE,DISTINCT_PENDING_LATER_ANALYSIS,ELIGIBLE_NEW_CANDIDATE,1,1,1,false,NONE,NONE,NOT_VALIDATED_STEP07,NOT_EVALUATED_STEP07,NOT_STARTED_STEP07,NONE
S07C000117,Вместо этого она сняла с шеи золотой медальон и запихнула в шкатулку.,Вместо этого она сняла с шеи золотой медальон и запихнула в шкатулку.,вместо этого она сняла с шеи золотой медальон и запихнула в шкатулку.,RU,ATTRIBUTE,NO_EXACT_UPSTREAM_MATCH,NEW_CANDIDATE,NONE,NONE,NONE,DISTINCT_PENDING_LATER_ANALYSIS,ELIGIBLE_NEW_CANDIDATE,1,1,1,false,NONE,NONE,NOT_VALIDATED_STEP07,NOT_EVALUATED_STEP07,NOT_STARTED_STEP07,NONE
S07C000118,Внутри лежал серебряный кулон в виде сердечка.,Внутри лежал серебряный кулон в виде сердечка.,внутри лежал серебряный кулон в виде сердечка.,RU,ATTRIBUTE,NO_EXACT_UPSTREAM_MATCH,NEW_CANDIDATE,NONE,NONE,NONE,DISTINCT_PENDING_LATER_ANALYSIS,ELIGIBLE_NEW_CANDIDATE,1,1,1,false,NONE,NONE,NOT_VALIDATED_STEP07,NOT_EVALUATED_STEP07,NOT_STARTED_STEP07,NONE
S07C000119,"Во многих источниках говорится, что Всеславец является универсальным, если используется в бытовом обиходе.","Во многих источниках говорится, что Всеславец является универсальным, если используется в бытовом обиходе.","во многих источниках говорится, что всеславец является универсальным, если используется в бытовом обиходе.",RU,INFORMATIONAL_FORMULATION,NO_EXACT_UPSTREAM_MATCH,NEW_CANDIDATE,NONE,NONE,NONE,DISTINCT_PENDING_LATER_ANALYSIS,ELIGIBLE_NEW_CANDIDATE,1,1,1,false,NONE,NONE,NOT_VALIDATED_STEP07,NOT_EVALUATED_STEP07,NOT_STARTED_STEP07,NONE
S07C000120,Воинам поможет обрести славу и почёт.,Воинам поможет обрести славу и почёт.,воинам поможет обрести славу и почёт.,RU,INFORMATIONAL_FORMULATION,NO_EXACT_UPSTREAM_MATCH,NEW_CANDIDATE,NONE,NONE,NONE,DISTINCT_PENDING_LATER_ANALYSIS,ELIGIBLE_NEW_CANDIDATE,1,1,1,false,NONE,NONE,NOT_VALIDATED_STEP07,NOT_EVALUATED_STEP07,NOT_STARTED_STEP07,NONE
S07C000121,Волхвы использовали символ для управления природными стихиями.,Волхвы использовали символ для управления природными стихиями.,волхвы использовали символ для управления природными стихиями.,RU,USE_CASE,NO_EXACT_UPSTREAM_MATCH,NEW_CANDIDATE,NONE,NONE,NONE,DISTINCT_PENDING_LATER_ANALYSIS,ELIGIBLE_NEW_CANDIDATE,1,1,1,false,NONE,NONE,NOT_VALIDATED_STEP07,NOT_EVALUATED_STEP07,NOT_STARTED_STEP07,NONE
S07C000122,Все значения слова АМУЛЕТ,Все значения слова АМУЛЕТ,все значения слова амулет,RU,TERMINOLOGY,NO_EXACT_UPSTREAM_MATCH,NEW_CANDIDATE,NONE,NONE,NONE,DISTINCT_PENDING_LATER_ANALYSIS,ELIGIBLE_NEW_CANDIDATE,1,1,1,false,NONE,NONE,NOT_VALIDATED_STEP07,NOT_EVALUATED_STEP07,NOT_STARTED_STEP07,NONE
S07C000123,Все значения слова КУЛОН,Все значения слова КУЛОН,все значения слова кулон,RU,TERMINOLOGY,NO_EXACT_UPSTREAM_MATCH,NEW_CANDIDATE,NONE,NONE,NONE,DISTINCT_PENDING_LATER_ANALYSIS,ELIGIBLE_NEW_CANDIDATE,1,1,1,false,NONE,NONE,NOT_VALIDATED_STEP07,NOT_EVALUATED_STEP07,NOT_STARTED_STEP07,NONE
S07C000124,Все значения слова МЕДАЛЬОН,Все значения слова МЕДАЛЬОН,все значения слова медальон,RU,TERMINOLOGY,NO_EXACT_UPSTREAM_MATCH,NEW_CANDIDATE,NONE,NONE,NONE,DISTINCT_PENDING_LATER_ANALYSIS,ELIGIBLE_NEW_CANDIDATE,1,1,1,false,NONE,NONE,NOT_VALIDATED_STEP07,NOT_EVALUATED_STEP07,NOT_STARTED_STEP07,NONE
S07C000125,Все значения слова ОБЕРЕГ,Все значения слова ОБЕРЕГ,все значения слова оберег,RU,TERMINOLOGY,NO_EXACT_UPSTREAM_MATCH,NEW_CANDIDATE,NONE,NONE,NONE,DISTINCT_PENDING_LATER_ANALYSIS,ELIGIBLE_NEW_CANDIDATE,1,1,1,false,NONE,NONE,NOT_VALIDATED_STEP07,NOT_EVALUATED_STEP07,NOT_STARTED_STEP07,NONE
S07C000126,Все значения слова РУНА,Все значения слова РУНА,все значения слова руна,RU,TERMINOLOGY,NO_EXACT_UPSTREAM_MATCH,NEW_CANDIDATE,NONE,NONE,NONE,DISTINCT_PENDING_LATER_ANALYSIS,ELIGIBLE_NEW_CANDIDATE,1,1,1,false,NONE,NONE,NOT_VALIDATED_STEP07,NOT_EVALUATED_STEP07,NOT_STARTED_STEP07,NONE
S07C000127,Все значения слова РУНИЧЕСКИЙ,Все значения слова РУНИЧЕСКИЙ,все значения слова рунический,RU,TERMINOLOGY,NO_EXACT_UPSTREAM_MATCH,NEW_CANDIDATE,NONE,NONE,NONE,DISTINCT_PENDING_LATER_ANALYSIS,ELIGIBLE_NEW_CANDIDATE,1,1,1,false,NONE,NONE,NOT_VALIDATED_STEP07,NOT_EVALUATED_STEP07,NOT_STARTED_STEP07,NONE
S07C000128,Все значения слова ТАЛИСМАН,Все значения слова ТАЛИСМАН,все значения слова талисман,RU,TERMINOLOGY,NO_EXACT_UPSTREAM_MATCH,NEW_CANDIDATE,NONE,NONE,NONE,DISTINCT_PENDING_LATER_ANALYSIS,ELIGIBLE_NEW_CANDIDATE,1,1,1,false,NONE,NONE,NOT_VALIDATED_STEP07,NOT_EVALUATED_STEP07,NOT_STARTED_STEP07,NONE
S07C000129,Всевидящее око,Всевидящее око,всевидящее око,RU,TERMINOLOGY,NO_EXACT_UPSTREAM_MATCH,NEW_CANDIDATE,NONE,NONE,NONE,DISTINCT_PENDING_LATER_ANALYSIS,ELIGIBLE_NEW_CANDIDATE,1,1,1,false,NONE,NONE,NOT_VALIDATED_STEP07,NOT_EVALUATED_STEP07,NOT_STARTED_STEP07,NONE
S07C000130,Выдержки из русской классики со словом «амулет»,Выдержки из русской классики со словом «амулет»,выдержки из русской классики со словом «амулет»,RU,INFORMATIONAL_FORMULATION,NO_EXACT_UPSTREAM_MATCH,NEW_CANDIDATE,NONE,NONE,NONE,DISTINCT_PENDING_LATER_ANALYSIS,ELIGIBLE_NEW_CANDIDATE,1,2,2,false,NONE,NONE,NOT_VALIDATED_STEP07,NOT_EVALUATED_STEP07,NOT_STARTED_STEP07,NONE
S07C000131,Выдержки из русской классики со словом «кулон»,Выдержки из русской классики со словом «кулон»,выдержки из русской классики со словом «кулон»,RU,INFORMATIONAL_FORMULATION,NO_EXACT_UPSTREAM_MATCH,NEW_CANDIDATE,NONE,NONE,NONE,DISTINCT_PENDING_LATER_ANALYSIS,ELIGIBLE_NEW_CANDIDATE,1,1,1,false,NONE,NONE,NOT_VALIDATED_STEP07,NOT_EVALUATED_STEP07,NOT_STARTED_STEP07,NONE
S07C000132,Выдержки из русской классики со словом «медальон»,Выдержки из русской классики со словом «медальон»,выдержки из русской классики со словом «медальон»,RU,INFORMATIONAL_FORMULATION,NO_EXACT_UPSTREAM_MATCH,NEW_CANDIDATE,NONE,NONE,NONE,DISTINCT_PENDING_LATER_ANALYSIS,ELIGIBLE_NEW_CANDIDATE,1,1,1,false,NONE,NONE,NOT_VALIDATED_STEP07,NOT_EVALUATED_STEP07,NOT_STARTED_STEP07,NONE
S07C000133,Выдержки из русской классики со словом «оберег»,Выдержки из русской классики со словом «оберег»,выдержки из русской классики со словом «оберег»,RU,INFORMATIONAL_FORMULATION,NO_EXACT_UPSTREAM_MATCH,NEW_CANDIDATE,NONE,NONE,NONE,DISTINCT_PENDING_LATER_ANALYSIS,ELIGIBLE_NEW_CANDIDATE,1,1,1,false,NONE,NONE,NOT_VALIDATED_STEP07,NOT_EVALUATED_STEP07,NOT_STARTED_STEP07,NONE
S07C000134,Выдержки из русской классики со словом «Руна»,Выдержки из русской классики со словом «Руна»,выдержки из русской классики со словом «руна»,RU,INFORMATIONAL_FORMULATION,NO_EXACT_UPSTREAM_MATCH,NEW_CANDIDATE,NONE,NONE,NONE,DISTINCT_PENDING_LATER_ANALYSIS,ELIGIBLE_NEW_CANDIDATE,1,2,2,false,NONE,NONE,NOT_VALIDATED_STEP07,NOT_EVALUATED_STEP07,NOT_STARTED_STEP07,NONE
S07C000135,Выдержки из русской классики со словом «талисман»,Выдержки из русской классики со словом «талисман»,выдержки из русской классики со словом «талисман»,RU,INFORMATIONAL_FORMULATION,NO_EXACT_UPSTREAM_MATCH,NEW_CANDIDATE,NONE,NONE,NONE,DISTINCT_PENDING_LATER_ANALYSIS,ELIGIBLE_NEW_CANDIDATE,1,2,2,false,NONE,NONE,NOT_VALIDATED_STEP07,NOT_EVALUATED_STEP07,NOT_STARTED_STEP07,NONE
S07C000136,Выдержки из русской классики со словосочетанием «рунические знаки»,Выдержки из русской классики со словосочетанием «рунические знаки»,выдержки из русской классики со словосочетанием «рунические знаки»,RU,INFORMATIONAL_FORMULATION,NO_EXACT_UPSTREAM_MATCH,NEW_CANDIDATE,NONE,NONE,NONE,DISTINCT_PENDING_LATER_ANALYSIS,ELIGIBLE_NEW_CANDIDATE,1,1,1,false,NONE,NONE,NOT_VALIDATED_STEP07,NOT_EVALUATED_STEP07,NOT_STARTED_STEP07,NONE
S07C000137,"Вышитый на одежде мысли ясными делает, а сердце от сомнений лечит.","Вышитый на одежде мысли ясными делает, а сердце от сомнений лечит.","вышитый на одежде мысли ясными делает, а сердце от сомнений лечит.",RU,INFORMATIONAL_FORMULATION,NO_EXACT_UPSTREAM_MATCH,NEW_CANDIDATE,NONE,NONE,NONE,DISTINCT_PENDING_LATER_ANALYSIS,ELIGIBLE_NEW_CANDIDATE,1,1,1,false,NONE,NONE,NOT_VALIDATED_STEP07,NOT_EVALUATED_STEP07,NOT_STARTED_STEP07,NONE
S07C000138,Гимнастика славянских чаровниц.,Гимнастика славянских чаровниц.,гимнастика славянских чаровниц.,RU,TERMINOLOGY,NO_EXACT_UPSTREAM_MATCH,NEW_CANDIDATE,NONE,NONE,NONE,DISTINCT_PENDING_LATER_ANALYSIS,ELIGIBLE_NEW_CANDIDATE,1,1,1,false,NONE,NONE,NOT_VALIDATED_STEP07,NOT_EVALUATED_STEP07,NOT_STARTED_STEP07,NONE
S07C000139,Громовик летящий,Громовик летящий,громовик летящий,RU,TERMINOLOGY,NO_EXACT_UPSTREAM_MATCH,NEW_CANDIDATE,NONE,NONE,NONE,DISTINCT_PENDING_LATER_ANALYSIS,ELIGIBLE_NEW_CANDIDATE,1,1,1,false,NONE,NONE,NOT_VALIDATED_STEP07,NOT_EVALUATED_STEP07,NOT_STARTED_STEP07,NONE
S07C000140,Громовик летящий:,Громовик летящий:,громовик летящий:,RU,TERMINOLOGY,NO_EXACT_UPSTREAM_MATCH,NEW_CANDIDATE,NONE,NONE,NONE,DISTINCT_PENDING_LATER_ANALYSIS,ELIGIBLE_NEW_CANDIDATE,1,1,1,false,NONE,NONE,NOT_VALIDATED_STEP07,NOT_EVALUATED_STEP07,NOT_STARTED_STEP07,NONE
S07C000141,"Губы сжаты, лоб, неподвижный и холодный, блестит, перо легко и, похоже, механически наносит рунические знаки на неподвижный лист.","Губы сжаты, лоб, неподвижный и холодный, блестит, перо легко и, похоже, механически наносит рунические знаки на неподвижный лист.","губы сжаты, лоб, неподвижный и холодный, блестит, перо легко и, похоже, механически наносит рунические знаки на неподвижный лист.",RU,INFORMATIONAL_FORMULATION,NO_EXACT_UPSTREAM_MATCH,NEW_CANDIDATE,NONE,NONE,NONE,DISTINCT_PENDING_LATER_ANALYSIS,ELIGIBLE_NEW_CANDIDATE,1,1,1,false,NONE,NONE,NOT_VALIDATED_STEP07,NOT_EVALUATED_STEP07,NOT_STARTED_STEP07,NONE
S07C000142,Дачникам-огородникам тоже не помешает иметь стилизованное изображение Бычьей головы около своего участка.,Дачникам-огородникам тоже не помешает иметь стилизованное изображение Бычьей головы около своего участка.,дачникам-огородникам тоже не помешает иметь стилизованное изображение бычьей головы около своего участка.,RU,INFORMATIONAL_FORMULATION,NO_EXACT_UPSTREAM_MATCH,NEW_CANDIDATE,NONE,NONE,NONE,DISTINCT_PENDING_LATER_ANALYSIS,ELIGIBLE_NEW_CANDIDATE,1,1,1,false,NONE,NONE,NOT_VALIDATED_STEP07,NOT_EVALUATED_STEP07,NOT_STARTED_STEP07,NONE
S07C000143,"Даёт защиту не только одному человеку, но и всей его семье и всему роду.","Даёт защиту не только одному человеку, но и всей его семье и всему роду.","даёт защиту не только одному человеку, но и всей его семье и всему роду.",RU,USE_CASE,NO_EXACT_UPSTREAM_MATCH,NEW_CANDIDATE,NONE,NONE,NONE,DISTINCT_PENDING_LATER_ANALYSIS,ELIGIBLE_NEW_CANDIDATE,1,1,1,false,NONE,NONE,NOT_VALIDATED_STEP07,NOT_EVALUATED_STEP07,NOT_STARTED_STEP07,NONE
S07C000144,"Даёт людям защиту богов, помогая обретать истинные духовные знания.","Даёт людям защиту богов, помогая обретать истинные духовные знания.","даёт людям защиту богов, помогая обретать истинные духовные знания.",RU,USE_CASE,NO_EXACT_UPSTREAM_MATCH,NEW_CANDIDATE,NONE,NONE,NONE,DISTINCT_PENDING_LATER_ANALYSIS,ELIGIBLE_NEW_CANDIDATE,1,1,1,false,NONE,NONE,NOT_VALIDATED_STEP07,NOT_EVALUATED_STEP07,NOT_STARTED_STEP07,NONE
S07C000145,"Детей символ убережёт от болезней, несчастий и разных бед.","Детей символ убережёт от болезней, несчастий и разных бед.","детей символ убережёт от болезней, несчастий и разных бед.",RU,USE_CASE,NO_EXACT_UPSTREAM_MATCH,NEW_CANDIDATE,NONE,NONE,NONE,DISTINCT_PENDING_LATER_ANALYSIS,ELIGIBLE_NEW_CANDIDATE,1,1,1,false,NONE,NONE,NOT_VALIDATED_STEP07,NOT_EVALUATED_STEP07,NOT_STARTED_STEP07,NONE
S07C000146,"Дети, независимо от пола, носили этот символ на одежде до вступления в отрочество.","Дети, независимо от пола, носили этот символ на одежде до вступления в отрочество.","дети, независимо от пола, носили этот символ на одежде до вступления в отрочество.",RU,INFORMATIONAL_FORMULATION,NO_EXACT_UPSTREAM_MATCH,NEW_CANDIDATE,NONE,NONE,NONE,DISTINCT_PENDING_LATER_ANALYSIS,ELIGIBLE_NEW_CANDIDATE,1,1,1,false,NONE,NONE,NOT_VALIDATED_STEP07,NOT_EVALUATED_STEP07,NOT_STARTED_STEP07,NONE
S07C000147,"Детская душа особенно нуждается в свете, любви, защите и поддержке рода, его мудрости.","Детская душа особенно нуждается в свете, любви, защите и поддержке рода, его мудрости.","детская душа особенно нуждается в свете, любви, защите и поддержке рода, его мудрости.",RU,USE_CASE,NO_EXACT_UPSTREAM_MATCH,NEW_CANDIDATE,NONE,NONE,NONE,DISTINCT_PENDING_LATER_ANALYSIS,ELIGIBLE_NEW_CANDIDATE,1,1,1,false,NONE,NONE,NOT_VALIDATED_STEP07,NOT_EVALUATED_STEP07,NOT_STARTED_STEP07,NONE
S07C000148,"Детям оберег не подходит — очень ярый, воинственный.","Детям оберег не подходит — очень ярый, воинственный.","детям оберег не подходит — очень ярый, воинственный.",RU,INFORMATIONAL_FORMULATION,NO_EXACT_UPSTREAM_MATCH,NEW_CANDIDATE,NONE,NONE,NONE,DISTINCT_PENDING_LATER_ANALYSIS,ELIGIBLE_NEW_CANDIDATE,1,1,1,false,NONE,NONE,NOT_VALIDATED_STEP07,NOT_EVALUATED_STEP07,NOT_STARTED_STEP07,NONE
S07C000149,Для создания защитных оберегов вы можете воспользоваться вышивкой.,Для создания защитных оберегов вы можете воспользоваться вышивкой.,для создания защитных оберегов вы можете воспользоваться вышивкой.,RU,ATTRIBUTE,NO_EXACT_UPSTREAM_MATCH,NEW_CANDIDATE,NONE,NONE,NONE,DISTINCT_PENDING_LATER_ANALYSIS,ELIGIBLE_NEW_CANDIDATE,1,1,1,false,NONE,NONE,NOT_VALIDATED_STEP07,NOT_EVALUATED_STEP07,NOT_STARTED_STEP07,NONE
S07C000150,"Довольно часто символ наносили на стены или крышу дома, и это гарантировало защиту от молний и других стихий.","Довольно часто символ наносили на стены или крышу дома, и это гарантировало защиту от молний и других стихий.","довольно часто символ наносили на стены или крышу дома, и это гарантировало защиту от молний и других стихий.",RU,USE_CASE,NO_EXACT_UPSTREAM_MATCH,NEW_CANDIDATE,NONE,NONE,NONE,DISTINCT_PENDING_LATER_ANALYSIS,ELIGIBLE_NEW_CANDIDATE,1,1,1,false,NONE,NONE,NOT_VALIDATED_STEP07,NOT_EVALUATED_STEP07,NOT_STARTED_STEP07,NONE
S07C000151,Духобор,Духобор,духобор,RU,TERMINOLOGY,NO_EXACT_UPSTREAM_MATCH,NEW_CANDIDATE,NONE,NONE,NONE,DISTINCT_PENDING_LATER_ANALYSIS,ELIGIBLE_NEW_CANDIDATE,1,1,1,false,NONE,NONE,NOT_VALIDATED_STEP07,NOT_EVALUATED_STEP07,NOT_STARTED_STEP07,NONE
S07C000152,"Духобор — оберег здоровья духа, Целебник — здоровья тела и души.","Духобор — оберег здоровья духа, Целебник — здоровья тела и души.","духобор — оберег здоровья духа, целебник — здоровья тела и души.",RU,USE_CASE,NO_EXACT_UPSTREAM_MATCH,NEW_CANDIDATE,NONE,NONE,NONE,DISTINCT_PENDING_LATER_ANALYSIS,ELIGIBLE_NEW_CANDIDATE,1,1,1,false,NONE,NONE,NOT_VALIDATED_STEP07,NOT_EVALUATED_STEP07,NOT_STARTED_STEP07,NONE
S07C000153,Духовная свастика — один из мощнейших оберегов.,Духовная свастика — один из мощнейших оберегов.,духовная свастика — один из мощнейших оберегов.,RU,INFORMATIONAL_FORMULATION,NO_EXACT_UPSTREAM_MATCH,NEW_CANDIDATE,NONE,NONE,NONE,DISTINCT_PENDING_LATER_ANALYSIS,ELIGIBLE_NEW_CANDIDATE,1,1,1,false,NONE,NONE,NOT_VALIDATED_STEP07,NOT_EVALUATED_STEP07,NOT_STARTED_STEP07,NONE
S07C000154,"Его можно встретить не только на оберегах, но и на многочисленных ритуальных вещах.","Его можно встретить не только на оберегах, но и на многочисленных ритуальных вещах.","его можно встретить не только на оберегах, но и на многочисленных ритуальных вещах.",RU,INFORMATIONAL_FORMULATION,NO_EXACT_UPSTREAM_MATCH,NEW_CANDIDATE,NONE,NONE,NONE,DISTINCT_PENDING_LATER_ANALYSIS,ELIGIBLE_NEW_CANDIDATE,1,1,1,false,NONE,NONE,NOT_VALIDATED_STEP07,NOT_EVALUATED_STEP07,NOT_STARTED_STEP07,NONE
S07C000155,"Его рекомендуется носить людям, чья деятельность связана с творчеством, а также философам, учёным, общественным деятелям, врачам и педагогам.","Его рекомендуется носить людям, чья деятельность связана с творчеством, а также философам, учёным, общественным деятелям, врачам и педагогам.","его рекомендуется носить людям, чья деятельность связана с творчеством, а также философам, учёным, общественным деятелям, врачам и педагогам.",RU,INFORMATIONAL_FORMULATION,NO_EXACT_UPSTREAM_MATCH,NEW_CANDIDATE,NONE,NONE,NONE,DISTINCT_PENDING_LATER_ANALYSIS,ELIGIBLE_NEW_CANDIDATE,1,1,1,false,NONE,NONE,NOT_VALIDATED_STEP07,NOT_EVALUATED_STEP07,NOT_STARTED_STEP07,NONE
S07C000156,Его четыре луча символизирует:,Его четыре луча символизирует:,его четыре луча символизирует:,RU,TERMINOLOGY,NO_EXACT_UPSTREAM_MATCH,NEW_CANDIDATE,NONE,NONE,NONE,DISTINCT_PENDING_LATER_ANALYSIS,ELIGIBLE_NEW_CANDIDATE,1,1,1,false,NONE,NONE,NOT_VALIDATED_STEP07,NOT_EVALUATED_STEP07,NOT_STARTED_STEP07,NONE
S07C000157,Единство рода и верный его путь — главное значение символа сегодня.,Единство рода и верный его путь — главное значение символа сегодня.,единство рода и верный его путь — главное значение символа сегодня.,RU,INFORMATIONAL_FORMULATION,NO_EXACT_UPSTREAM_MATCH,NEW_CANDIDATE,NONE,NONE,NONE,DISTINCT_PENDING_LATER_ANALYSIS,ELIGIBLE_NEW_CANDIDATE,1,1,1,false,NONE,NONE,NOT_VALIDATED_STEP07,NOT_EVALUATED_STEP07,NOT_STARTED_STEP07,NONE
S07C000158,"Если у человека хронические болезни, амулет следует носить не снимая.","Если у человека хронические болезни, амулет следует носить не снимая.","если у человека хронические болезни, амулет следует носить не снимая.",RU,USE_CASE,NO_EXACT_UPSTREAM_MATCH,NEW_CANDIDATE,NONE,NONE,NONE,DISTINCT_PENDING_LATER_ANALYSIS,ELIGIBLE_NEW_CANDIDATE,1,1,1,false,NONE,NONE,NOT_VALIDATED_STEP07,NOT_EVALUATED_STEP07,NOT_STARTED_STEP07,NONE
S07C000159,"Если хотите, чтобы камень стал талисманом сразу же, его должен подарить какой-нибудь человек, причём близкий и любящий вас.","Если хотите, чтобы камень стал талисманом сразу же, его должен подарить какой-нибудь человек, причём близкий и любящий вас.","если хотите, чтобы камень стал талисманом сразу же, его должен подарить какой-нибудь человек, причём близкий и любящий вас.",RU,ATTRIBUTE,NO_EXACT_UPSTREAM_MATCH,NEW_CANDIDATE,NONE,NONE,NONE,DISTINCT_PENDING_LATER_ANALYSIS,ELIGIBLE_NEW_CANDIDATE,1,2,2,false,NONE,NONE,NOT_VALIDATED_STEP07,NOT_EVALUATED_STEP07,NOT_STARTED_STEP07,NONE
S07C000160,Женские ассоциации к словосочетанию «рунические знаки»,Женские ассоциации к словосочетанию «рунические знаки»,женские ассоциации к словосочетанию «рунические знаки»,RU,INFORMATIONAL_FORMULATION,NO_EXACT_UPSTREAM_MATCH,NEW_CANDIDATE,NONE,NONE,NONE,DISTINCT_PENDING_LATER_ANALYSIS,ELIGIBLE_NEW_CANDIDATE,1,1,1,false,NONE,NONE,NOT_VALIDATED_STEP07,NOT_EVALUATED_STEP07,NOT_STARTED_STEP07,NONE
S07C000161,Женские ассоциации к слову «амулет»,Женские ассоциации к слову «амулет»,женские ассоциации к слову «амулет»,RU,INFORMATIONAL_FORMULATION,NO_EXACT_UPSTREAM_MATCH,NEW_CANDIDATE,NONE,NONE,NONE,DISTINCT_PENDING_LATER_ANALYSIS,ELIGIBLE_NEW_CANDIDATE,1,1,1,false,NONE,NONE,NOT_VALIDATED_STEP07,NOT_EVALUATED_STEP07,NOT_STARTED_STEP07,NONE
S07C000162,Женские ассоциации к слову «кулон»,Женские ассоциации к слову «кулон»,женские ассоциации к слову «кулон»,RU,INFORMATIONAL_FORMULATION,NO_EXACT_UPSTREAM_MATCH,NEW_CANDIDATE,NONE,NONE,NONE,DISTINCT_PENDING_LATER_ANALYSIS,ELIGIBLE_NEW_CANDIDATE,1,1,1,false,NONE,NONE,NOT_VALIDATED_STEP07,NOT_EVALUATED_STEP07,NOT_STARTED_STEP07,NONE
S07C000163,Женские ассоциации к слову «медальон»,Женские ассоциации к слову «медальон»,женские ассоциации к слову «медальон»,RU,INFORMATIONAL_FORMULATION,NO_EXACT_UPSTREAM_MATCH,NEW_CANDIDATE,NONE,NONE,NONE,DISTINCT_PENDING_LATER_ANALYSIS,ELIGIBLE_NEW_CANDIDATE,1,1,1,false,NONE,NONE,NOT_VALIDATED_STEP07,NOT_EVALUATED_STEP07,NOT_STARTED_STEP07,NONE
S07C000164,Женские ассоциации к слову «оберег»,Женские ассоциации к слову «оберег»,женские ассоциации к слову «оберег»,RU,INFORMATIONAL_FORMULATION,NO_EXACT_UPSTREAM_MATCH,NEW_CANDIDATE,NONE,NONE,NONE,DISTINCT_PENDING_LATER_ANALYSIS,ELIGIBLE_NEW_CANDIDATE,1,1,1,false,NONE,NONE,NOT_VALIDATED_STEP07,NOT_EVALUATED_STEP07,NOT_STARTED_STEP07,NONE
S07C000165,Женские ассоциации к слову «руна»,Женские ассоциации к слову «руна»,женские ассоциации к слову «руна»,RU,INFORMATIONAL_FORMULATION,NO_EXACT_UPSTREAM_MATCH,NEW_CANDIDATE,NONE,NONE,NONE,DISTINCT_PENDING_LATER_ANALYSIS,ELIGIBLE_NEW_CANDIDATE,1,1,1,false,NONE,NONE,NOT_VALIDATED_STEP07,NOT_EVALUATED_STEP07,NOT_STARTED_STEP07,NONE
S07C000166,Женские ассоциации к слову «талисман»,Женские ассоциации к слову «талисман»,женские ассоциации к слову «талисман»,RU,INFORMATIONAL_FORMULATION,NO_EXACT_UPSTREAM_MATCH,NEW_CANDIDATE,NONE,NONE,NONE,DISTINCT_PENDING_LATER_ANALYSIS,ELIGIBLE_NEW_CANDIDATE,1,1,1,false,NONE,NONE,NOT_VALIDATED_STEP07,NOT_EVALUATED_STEP07,NOT_STARTED_STEP07,NONE
S07C000167,"Женщине носить такой амулет не рекомендуется, если только она не воин по натуре.","Женщине носить такой амулет не рекомендуется, если только она не воин по натуре.","женщине носить такой амулет не рекомендуется, если только она не воин по натуре.",RU,INFORMATIONAL_FORMULATION,NO_EXACT_UPSTREAM_MATCH,NEW_CANDIDATE,NONE,NONE,NONE,DISTINCT_PENDING_LATER_ANALYSIS,ELIGIBLE_NEW_CANDIDATE,1,1,1,false,NONE,NONE,NOT_VALIDATED_STEP07,NOT_EVALUATED_STEP07,NOT_STARTED_STEP07,NONE
S07C000168,Зайчик,Зайчик,зайчик,RU,TERMINOLOGY,NO_EXACT_UPSTREAM_MATCH,NEW_CANDIDATE,NONE,NONE,NONE,DISTINCT_PENDING_LATER_ANALYSIS,ELIGIBLE_NEW_CANDIDATE,1,1,1,false,NONE,NONE,NOT_VALIDATED_STEP07,NOT_EVALUATED_STEP07,NOT_STARTED_STEP07,NONE
S07C000169,"Зайчик оберегал их от болезней, дурного глаза, недостойных мыслей и поступков.","Зайчик оберегал их от болезней, дурного глаза, недостойных мыслей и поступков.","зайчик оберегал их от болезней, дурного глаза, недостойных мыслей и поступков.",RU,USE_CASE,NO_EXACT_UPSTREAM_MATCH,NEW_CANDIDATE,NONE,NONE,NONE,DISTINCT_PENDING_LATER_ANALYSIS,ELIGIBLE_NEW_CANDIDATE,1,1,1,false,NONE,NONE,NOT_VALIDATED_STEP07,NOT_EVALUATED_STEP07,NOT_STARTED_STEP07,NONE
S07C000170,Защитит от:,Защитит от:,защитит от:,RU,USE_CASE,NO_EXACT_UPSTREAM_MATCH,NEW_CANDIDATE,NONE,NONE,NONE,DISTINCT_PENDING_LATER_ANALYSIS,ELIGIBLE_NEW_CANDIDATE,1,1,1,false,NONE,NONE,NOT_VALIDATED_STEP07,NOT_EVALUATED_STEP07,NOT_STARTED_STEP07,NONE
S07C000171,Защитная сила Духобора направлена прежде всего на избавление человеческого духа от негатива.,Защитная сила Духобора направлена прежде всего на избавление человеческого духа от негатива.,защитная сила духобора направлена прежде всего на избавление человеческого духа от негатива.,RU,USE_CASE,NO_EXACT_UPSTREAM_MATCH,NEW_CANDIDATE,NONE,NONE,NONE,DISTINCT_PENDING_LATER_ANALYSIS,ELIGIBLE_NEW_CANDIDATE,1,1,1,false,NONE,NONE,NOT_VALIDATED_STEP07,NOT_EVALUATED_STEP07,NOT_STARTED_STEP07,NONE
S07C000172,"Защищает своего хозяина, но носящему такой знак самому нужно очень внимательно следить за правильностью своих дел и поступков.","Защищает своего хозяина, но носящему такой знак самому нужно очень внимательно следить за правильностью своих дел и поступков.","защищает своего хозяина, но носящему такой знак самому нужно очень внимательно следить за правильностью своих дел и поступков.",RU,INFORMATIONAL_FORMULATION,NO_EXACT_UPSTREAM_MATCH,NEW_CANDIDATE,NONE,NONE,NONE,DISTINCT_PENDING_LATER_ANALYSIS,ELIGIBLE_NEW_CANDIDATE,1,1,1,false,NONE,NONE,NOT_VALIDATED_STEP07,NOT_EVALUATED_STEP07,NOT_STARTED_STEP07,NONE
S07C000173,"Звезда Лады, или Звезда Руси","Звезда Лады, или Звезда Руси","звезда лады, или звезда руси",RU,TERMINOLOGY,NO_EXACT_UPSTREAM_MATCH,NEW_CANDIDATE,NONE,NONE,NONE,DISTINCT_PENDING_LATER_ANALYSIS,ELIGIBLE_NEW_CANDIDATE,1,1,1,false,NONE,NONE,NOT_VALIDATED_STEP07,NOT_EVALUATED_STEP07,NOT_STARTED_STEP07,NONE
S07C000174,Зимний косой крест,Зимний косой крест,зимний косой крест,RU,TERMINOLOGY,NO_EXACT_UPSTREAM_MATCH,NEW_CANDIDATE,NONE,NONE,NONE,DISTINCT_PENDING_LATER_ANALYSIS,ELIGIBLE_NEW_CANDIDATE,1,1,1,false,NONE,NONE,NOT_VALIDATED_STEP07,NOT_EVALUATED_STEP07,NOT_STARTED_STEP07,NONE
S07C000175,Змеевик — символ бога Велеса.,Змеевик — символ бога Велеса.,змеевик — символ бога велеса.,RU,TERMINOLOGY,NO_EXACT_UPSTREAM_MATCH,NEW_CANDIDATE,NONE,NONE,NONE,DISTINCT_PENDING_LATER_ANALYSIS,ELIGIBLE_NEW_CANDIDATE,1,1,1,false,NONE,NONE,NOT_VALIDATED_STEP07,NOT_EVALUATED_STEP07,NOT_STARTED_STEP07,NONE
S07C000176,"Змеевик, или Велесовик","Змеевик, или Велесовик","змеевик, или велесовик",RU,TERMINOLOGY,NO_EXACT_UPSTREAM_MATCH,NEW_CANDIDATE,NONE,NONE,NONE,DISTINCT_PENDING_LATER_ANALYSIS,ELIGIBLE_NEW_CANDIDATE,1,1,1,false,NONE,NONE,NOT_VALIDATED_STEP07,NOT_EVALUATED_STEP07,NOT_STARTED_STEP07,NONE
S07C000177,"Знак чертога на Сварожьем круге, находящегося под покровительством бога Рамхата — создателя законов справедливости, основанных на любви.","Знак чертога на Сварожьем круге, находящегося под покровительством бога Рамхата — создателя законов справедливости, основанных на любви.","знак чертога на сварожьем круге, находящегося под покровительством бога рамхата — создателя законов справедливости, основанных на любви.",RU,INFORMATIONAL_FORMULATION,NO_EXACT_UPSTREAM_MATCH,NEW_CANDIDATE,NONE,NONE,NONE,DISTINCT_PENDING_LATER_ANALYSIS,ELIGIBLE_NEW_CANDIDATE,1,1,1,false,NONE,NONE,NOT_VALIDATED_STEP07,NOT_EVALUATED_STEP07,NOT_STARTED_STEP07,NONE
S07C000178,Значение слова «амулет»,Значение слова «амулет»,значение слова «амулет»,RU,INFORMATIONAL_FORMULATION,NO_EXACT_UPSTREAM_MATCH,NEW_CANDIDATE,NONE,NONE,NONE,DISTINCT_PENDING_LATER_ANALYSIS,ELIGIBLE_NEW_CANDIDATE,1,2,3,false,NONE,NONE,NOT_VALIDATED_STEP07,NOT_EVALUATED_STEP07,NOT_STARTED_STEP07,NONE
S07C000179,Значение слова «кулон»,Значение слова «кулон»,значение слова «кулон»,RU,INFORMATIONAL_FORMULATION,NO_EXACT_UPSTREAM_MATCH,NEW_CANDIDATE,NONE,NONE,NONE,DISTINCT_PENDING_LATER_ANALYSIS,ELIGIBLE_NEW_CANDIDATE,1,1,2,false,NONE,NONE,NOT_VALIDATED_STEP07,NOT_EVALUATED_STEP07,NOT_STARTED_STEP07,NONE
S07C000180,Значение слова «медальон»,Значение слова «медальон»,значение слова «медальон»,RU,INFORMATIONAL_FORMULATION,NO_EXACT_UPSTREAM_MATCH,NEW_CANDIDATE,NONE,NONE,NONE,DISTINCT_PENDING_LATER_ANALYSIS,ELIGIBLE_NEW_CANDIDATE,1,1,2,false,NONE,NONE,NOT_VALIDATED_STEP07,NOT_EVALUATED_STEP07,NOT_STARTED_STEP07,NONE
S07C000181,Значение слова «оберег»,Значение слова «оберег»,значение слова «оберег»,RU,INFORMATIONAL_FORMULATION,NO_EXACT_UPSTREAM_MATCH,NEW_CANDIDATE,NONE,NONE,NONE,DISTINCT_PENDING_LATER_ANALYSIS,ELIGIBLE_NEW_CANDIDATE,1,1,2,false,NONE,NONE,NOT_VALIDATED_STEP07,NOT_EVALUATED_STEP07,NOT_STARTED_STEP07,NONE
S07C000182,Значение слова «Руна»,Значение слова «Руна»,значение слова «руна»,RU,INFORMATIONAL_FORMULATION,NO_EXACT_UPSTREAM_MATCH,NEW_CANDIDATE,NONE,NONE,NONE,DISTINCT_PENDING_LATER_ANALYSIS,ELIGIBLE_NEW_CANDIDATE,1,2,3,false,NONE,NONE,NOT_VALIDATED_STEP07,NOT_EVALUATED_STEP07,NOT_STARTED_STEP07,NONE
S07C000183,Значение слова «рунический»,Значение слова «рунический»,значение слова «рунический»,RU,INFORMATIONAL_FORMULATION,NO_EXACT_UPSTREAM_MATCH,NEW_CANDIDATE,NONE,NONE,NONE,DISTINCT_PENDING_LATER_ANALYSIS,ELIGIBLE_NEW_CANDIDATE,1,1,2,false,NONE,NONE,NOT_VALIDATED_STEP07,NOT_EVALUATED_STEP07,NOT_STARTED_STEP07,NONE
S07C000184,Значение слова «талисман»,Значение слова «талисман»,значение слова «талисман»,RU,INFORMATIONAL_FORMULATION,NO_EXACT_UPSTREAM_MATCH,NEW_CANDIDATE,NONE,NONE,NONE,DISTINCT_PENDING_LATER_ANALYSIS,ELIGIBLE_NEW_CANDIDATE,1,2,3,false,NONE,NONE,NOT_VALIDATED_STEP07,NOT_EVALUATED_STEP07,NOT_STARTED_STEP07,NONE
S07C000185,Значение слова АМУЛЕТ. Что такое АМУЛЕТ?,Значение слова АМУЛЕТ. Что такое АМУЛЕТ?,значение слова амулет. что такое амулет?,RU,INFORMATIONAL_FORMULATION,NO_EXACT_UPSTREAM_MATCH,NEW_CANDIDATE,NONE,NONE,NONE,DISTINCT_PENDING_LATER_ANALYSIS,ELIGIBLE_NEW_CANDIDATE,1,1,1,false,NONE,NONE,NOT_VALIDATED_STEP07,NOT_EVALUATED_STEP07,NOT_STARTED_STEP07,NONE
S07C000186,Значение слова РУНА. Что такое РУНА?,Значение слова РУНА. Что такое РУНА?,значение слова руна. что такое руна?,RU,INFORMATIONAL_FORMULATION,NO_EXACT_UPSTREAM_MATCH,NEW_CANDIDATE,NONE,NONE,NONE,DISTINCT_PENDING_LATER_ANALYSIS,ELIGIBLE_NEW_CANDIDATE,1,1,1,false,NONE,NONE,NOT_VALIDATED_STEP07,NOT_EVALUATED_STEP07,NOT_STARTED_STEP07,NONE
S07C000187,Значение слова ТАЛИСМАН. Что такое ТАЛИСМАН?,Значение слова ТАЛИСМАН. Что такое ТАЛИСМАН?,значение слова талисман. что такое талисман?,RU,INFORMATIONAL_FORMULATION,NO_EXACT_UPSTREAM_MATCH,NEW_CANDIDATE,NONE,NONE,NONE,DISTINCT_PENDING_LATER_ANALYSIS,ELIGIBLE_NEW_CANDIDATE,1,1,1,false,NONE,NONE,NOT_VALIDATED_STEP07,NOT_EVALUATED_STEP07,NOT_STARTED_STEP07,NONE
S07C000188,Из висевшего на шее кулона рыжая эфрити достала похожий на светлячка шарик и положила на стол.,Из висевшего на шее кулона рыжая эфрити достала похожий на светлячка шарик и положила на стол.,из висевшего на шее кулона рыжая эфрити достала похожий на светлячка шарик и положила на стол.,RU,INFORMATIONAL_FORMULATION,NO_EXACT_UPSTREAM_MATCH,NEW_CANDIDATE,NONE,NONE,NONE,DISTINCT_PENDING_LATER_ANALYSIS,ELIGIBLE_NEW_CANDIDATE,1,1,1,false,NONE,NONE,NOT_VALIDATED_STEP07,NOT_EVALUATED_STEP07,NOT_STARTED_STEP07,NONE
S07C000189,Изображенный на фасаде дома будет способствовать защите от злых сил.,Изображенный на фасаде дома будет способствовать защите от злых сил.,изображенный на фасаде дома будет способствовать защите от злых сил.,RU,USE_CASE,NO_EXACT_UPSTREAM_MATCH,NEW_CANDIDATE,NONE,NONE,NONE,DISTINCT_PENDING_LATER_ANALYSIS,ELIGIBLE_NEW_CANDIDATE,1,1,1,false,NONE,NONE,NOT_VALIDATED_STEP07,NOT_EVALUATED_STEP07,NOT_STARTED_STEP07,NONE
S07C000190,Использовать украшения в качестве талисманов могут практически всё.,Использовать украшения в качестве талисманов могут практически всё.,использовать украшения в качестве талисманов могут практически всё.,RU,INFORMATIONAL_FORMULATION,NO_EXACT_UPSTREAM_MATCH,NEW_CANDIDATE,NONE,NONE,NONE,DISTINCT_PENDING_LATER_ANALYSIS,ELIGIBLE_NEW_CANDIDATE,1,2,2,false,NONE,NONE,NOT_VALIDATED_STEP07,NOT_EVALUATED_STEP07,NOT_STARTED_STEP07,NONE
S07C000191,"Как бы то ни было, сила в обереге от бога Велеса — Властителя трёх Миров.","Как бы то ни было, сила в обереге от бога Велеса — Властителя трёх Миров.","как бы то ни было, сила в обереге от бога велеса — властителя трёх миров.",RU,INFORMATIONAL_FORMULATION,NO_EXACT_UPSTREAM_MATCH,NEW_CANDIDATE,NONE,NONE,NONE,DISTINCT_PENDING_LATER_ANALYSIS,ELIGIBLE_NEW_CANDIDATE,1,1,1,false,NONE,NONE,NOT_VALIDATED_STEP07,NOT_EVALUATED_STEP07,NOT_STARTED_STEP07,NONE
S07C000192,"Как правило, в таком случае беды в виде вредителей обходят посадки стороной, а урожай радует своим обилием.","Как правило, в таком случае беды в виде вредителей обходят посадки стороной, а урожай радует своим обилием.","как правило, в таком случае беды в виде вредителей обходят посадки стороной, а урожай радует своим обилием.",RU,INFORMATIONAL_FORMULATION,NO_EXACT_UPSTREAM_MATCH,NEW_CANDIDATE,NONE,NONE,NONE,DISTINCT_PENDING_LATER_ANALYSIS,ELIGIBLE_NEW_CANDIDATE,1,1,1,false,NONE,NONE,NOT_VALIDATED_STEP07,NOT_EVALUATED_STEP07,NOT_STARTED_STEP07,NONE
S07C000193,Каким бывает «амулет»,Каким бывает «амулет»,каким бывает «амулет»,RU,INFORMATIONAL_FORMULATION,NO_EXACT_UPSTREAM_MATCH,NEW_CANDIDATE,NONE,NONE,NONE,DISTINCT_PENDING_LATER_ANALYSIS,ELIGIBLE_NEW_CANDIDATE,1,2,4,false,NONE,NONE,NOT_VALIDATED_STEP07,NOT_EVALUATED_STEP07,NOT_STARTED_STEP07,NONE
S07C000194,Каким бывает «кулон»,Каким бывает «кулон»,каким бывает «кулон»,RU,INFORMATIONAL_FORMULATION,NO_EXACT_UPSTREAM_MATCH,NEW_CANDIDATE,NONE,NONE,NONE,DISTINCT_PENDING_LATER_ANALYSIS,ELIGIBLE_NEW_CANDIDATE,1,1,2,false,NONE,NONE,NOT_VALIDATED_STEP07,NOT_EVALUATED_STEP07,NOT_STARTED_STEP07,NONE
S07C000195,Каким бывает «медальон»,Каким бывает «медальон»,каким бывает «медальон»,RU,INFORMATIONAL_FORMULATION,NO_EXACT_UPSTREAM_MATCH,NEW_CANDIDATE,NONE,NONE,NONE,DISTINCT_PENDING_LATER_ANALYSIS,ELIGIBLE_NEW_CANDIDATE,1,1,2,false,NONE,NONE,NOT_VALIDATED_STEP07,NOT_EVALUATED_STEP07,NOT_STARTED_STEP07,NONE
S07C000196,Каким бывает «оберег»,Каким бывает «оберег»,каким бывает «оберег»,RU,INFORMATIONAL_FORMULATION,NO_EXACT_UPSTREAM_MATCH,NEW_CANDIDATE,NONE,NONE,NONE,DISTINCT_PENDING_LATER_ANALYSIS,ELIGIBLE_NEW_CANDIDATE,1,1,2,false,NONE,NONE,NOT_VALIDATED_STEP07,NOT_EVALUATED_STEP07,NOT_STARTED_STEP07,NONE
S07C000197,Каким бывает «талисман»,Каким бывает «талисман»,каким бывает «талисман»,RU,INFORMATIONAL_FORMULATION,NO_EXACT_UPSTREAM_MATCH,NEW_CANDIDATE,NONE,NONE,NONE,DISTINCT_PENDING_LATER_ANALYSIS,ELIGIBLE_NEW_CANDIDATE,1,2,4,false,NONE,NONE,NOT_VALIDATED_STEP07,NOT_EVALUATED_STEP07,NOT_STARTED_STEP07,NONE
S07C000198,Какой бывает «руна»,Какой бывает «руна»,какой бывает «руна»,RU,INFORMATIONAL_FORMULATION,NO_EXACT_UPSTREAM_MATCH,NEW_CANDIDATE,NONE,NONE,NONE,DISTINCT_PENDING_LATER_ANALYSIS,ELIGIBLE_NEW_CANDIDATE,1,2,4,false,NONE,NONE,NOT_VALIDATED_STEP07,NOT_EVALUATED_STEP07,NOT_STARTED_STEP07,NONE
S07C000199,"камы, камень, каминь) — твёрдая неметаллическая горная порода, или её кусок.","камы, камень, каминь) — твёрдая неметаллическая горная порода, или её кусок.","камы, камень, каминь) — твёрдая неметаллическая горная порода, или её кусок.",RU,ATTRIBUTE,NO_EXACT_UPSTREAM_MATCH,NEW_CANDIDATE,NONE,NONE,NONE,DISTINCT_PENDING_LATER_ANALYSIS,ELIGIBLE_NEW_CANDIDATE,1,1,1,false,NONE,NONE,NOT_VALIDATED_STEP07,NOT_EVALUATED_STEP07,NOT_STARTED_STEP07,NONE
S07C000200,Квадрат (звезда) Сварога,Квадрат (звезда) Сварога,квадрат (звезда) сварога,RU,TERMINOLOGY,NO_EXACT_UPSTREAM_MATCH,NEW_CANDIDATE,NONE,NONE,NONE,DISTINCT_PENDING_LATER_ANALYSIS,ELIGIBLE_NEW_CANDIDATE,1,1,1,false,NONE,NONE,NOT_VALIDATED_STEP07,NOT_EVALUATED_STEP07,NOT_STARTED_STEP07,NONE
S07C000201,КОМУ ПОДХОДИТ АЛАТЫРЬ,КОМУ ПОДХОДИТ АЛАТЫРЬ,кому подходит алатырь,RU,USE_CASE,NO_EXACT_UPSTREAM_MATCH,NEW_CANDIDATE,NONE,NONE,NONE,DISTINCT_PENDING_LATER_ANALYSIS,ELIGIBLE_NEW_CANDIDATE,1,1,1,false,NONE,NONE,NOT_VALIDATED_STEP07,NOT_EVALUATED_STEP07,NOT_STARTED_STEP07,NONE
S07C000202,КОМУ ПОДХОДИТ БЕЛОБОГ,КОМУ ПОДХОДИТ БЕЛОБОГ,кому подходит белобог,RU,USE_CASE,NO_EXACT_UPSTREAM_MATCH,NEW_CANDIDATE,NONE,NONE,NONE,DISTINCT_PENDING_LATER_ANALYSIS,ELIGIBLE_NEW_CANDIDATE,1,1,1,false,NONE,NONE,NOT_VALIDATED_STEP07,NOT_EVALUATED_STEP07,NOT_STARTED_STEP07,NONE
S07C000203,КОМУ ПОДХОДИТ БОГОВНИК,КОМУ ПОДХОДИТ БОГОВНИК,кому подходит боговник,RU,USE_CASE,NO_EXACT_UPSTREAM_MATCH,NEW_CANDIDATE,NONE,NONE,NONE,DISTINCT_PENDING_LATER_ANALYSIS,ELIGIBLE_NEW_CANDIDATE,1,1,1,false,NONE,NONE,NOT_VALIDATED_STEP07,NOT_EVALUATED_STEP07,NOT_STARTED_STEP07,NONE
S07C000204,КОМУ ПОДХОДИТ ВЕЛЕСОВИК,КОМУ ПОДХОДИТ ВЕЛЕСОВИК,кому подходит велесовик,RU,USE_CASE,NO_EXACT_UPSTREAM_MATCH,NEW_CANDIDATE,NONE,NONE,NONE,DISTINCT_PENDING_LATER_ANALYSIS,ELIGIBLE_NEW_CANDIDATE,1,1,1,false,NONE,NONE,NOT_VALIDATED_STEP07,NOT_EVALUATED_STEP07,NOT_STARTED_STEP07,NONE
S07C000205,КОМУ ПОДХОДИТ ВЕПРЬ НЕБЕСНЫЙ,КОМУ ПОДХОДИТ ВЕПРЬ НЕБЕСНЫЙ,кому подходит вепрь небесный,RU,USE_CASE,NO_EXACT_UPSTREAM_MATCH,NEW_CANDIDATE,NONE,NONE,NONE,DISTINCT_PENDING_LATER_ANALYSIS,ELIGIBLE_NEW_CANDIDATE,1,1,1,false,NONE,NONE,NOT_VALIDATED_STEP07,NOT_EVALUATED_STEP07,NOT_STARTED_STEP07,NONE
S07C000206,КОМУ ПОДХОДИТ ВСЕСЛАВЕЦ,КОМУ ПОДХОДИТ ВСЕСЛАВЕЦ,кому подходит всеславец,RU,USE_CASE,NO_EXACT_UPSTREAM_MATCH,NEW_CANDIDATE,NONE,NONE,NONE,DISTINCT_PENDING_LATER_ANALYSIS,ELIGIBLE_NEW_CANDIDATE,1,1,1,false,NONE,NONE,NOT_VALIDATED_STEP07,NOT_EVALUATED_STEP07,NOT_STARTED_STEP07,NONE
S07C000207,КОМУ ПОДХОДИТ ГРОЗОВИК,КОМУ ПОДХОДИТ ГРОЗОВИК,кому подходит грозовик,RU,USE_CASE,NO_EXACT_UPSTREAM_MATCH,NEW_CANDIDATE,NONE,NONE,NONE,DISTINCT_PENDING_LATER_ANALYSIS,ELIGIBLE_NEW_CANDIDATE,1,1,1,false,NONE,NONE,NOT_VALIDATED_STEP07,NOT_EVALUATED_STEP07,NOT_STARTED_STEP07,NONE
S07C000208,КОМУ ПОДХОДИТ ГРОМОВИК,КОМУ ПОДХОДИТ ГРОМОВИК,кому подходит громовик,RU,USE_CASE,NO_EXACT_UPSTREAM_MATCH,NEW_CANDIDATE,NONE,NONE,NONE,DISTINCT_PENDING_LATER_ANALYSIS,ELIGIBLE_NEW_CANDIDATE,1,1,1,false,NONE,NONE,NOT_VALIDATED_STEP07,NOT_EVALUATED_STEP07,NOT_STARTED_STEP07,NONE
S07C000209,КОМУ ПОДХОДИТ ДУНИЯ,КОМУ ПОДХОДИТ ДУНИЯ,кому подходит дуния,RU,USE_CASE,NO_EXACT_UPSTREAM_MATCH,NEW_CANDIDATE,NONE,NONE,NONE,DISTINCT_PENDING_LATER_ANALYSIS,ELIGIBLE_NEW_CANDIDATE,1,1,1,false,NONE,NONE,NOT_VALIDATED_STEP07,NOT_EVALUATED_STEP07,NOT_STARTED_STEP07,NONE
S07C000210,КОМУ ПОДХОДИТ ДУХОБОР,КОМУ ПОДХОДИТ ДУХОБОР,кому подходит духобор,RU,USE_CASE,NO_EXACT_UPSTREAM_MATCH,NEW_CANDIDATE,NONE,NONE,NONE,DISTINCT_PENDING_LATER_ANALYSIS,ELIGIBLE_NEW_CANDIDATE,1,1,1,false,NONE,NONE,NOT_VALIDATED_STEP07,NOT_EVALUATED_STEP07,NOT_STARTED_STEP07,NONE
S07C000211,КОМУ ПОДХОДИТ ДУХОВНАЯ СВАСТИКА,КОМУ ПОДХОДИТ ДУХОВНАЯ СВАСТИКА,кому подходит духовная свастика,RU,USE_CASE,NO_EXACT_UPSTREAM_MATCH,NEW_CANDIDATE,NONE,NONE,NONE,DISTINCT_PENDING_LATER_ANALYSIS,ELIGIBLE_NEW_CANDIDATE,1,1,1,false,NONE,NONE,NOT_VALIDATED_STEP07,NOT_EVALUATED_STEP07,NOT_STARTED_STEP07,NONE
S07C000212,КОМУ ПОДХОДИТ ДУШЕВНАЯ СВАСТИКА,КОМУ ПОДХОДИТ ДУШЕВНАЯ СВАСТИКА,кому подходит душевная свастика,RU,USE_CASE,NO_EXACT_UPSTREAM_MATCH,NEW_CANDIDATE,NONE,NONE,NONE,DISTINCT_PENDING_LATER_ANALYSIS,ELIGIBLE_NEW_CANDIDATE,1,1,1,false,NONE,NONE,NOT_VALIDATED_STEP07,NOT_EVALUATED_STEP07,NOT_STARTED_STEP07,NONE
S07C000213,КОМУ ПОДХОДИТ ЗАЙЧИК,КОМУ ПОДХОДИТ ЗАЙЧИК,кому подходит зайчик,RU,USE_CASE,NO_EXACT_UPSTREAM_MATCH,NEW_CANDIDATE,NONE,NONE,NONE,DISTINCT_PENDING_LATER_ANALYSIS,ELIGIBLE_NEW_CANDIDATE,1,1,1,false,NONE,NONE,NOT_VALIDATED_STEP07,NOT_EVALUATED_STEP07,NOT_STARTED_STEP07,NONE
S07C000214,КОМУ ПОДХОДИТ ЗВЕЗДА ЛАДЫ,КОМУ ПОДХОДИТ ЗВЕЗДА ЛАДЫ,кому подходит звезда лады,RU,USE_CASE,NO_EXACT_UPSTREAM_MATCH,NEW_CANDIDATE,NONE,NONE,NONE,DISTINCT_PENDING_LATER_ANALYSIS,ELIGIBLE_NEW_CANDIDATE,1,1,1,false,NONE,NONE,NOT_VALIDATED_STEP07,NOT_EVALUATED_STEP07,NOT_STARTED_STEP07,NONE
S07C000215,КОМУ ПОДХОДИТ ЗИМНИЙ КОСОЙ КРЕСТ,КОМУ ПОДХОДИТ ЗИМНИЙ КОСОЙ КРЕСТ,кому подходит зимний косой крест,RU,USE_CASE,NO_EXACT_UPSTREAM_MATCH,NEW_CANDIDATE,NONE,NONE,NONE,DISTINCT_PENDING_LATER_ANALYSIS,ELIGIBLE_NEW_CANDIDATE,1,1,1,false,NONE,NONE,NOT_VALIDATED_STEP07,NOT_EVALUATED_STEP07,NOT_STARTED_STEP07,NONE
S07C000216,КОМУ ПОДХОДИТ ЗНАК ГРОМОВИК ЛЕТЯЩИЙ,КОМУ ПОДХОДИТ ЗНАК ГРОМОВИК ЛЕТЯЩИЙ,кому подходит знак громовик летящий,RU,USE_CASE,NO_EXACT_UPSTREAM_MATCH,NEW_CANDIDATE,NONE,NONE,NONE,DISTINCT_PENDING_LATER_ANALYSIS,ELIGIBLE_NEW_CANDIDATE,1,1,1,false,NONE,NONE,NOT_VALIDATED_STEP07,NOT_EVALUATED_STEP07,NOT_STARTED_STEP07,NONE
S07C000217,КОМУ ПОДХОДИТ СИМВОЛ БЫЧЬЯ ГОЛОВА,КОМУ ПОДХОДИТ СИМВОЛ БЫЧЬЯ ГОЛОВА,кому подходит символ бычья голова,RU,USE_CASE,NO_EXACT_UPSTREAM_MATCH,NEW_CANDIDATE,NONE,NONE,NONE,DISTINCT_PENDING_LATER_ANALYSIS,ELIGIBLE_NEW_CANDIDATE,1,1,1,false,NONE,NONE,NOT_VALIDATED_STEP07,NOT_EVALUATED_STEP07,NOT_STARTED_STEP07,NONE
S07C000218,КОМУ ПОДХОДИТ СИМВОЛ ВСЕВИДЯЩЕЕ ОКО,КОМУ ПОДХОДИТ СИМВОЛ ВСЕВИДЯЩЕЕ ОКО,кому подходит символ всевидящее око,RU,USE_CASE,NO_EXACT_UPSTREAM_MATCH,NEW_CANDIDATE,NONE,NONE,NONE,DISTINCT_PENDING_LATER_ANALYSIS,ELIGIBLE_NEW_CANDIDATE,1,1,1,false,NONE,NONE,NOT_VALIDATED_STEP07,NOT_EVALUATED_STEP07,NOT_STARTED_STEP07,NONE
S07C000219,Конец ознакомительного фрагмента.,Конец ознакомительного фрагмента.,конец ознакомительного фрагмента.,RU,TERMINOLOGY,NO_EXACT_UPSTREAM_MATCH,NEW_CANDIDATE,NONE,NONE,NONE,DISTINCT_PENDING_LATER_ANALYSIS,ELIGIBLE_NEW_CANDIDATE,1,1,1,false,NONE,NONE,NOT_VALIDATED_STEP07,NOT_EVALUATED_STEP07,NOT_STARTED_STEP07,NONE
S07C000220,"Кроме того, в дом не могли зайти люди с грязными мыслями и намерениями.","Кроме того, в дом не могли зайти люди с грязными мыслями и намерениями.","кроме того, в дом не могли зайти люди с грязными мыслями и намерениями.",RU,INFORMATIONAL_FORMULATION,NO_EXACT_UPSTREAM_MATCH,NEW_CANDIDATE,NONE,NONE,NONE,DISTINCT_PENDING_LATER_ANALYSIS,ELIGIBLE_NEW_CANDIDATE,1,1,1,false,NONE,NONE,NOT_VALIDATED_STEP07,NOT_EVALUATED_STEP07,NOT_STARTED_STEP07,NONE
S07C000221,КУЛОН,КУЛОН,кулон,RU,TERMINOLOGY,NO_EXACT_UPSTREAM_MATCH,NEW_CANDIDATE,NONE,NONE,NONE,DISTINCT_PENDING_LATER_ANALYSIS,ELIGIBLE_NEW_CANDIDATE,1,1,13,false,NONE,NONE,NOT_VALIDATED_STEP07,NOT_EVALUATED_STEP07,NOT_STARTED_STEP07,NONE
S07C000222,"Лада — богиня, защищающая всех живых существ, а Славуня считается прародительницей древних славянских племён.","Лада — богиня, защищающая всех живых существ, а Славуня считается прародительницей древних славянских племён.","лада — богиня, защищающая всех живых существ, а славуня считается прародительницей древних славянских племён.",RU,INFORMATIONAL_FORMULATION,NO_EXACT_UPSTREAM_MATCH,NEW_CANDIDATE,NONE,NONE,NONE,DISTINCT_PENDING_LATER_ANALYSIS,ELIGIBLE_NEW_CANDIDATE,1,1,1,false,NONE,NONE,NOT_VALIDATED_STEP07,NOT_EVALUATED_STEP07,NOT_STARTED_STEP07,NONE
S07C000223,"Лейтенант устроил сцену ревности, кричал, что она увлеклась адвокатом, и в порыве гнева сорвал с её шеи медальон.","Лейтенант устроил сцену ревности, кричал, что она увлеклась адвокатом, и в порыве гнева сорвал с её шеи медальон.","лейтенант устроил сцену ревности, кричал, что она увлеклась адвокатом, и в порыве гнева сорвал с её шеи медальон.",RU,INFORMATIONAL_FORMULATION,NO_EXACT_UPSTREAM_MATCH,NEW_CANDIDATE,NONE,NONE,NONE,DISTINCT_PENDING_LATER_ANALYSIS,ELIGIBLE_NEW_CANDIDATE,1,1,1,false,NONE,NONE,NOT_VALIDATED_STEP07,NOT_EVALUATED_STEP07,NOT_STARTED_STEP07,NONE
S07C000224,"Любому взрослому человеку, мужчине или женщине, для защиты от зла и обретения уверенности в себе.","Любому взрослому человеку, мужчине или женщине, для защиты от зла и обретения уверенности в себе.","любому взрослому человеку, мужчине или женщине, для защиты от зла и обретения уверенности в себе.",RU,USE_CASE,NO_EXACT_UPSTREAM_MATCH,NEW_CANDIDATE,NONE,NONE,NONE,DISTINCT_PENDING_LATER_ANALYSIS,ELIGIBLE_NEW_CANDIDATE,1,1,1,false,NONE,NONE,NOT_VALIDATED_STEP07,NOT_EVALUATED_STEP07,NOT_STARTED_STEP07,NONE
S07C000225,Любому человеку в независимости от его пола и возраста.,Любому человеку в независимости от его пола и возраста.,любому человеку в независимости от его пола и возраста.,RU,INFORMATIONAL_FORMULATION,NO_EXACT_UPSTREAM_MATCH,NEW_CANDIDATE,NONE,NONE,NONE,DISTINCT_PENDING_LATER_ANALYSIS,ELIGIBLE_NEW_CANDIDATE,1,1,1,false,NONE,NONE,NOT_VALIDATED_STEP07,NOT_EVALUATED_STEP07,NOT_STARTED_STEP07,NONE
S07C000226,"Меж ка́мней вековых, покрытых желтым мохом, проходит селянин с молитвою и вздохом.","Меж ка́мней вековых, покрытых желтым мохом, проходит селянин с молитвою и вздохом.","меж ка́мней вековых, покрытых желтым мохом, проходит селянин с молитвою и вздохом.",RU,INFORMATIONAL_FORMULATION,NO_EXACT_UPSTREAM_MATCH,NEW_CANDIDATE,NONE,NONE,NONE,DISTINCT_PENDING_LATER_ANALYSIS,ELIGIBLE_NEW_CANDIDATE,1,1,1,false,NONE,NONE,NOT_VALIDATED_STEP07,NOT_EVALUATED_STEP07,NOT_STARTED_STEP07,NONE
S07C000227,"Может помочь во многих чрезвычайных ситуациях, например, не даст утонуть или заблудиться.","Может помочь во многих чрезвычайных ситуациях, например, не даст утонуть или заблудиться.","может помочь во многих чрезвычайных ситуациях, например, не даст утонуть или заблудиться.",RU,INFORMATIONAL_FORMULATION,NO_EXACT_UPSTREAM_MATCH,NEW_CANDIDATE,NONE,NONE,NONE,DISTINCT_PENDING_LATER_ANALYSIS,ELIGIBLE_NEW_CANDIDATE,1,1,1,false,NONE,NONE,NOT_VALIDATED_STEP07,NOT_EVALUATED_STEP07,NOT_STARTED_STEP07,NONE
S07C000228,Может применяться в защите дома и хозяйства.,Может применяться в защите дома и хозяйства.,может применяться в защите дома и хозяйства.,RU,USE_CASE,NO_EXACT_UPSTREAM_MATCH,NEW_CANDIDATE,NONE,NONE,NONE,DISTINCT_PENDING_LATER_ANALYSIS,ELIGIBLE_NEW_CANDIDATE,1,1,1,false,NONE,NONE,NOT_VALIDATED_STEP07,NOT_EVALUATED_STEP07,NOT_STARTED_STEP07,NONE
S07C000229,"Можно использовать и внутри дома в виде жертвенника, вокруг которого строится обережное коло (круг).","Можно использовать и внутри дома в виде жертвенника, вокруг которого строится обережное коло (круг).","можно использовать и внутри дома в виде жертвенника, вокруг которого строится обережное коло (круг).",RU,INFORMATIONAL_FORMULATION,NO_EXACT_UPSTREAM_MATCH,NEW_CANDIDATE,NONE,NONE,NONE,DISTINCT_PENDING_LATER_ANALYSIS,ELIGIBLE_NEW_CANDIDATE,1,1,1,false,NONE,NONE,NOT_VALIDATED_STEP07,NOT_EVALUATED_STEP07,NOT_STARTED_STEP07,NONE
S07C000230,Молодые парни и девушки носят данный оберег для привлечения любви и создания крепких семейных уз.,Молодые парни и девушки носят данный оберег для привлечения любви и создания крепких семейных уз.,молодые парни и девушки носят данный оберег для привлечения любви и создания крепких семейных уз.,RU,USE_CASE,NO_EXACT_UPSTREAM_MATCH,NEW_CANDIDATE,NONE,NONE,NONE,DISTINCT_PENDING_LATER_ANALYSIS,ELIGIBLE_NEW_CANDIDATE,1,1,1,false,NONE,NONE,NOT_VALIDATED_STEP07,NOT_EVALUATED_STEP07,NOT_STARTED_STEP07,NONE
S07C000231,"Мощь оберега подталкивает обладателя к достижению цели, помогает найти себя в творчестве, способствует получению знаний.","Мощь оберега подталкивает обладателя к достижению цели, помогает найти себя в творчестве, способствует получению знаний.","мощь оберега подталкивает обладателя к достижению цели, помогает найти себя в творчестве, способствует получению знаний.",RU,USE_CASE,NO_EXACT_UPSTREAM_MATCH,NEW_CANDIDATE,NONE,NONE,NONE,DISTINCT_PENDING_LATER_ANALYSIS,ELIGIBLE_NEW_CANDIDATE,1,1,1,false,NONE,NONE,NOT_VALIDATED_STEP07,NOT_EVALUATED_STEP07,NOT_STARTED_STEP07,NONE
S07C000232,Мужские ассоциации к словосочетанию «рунические знаки»,Мужские ассоциации к словосочетанию «рунические знаки»,мужские ассоциации к словосочетанию «рунические знаки»,RU,INFORMATIONAL_FORMULATION,NO_EXACT_UPSTREAM_MATCH,NEW_CANDIDATE,NONE,NONE,NONE,DISTINCT_PENDING_LATER_ANALYSIS,ELIGIBLE_NEW_CANDIDATE,1,1,1,false,NONE,NONE,NOT_VALIDATED_STEP07,NOT_EVALUATED_STEP07,NOT_STARTED_STEP07,NONE
S07C000233,Мужские ассоциации к слову «амулет»,Мужские ассоциации к слову «амулет»,мужские ассоциации к слову «амулет»,RU,INFORMATIONAL_FORMULATION,NO_EXACT_UPSTREAM_MATCH,NEW_CANDIDATE,NONE,NONE,NONE,DISTINCT_PENDING_LATER_ANALYSIS,ELIGIBLE_NEW_CANDIDATE,1,1,1,false,NONE,NONE,NOT_VALIDATED_STEP07,NOT_EVALUATED_STEP07,NOT_STARTED_STEP07,NONE
S07C000234,Мужские ассоциации к слову «кулон»,Мужские ассоциации к слову «кулон»,мужские ассоциации к слову «кулон»,RU,INFORMATIONAL_FORMULATION,NO_EXACT_UPSTREAM_MATCH,NEW_CANDIDATE,NONE,NONE,NONE,DISTINCT_PENDING_LATER_ANALYSIS,ELIGIBLE_NEW_CANDIDATE,1,1,1,false,NONE,NONE,NOT_VALIDATED_STEP07,NOT_EVALUATED_STEP07,NOT_STARTED_STEP07,NONE
S07C000235,Мужские ассоциации к слову «медальон»,Мужские ассоциации к слову «медальон»,мужские ассоциации к слову «медальон»,RU,INFORMATIONAL_FORMULATION,NO_EXACT_UPSTREAM_MATCH,NEW_CANDIDATE,NONE,NONE,NONE,DISTINCT_PENDING_LATER_ANALYSIS,ELIGIBLE_NEW_CANDIDATE,1,1,1,false,NONE,NONE,NOT_VALIDATED_STEP07,NOT_EVALUATED_STEP07,NOT_STARTED_STEP07,NONE
S07C000236,Мужские ассоциации к слову «оберег»,Мужские ассоциации к слову «оберег»,мужские ассоциации к слову «оберег»,RU,INFORMATIONAL_FORMULATION,NO_EXACT_UPSTREAM_MATCH,NEW_CANDIDATE,NONE,NONE,NONE,DISTINCT_PENDING_LATER_ANALYSIS,ELIGIBLE_NEW_CANDIDATE,1,1,1,false,NONE,NONE,NOT_VALIDATED_STEP07,NOT_EVALUATED_STEP07,NOT_STARTED_STEP07,NONE
S07C000237,Мужские ассоциации к слову «руна»,Мужские ассоциации к слову «руна»,мужские ассоциации к слову «руна»,RU,INFORMATIONAL_FORMULATION,NO_EXACT_UPSTREAM_MATCH,NEW_CANDIDATE,NONE,NONE,NONE,DISTINCT_PENDING_LATER_ANALYSIS,ELIGIBLE_NEW_CANDIDATE,1,1,1,false,NONE,NONE,NOT_VALIDATED_STEP07,NOT_EVALUATED_STEP07,NOT_STARTED_STEP07,NONE
S07C000238,Мужские ассоциации к слову «талисман»,Мужские ассоциации к слову «талисман»,мужские ассоциации к слову «талисман»,RU,INFORMATIONAL_FORMULATION,NO_EXACT_UPSTREAM_MATCH,NEW_CANDIDATE,NONE,NONE,NONE,DISTINCT_PENDING_LATER_ANALYSIS,ELIGIBLE_NEW_CANDIDATE,1,1,1,false,NONE,NONE,NOT_VALIDATED_STEP07,NOT_EVALUATED_STEP07,NOT_STARTED_STEP07,NONE
S07C000239,"Мужчинам и женщинам, идущим путём духовного развития и имеющим чистые помыслы.","Мужчинам и женщинам, идущим путём духовного развития и имеющим чистые помыслы.","мужчинам и женщинам, идущим путём духовного развития и имеющим чистые помыслы.",RU,INFORMATIONAL_FORMULATION,NO_EXACT_UPSTREAM_MATCH,NEW_CANDIDATE,NONE,NONE,NONE,DISTINCT_PENDING_LATER_ANALYSIS,ELIGIBLE_NEW_CANDIDATE,1,1,1,false,NONE,NONE,NOT_VALIDATED_STEP07,NOT_EVALUATED_STEP07,NOT_STARTED_STEP07,NONE
S07C000240,"Мужчины и женщины могут пользоваться им и для того, чтобы в жизни появились удача и счастье.","Мужчины и женщины могут пользоваться им и для того, чтобы в жизни появились удача и счастье.","мужчины и женщины могут пользоваться им и для того, чтобы в жизни появились удача и счастье.",RU,USE_CASE,NO_EXACT_UPSTREAM_MATCH,NEW_CANDIDATE,NONE,NONE,NONE,DISTINCT_PENDING_LATER_ANALYSIS,ELIGIBLE_NEW_CANDIDATE,1,1,1,false,NONE,NONE,NOT_VALIDATED_STEP07,NOT_EVALUATED_STEP07,NOT_STARTED_STEP07,NONE
S07C000241,"На камне Алатырь стоит Мировое Древо, соединяющие все миры в одно целое.","На камне Алатырь стоит Мировое Древо, соединяющие все миры в одно целое.","на камне алатырь стоит мировое древо, соединяющие все миры в одно целое.",RU,INFORMATIONAL_FORMULATION,NO_EXACT_UPSTREAM_MATCH,NEW_CANDIDATE,NONE,NONE,NONE,DISTINCT_PENDING_LATER_ANALYSIS,ELIGIBLE_NEW_CANDIDATE,1,1,1,false,NONE,NONE,NOT_VALIDATED_STEP07,NOT_EVALUATED_STEP07,NOT_STARTED_STEP07,NONE
S07C000242,"Нанесённый на стены хлева поможет уберечь скот от болезней, падежа и других напастей.","Нанесённый на стены хлева поможет уберечь скот от болезней, падежа и других напастей.","нанесённый на стены хлева поможет уберечь скот от болезней, падежа и других напастей.",RU,USE_CASE,NO_EXACT_UPSTREAM_MATCH,NEW_CANDIDATE,NONE,NONE,NONE,DISTINCT_PENDING_LATER_ANALYSIS,ELIGIBLE_NEW_CANDIDATE,1,1,1,false,NONE,NONE,NOT_VALIDATED_STEP07,NOT_EVALUATED_STEP07,NOT_STARTED_STEP07,NONE
S07C000243,Настольная книга для мастера оберегов,Настольная книга для мастера оберегов,настольная книга для мастера оберегов,RU,USE_CASE,NO_EXACT_UPSTREAM_MATCH,NEW_CANDIDATE,NONE,NONE,NONE,DISTINCT_PENDING_LATER_ANALYSIS,ELIGIBLE_NEW_CANDIDATE,1,1,1,false,NONE,NONE,NOT_VALIDATED_STEP07,NOT_EVALUATED_STEP07,NOT_STARTED_STEP07,NONE
S07C000244,Не окрепшему духовно человеку помогает найти свой путь и самоутвердиться.,Не окрепшему духовно человеку помогает найти свой путь и самоутвердиться.,не окрепшему духовно человеку помогает найти свой путь и самоутвердиться.,RU,USE_CASE,NO_EXACT_UPSTREAM_MATCH,NEW_CANDIDATE,NONE,NONE,NONE,DISTINCT_PENDING_LATER_ANALYSIS,ELIGIBLE_NEW_CANDIDATE,1,1,1,false,NONE,NONE,NOT_VALIDATED_STEP07,NOT_EVALUATED_STEP07,NOT_STARTED_STEP07,NONE
S07C000245,Нейтральные ассоциации к словосочетанию «рунические знаки»,Нейтральные ассоциации к словосочетанию «рунические знаки»,нейтральные ассоциации к словосочетанию «рунические знаки»,RU,INFORMATIONAL_FORMULATION,NO_EXACT_UPSTREAM_MATCH,NEW_CANDIDATE,NONE,NONE,NONE,DISTINCT_PENDING_LATER_ANALYSIS,ELIGIBLE_NEW_CANDIDATE,1,1,1,false,NONE,NONE,NOT_VALIDATED_STEP07,NOT_EVALUATED_STEP07,NOT_STARTED_STEP07,NONE
S07C000246,Нейтральные ассоциации к слову «амулет»,Нейтральные ассоциации к слову «амулет»,нейтральные ассоциации к слову «амулет»,RU,INFORMATIONAL_FORMULATION,NO_EXACT_UPSTREAM_MATCH,NEW_CANDIDATE,NONE,NONE,NONE,DISTINCT_PENDING_LATER_ANALYSIS,ELIGIBLE_NEW_CANDIDATE,1,1,1,false,NONE,NONE,NOT_VALIDATED_STEP07,NOT_EVALUATED_STEP07,NOT_STARTED_STEP07,NONE
S07C000247,Нейтральные ассоциации к слову «кулон»,Нейтральные ассоциации к слову «кулон»,нейтральные ассоциации к слову «кулон»,RU,INFORMATIONAL_FORMULATION,NO_EXACT_UPSTREAM_MATCH,NEW_CANDIDATE,NONE,NONE,NONE,DISTINCT_PENDING_LATER_ANALYSIS,ELIGIBLE_NEW_CANDIDATE,1,1,1,false,NONE,NONE,NOT_VALIDATED_STEP07,NOT_EVALUATED_STEP07,NOT_STARTED_STEP07,NONE
S07C000248,Нейтральные ассоциации к слову «медальон»,Нейтральные ассоциации к слову «медальон»,нейтральные ассоциации к слову «медальон»,RU,INFORMATIONAL_FORMULATION,NO_EXACT_UPSTREAM_MATCH,NEW_CANDIDATE,NONE,NONE,NONE,DISTINCT_PENDING_LATER_ANALYSIS,ELIGIBLE_NEW_CANDIDATE,1,1,1,false,NONE,NONE,NOT_VALIDATED_STEP07,NOT_EVALUATED_STEP07,NOT_STARTED_STEP07,NONE
S07C000249,Нейтральные ассоциации к слову «оберег»,Нейтральные ассоциации к слову «оберег»,нейтральные ассоциации к слову «оберег»,RU,INFORMATIONAL_FORMULATION,NO_EXACT_UPSTREAM_MATCH,NEW_CANDIDATE,NONE,NONE,NONE,DISTINCT_PENDING_LATER_ANALYSIS,ELIGIBLE_NEW_CANDIDATE,1,1,1,false,NONE,NONE,NOT_VALIDATED_STEP07,NOT_EVALUATED_STEP07,NOT_STARTED_STEP07,NONE
S07C000250,Нейтральные ассоциации к слову «руна»,Нейтральные ассоциации к слову «руна»,нейтральные ассоциации к слову «руна»,RU,INFORMATIONAL_FORMULATION,NO_EXACT_UPSTREAM_MATCH,NEW_CANDIDATE,NONE,NONE,NONE,DISTINCT_PENDING_LATER_ANALYSIS,ELIGIBLE_NEW_CANDIDATE,1,1,1,false,NONE,NONE,NOT_VALIDATED_STEP07,NOT_EVALUATED_STEP07,NOT_STARTED_STEP07,NONE
S07C000251,Нейтральные ассоциации к слову «талисман»,Нейтральные ассоциации к слову «талисман»,нейтральные ассоциации к слову «талисман»,RU,INFORMATIONAL_FORMULATION,NO_EXACT_UPSTREAM_MATCH,NEW_CANDIDATE,NONE,NONE,NONE,DISTINCT_PENDING_LATER_ANALYSIS,ELIGIBLE_NEW_CANDIDATE,1,1,1,false,NONE,NONE,NOT_VALIDATED_STEP07,NOT_EVALUATED_STEP07,NOT_STARTED_STEP07,NONE
S07C000252,"Некоторые талисманы заговорены колдуном, ведьмой, шаманом и т.","Некоторые талисманы заговорены колдуном, ведьмой, шаманом и т.","некоторые талисманы заговорены колдуном, ведьмой, шаманом и т.",RU,INFORMATIONAL_FORMULATION,NO_EXACT_UPSTREAM_MATCH,NEW_CANDIDATE,NONE,NONE,NONE,DISTINCT_PENDING_LATER_ANALYSIS,ELIGIBLE_NEW_CANDIDATE,1,1,1,false,NONE,NONE,NOT_VALIDATED_STEP07,NOT_EVALUATED_STEP07,NOT_STARTED_STEP07,NONE
S07C000253,"Но в качестве нательного оберега его чаще всего носят мужчины, хотя подходит он всем людям.","Но в качестве нательного оберега его чаще всего носят мужчины, хотя подходит он всем людям.","но в качестве нательного оберега его чаще всего носят мужчины, хотя подходит он всем людям.",RU,INFORMATIONAL_FORMULATION,NO_EXACT_UPSTREAM_MATCH,NEW_CANDIDATE,NONE,NONE,NONE,DISTINCT_PENDING_LATER_ANALYSIS,ELIGIBLE_NEW_CANDIDATE,1,1,1,false,NONE,NONE,NOT_VALIDATED_STEP07,NOT_EVALUATED_STEP07,NOT_STARTED_STEP07,NONE
S07C000254,"Но украшения бывают разные, и надо разобраться, кому какой талисман-украшение нужнее.","Но украшения бывают разные, и надо разобраться, кому какой талисман-украшение нужнее.","но украшения бывают разные, и надо разобраться, кому какой талисман-украшение нужнее.",RU,INFORMATIONAL_FORMULATION,NO_EXACT_UPSTREAM_MATCH,NEW_CANDIDATE,NONE,NONE,NONE,DISTINCT_PENDING_LATER_ANALYSIS,ELIGIBLE_NEW_CANDIDATE,1,2,2,false,NONE,NONE,NOT_VALIDATED_STEP07,NOT_EVALUATED_STEP07,NOT_STARTED_STEP07,NONE
S07C000255,"Носимая на теле вещица, которой суеверно приписываются целебные или предохранительные от болезней и зол свойства; талисман, ладанка.","Носимая на теле вещица, которой суеверно приписываются целебные или предохранительные от болезней и зол свойства; талисман, ладанка.","носимая на теле вещица, которой суеверно приписываются целебные или предохранительные от болезней и зол свойства; талисман, ладанка.",RU,USE_CASE,NO_EXACT_UPSTREAM_MATCH,NEW_CANDIDATE,NONE,NONE,NONE,DISTINCT_PENDING_LATER_ANALYSIS,ELIGIBLE_NEW_CANDIDATE,1,1,1,false,NONE,NONE,NOT_VALIDATED_STEP07,NOT_EVALUATED_STEP07,NOT_STARTED_STEP07,NONE
S07C000256,"Носить этот оберег можно постоянно, получая знания от предков, соблюдая вековые традиции и философию своего рода.","Носить этот оберег можно постоянно, получая знания от предков, соблюдая вековые традиции и философию своего рода.","носить этот оберег можно постоянно, получая знания от предков, соблюдая вековые традиции и философию своего рода.",RU,INFORMATIONAL_FORMULATION,NO_EXACT_UPSTREAM_MATCH,NEW_CANDIDATE,NONE,NONE,NONE,DISTINCT_PENDING_LATER_ANALYSIS,ELIGIBLE_NEW_CANDIDATE,1,1,1,false,NONE,NONE,NOT_VALIDATED_STEP07,NOT_EVALUATED_STEP07,NOT_STARTED_STEP07,NONE
S07C000257,О книге,О книге,о книге,RU,TERMINOLOGY,NO_EXACT_UPSTREAM_MATCH,NEW_CANDIDATE,NONE,NONE,NONE,DISTINCT_PENDING_LATER_ANALYSIS,ELIGIBLE_NEW_CANDIDATE,1,1,1,false,NONE,NONE,NOT_VALIDATED_STEP07,NOT_EVALUATED_STEP07,NOT_STARTED_STEP07,NONE
S07C000258,"Оба они связаны с телесным и душевным здоровьем, но есть различие.","Оба они связаны с телесным и душевным здоровьем, но есть различие.","оба они связаны с телесным и душевным здоровьем, но есть различие.",RU,USE_CASE,NO_EXACT_UPSTREAM_MATCH,NEW_CANDIDATE,NONE,NONE,NONE,DISTINCT_PENDING_LATER_ANALYSIS,ELIGIBLE_NEW_CANDIDATE,1,1,1,false,NONE,NONE,NOT_VALIDATED_STEP07,NOT_EVALUATED_STEP07,NOT_STARTED_STEP07,NONE
S07C000259,Оберег был универсален.,Оберег был универсален.,оберег был универсален.,RU,TERMINOLOGY,NO_EXACT_UPSTREAM_MATCH,NEW_CANDIDATE,NONE,NONE,NONE,DISTINCT_PENDING_LATER_ANALYSIS,ELIGIBLE_NEW_CANDIDATE,1,1,1,false,NONE,NONE,NOT_VALIDATED_STEP07,NOT_EVALUATED_STEP07,NOT_STARTED_STEP07,NONE
S07C000260,Оберег избавляет и ограждает от:,Оберег избавляет и ограждает от:,оберег избавляет и ограждает от:,RU,USE_CASE,NO_EXACT_UPSTREAM_MATCH,NEW_CANDIDATE,NONE,NONE,NONE,DISTINCT_PENDING_LATER_ANALYSIS,ELIGIBLE_NEW_CANDIDATE,1,1,1,false,NONE,NONE,NOT_VALIDATED_STEP07,NOT_EVALUATED_STEP07,NOT_STARTED_STEP07,NONE
S07C000261,Оберег носят для:,Оберег носят для:,оберег носят для:,RU,USE_CASE,NO_EXACT_UPSTREAM_MATCH,NEW_CANDIDATE,NONE,NONE,NONE,DISTINCT_PENDING_LATER_ANALYSIS,ELIGIBLE_NEW_CANDIDATE,1,1,1,false,NONE,NONE,NOT_VALIDATED_STEP07,NOT_EVALUATED_STEP07,NOT_STARTED_STEP07,NONE
S07C000262,Оберег относится к мужскому боевому знаку и по некоторым сведениям является частью символики секиры Перуна.,Оберег относится к мужскому боевому знаку и по некоторым сведениям является частью символики секиры Перуна.,оберег относится к мужскому боевому знаку и по некоторым сведениям является частью символики секиры перуна.,RU,INFORMATIONAL_FORMULATION,NO_EXACT_UPSTREAM_MATCH,NEW_CANDIDATE,NONE,NONE,NONE,DISTINCT_PENDING_LATER_ANALYSIS,ELIGIBLE_NEW_CANDIDATE,1,1,1,false,NONE,NONE,NOT_VALIDATED_STEP07,NOT_EVALUATED_STEP07,NOT_STARTED_STEP07,NONE
S07C000263,"Оберег подходит также людям, попавшим в неприятную ситуацию из-за навета или несправедливости.","Оберег подходит также людям, попавшим в неприятную ситуацию из-за навета или несправедливости.","оберег подходит также людям, попавшим в неприятную ситуацию из-за навета или несправедливости.",RU,INFORMATIONAL_FORMULATION,NO_EXACT_UPSTREAM_MATCH,NEW_CANDIDATE,NONE,NONE,NONE,DISTINCT_PENDING_LATER_ANALYSIS,ELIGIBLE_NEW_CANDIDATE,1,1,1,false,NONE,NONE,NOT_VALIDATED_STEP07,NOT_EVALUATED_STEP07,NOT_STARTED_STEP07,NONE
S07C000264,"Оберег с этим знаком наполняет силами, помогает справиться с болезнями и даёт:","Оберег с этим знаком наполняет силами, помогает справиться с болезнями и даёт:","оберег с этим знаком наполняет силами, помогает справиться с болезнями и даёт:",RU,USE_CASE,NO_EXACT_UPSTREAM_MATCH,NEW_CANDIDATE,NONE,NONE,NONE,DISTINCT_PENDING_LATER_ANALYSIS,ELIGIBLE_NEW_CANDIDATE,1,1,1,false,NONE,NONE,NOT_VALIDATED_STEP07,NOT_EVALUATED_STEP07,NOT_STARTED_STEP07,NONE
S07C000265,Оберег способен:,Оберег способен:,оберег способен:,RU,TERMINOLOGY,NO_EXACT_UPSTREAM_MATCH,NEW_CANDIDATE,NONE,NONE,NONE,DISTINCT_PENDING_LATER_ANALYSIS,ELIGIBLE_NEW_CANDIDATE,1,1,1,false,NONE,NONE,NOT_VALIDATED_STEP07,NOT_EVALUATED_STEP07,NOT_STARTED_STEP07,NONE
S07C000266,Обережные символы,Обережные символы,обережные символы,RU,TERMINOLOGY,NO_EXACT_UPSTREAM_MATCH,NEW_CANDIDATE,NONE,NONE,NONE,DISTINCT_PENDING_LATER_ANALYSIS,ELIGIBLE_NEW_CANDIDATE,1,1,2,false,NONE,NONE,NOT_VALIDATED_STEP07,NOT_EVALUATED_STEP07,NOT_STARTED_STEP07,NONE
S07C000267,"Обережные символы — Славянские символы в обережной вышивке. Значение, схемы и изготовление вышитых оберегов — Наталья Солнце","Обережные символы — Славянские символы в обережной вышивке. Значение, схемы и изготовление вышитых оберегов — Наталья Солнце","обережные символы — славянские символы в обережной вышивке. значение, схемы и изготовление вышитых оберегов — наталья солнце",RU,ATTRIBUTE,NO_EXACT_UPSTREAM_MATCH,NEW_CANDIDATE,NONE,NONE,NONE,DISTINCT_PENDING_LATER_ANALYSIS,ELIGIBLE_NEW_CANDIDATE,1,1,1,false,NONE,NONE,NOT_VALIDATED_STEP07,NOT_EVALUATED_STEP07,NOT_STARTED_STEP07,NONE
S07C000268,Обережный символ Боговник имеет другое название — «глаз бога» или «божье око».,Обережный символ Боговник имеет другое название — «глаз бога» или «божье око».,обережный символ боговник имеет другое название — «глаз бога» или «божье око».,RU,INFORMATIONAL_FORMULATION,NO_EXACT_UPSTREAM_MATCH,NEW_CANDIDATE,NONE,NONE,NONE,DISTINCT_PENDING_LATER_ANALYSIS,ELIGIBLE_NEW_CANDIDATE,1,1,1,false,NONE,NONE,NOT_VALIDATED_STEP07,NOT_EVALUATED_STEP07,NOT_STARTED_STEP07,NONE
S07C000269,"Обладает особой защитной силой, позволяет использовать солнечную огненную энергию для защиты от внешнего воздействия.","Обладает особой защитной силой, позволяет использовать солнечную огненную энергию для защиты от внешнего воздействия.","обладает особой защитной силой, позволяет использовать солнечную огненную энергию для защиты от внешнего воздействия.",RU,USE_CASE,NO_EXACT_UPSTREAM_MATCH,NEW_CANDIDATE,NONE,NONE,NONE,DISTINCT_PENDING_LATER_ANALYSIS,ELIGIBLE_NEW_CANDIDATE,1,1,1,false,NONE,NONE,NOT_VALIDATED_STEP07,NOT_EVALUATED_STEP07,NOT_STARTED_STEP07,NONE
S07C000270,"Обозначает связь с предками через ведунов и знающих посвящённых людей, символизирует объединение настоящего и будущего.","Обозначает связь с предками через ведунов и знающих посвящённых людей, символизирует объединение настоящего и будущего.","обозначает связь с предками через ведунов и знающих посвящённых людей, символизирует объединение настоящего и будущего.",RU,INFORMATIONAL_FORMULATION,NO_EXACT_UPSTREAM_MATCH,NEW_CANDIDATE,NONE,NONE,NONE,DISTINCT_PENDING_LATER_ANALYSIS,ELIGIBLE_NEW_CANDIDATE,1,1,1,false,NONE,NONE,NOT_VALIDATED_STEP07,NOT_EVALUATED_STEP07,NOT_STARTED_STEP07,NONE
S07C000271,обратный символу Грозовик,обратный символу Грозовик,обратный символу грозовик,RU,TERMINOLOGY,NO_EXACT_UPSTREAM_MATCH,NEW_CANDIDATE,NONE,NONE,NONE,DISTINCT_PENDING_LATER_ANALYSIS,ELIGIBLE_NEW_CANDIDATE,1,1,1,false,NONE,NONE,NOT_VALIDATED_STEP07,NOT_EVALUATED_STEP07,NOT_STARTED_STEP07,NONE
S07C000272,обратный символу Громовик,обратный символу Громовик,обратный символу громовик,RU,TERMINOLOGY,NO_EXACT_UPSTREAM_MATCH,NEW_CANDIDATE,NONE,NONE,NONE,DISTINCT_PENDING_LATER_ANALYSIS,ELIGIBLE_NEW_CANDIDATE,1,1,1,false,NONE,NONE,NOT_VALIDATED_STEP07,NOT_EVALUATED_STEP07,NOT_STARTED_STEP07,NONE
S07C000273,обратный символу Родовик,обратный символу Родовик,обратный символу родовик,RU,TERMINOLOGY,NO_EXACT_UPSTREAM_MATCH,NEW_CANDIDATE,NONE,NONE,NONE,DISTINCT_PENDING_LATER_ANALYSIS,ELIGIBLE_NEW_CANDIDATE,1,1,1,false,NONE,NONE,NOT_VALIDATED_STEP07,NOT_EVALUATED_STEP07,NOT_STARTED_STEP07,NONE
S07C000274,Общее значение читайте в предыдущей главе — Грозовик.,Общее значение читайте в предыдущей главе — Грозовик.,общее значение читайте в предыдущей главе — грозовик.,RU,INFORMATIONAL_FORMULATION,NO_EXACT_UPSTREAM_MATCH,NEW_CANDIDATE,NONE,NONE,NONE,DISTINCT_PENDING_LATER_ANALYSIS,ELIGIBLE_NEW_CANDIDATE,1,1,1,false,NONE,NONE,NOT_VALIDATED_STEP07,NOT_EVALUATED_STEP07,NOT_STARTED_STEP07,NONE
S07C000275,"Обычно подобные явления влияют лишь на работу амулетов связи, но не в этот раз.","Обычно подобные явления влияют лишь на работу амулетов связи, но не в этот раз.","обычно подобные явления влияют лишь на работу амулетов связи, но не в этот раз.",RU,INFORMATIONAL_FORMULATION,NO_EXACT_UPSTREAM_MATCH,NEW_CANDIDATE,NONE,NONE,NONE,DISTINCT_PENDING_LATER_ANALYSIS,ELIGIBLE_NEW_CANDIDATE,1,2,2,false,NONE,NONE,NOT_VALIDATED_STEP07,NOT_EVALUATED_STEP07,NOT_STARTED_STEP07,NONE
S07C000276,Однако Духобор не с каждым человеком совпадает по энергетике.,Однако Духобор не с каждым человеком совпадает по энергетике.,однако духобор не с каждым человеком совпадает по энергетике.,RU,INFORMATIONAL_FORMULATION,NO_EXACT_UPSTREAM_MATCH,NEW_CANDIDATE,NONE,NONE,NONE,DISTINCT_PENDING_LATER_ANALYSIS,ELIGIBLE_NEW_CANDIDATE,1,1,1,false,NONE,NONE,NOT_VALIDATED_STEP07,NOT_EVALUATED_STEP07,NOT_STARTED_STEP07,NONE
S07C000277,Ом (мантра),Ом (мантра),ом (мантра),RU,TERMINOLOGY,NO_EXACT_UPSTREAM_MATCH,NEW_CANDIDATE,NONE,NONE,NONE,DISTINCT_PENDING_LATER_ANALYSIS,ELIGIBLE_NEW_CANDIDATE,1,1,1,false,NONE,NONE,NOT_VALIDATED_STEP07,NOT_EVALUATED_STEP07,NOT_STARTED_STEP07,NONE
S07C000278,Ом (мантра) — Карта знаний,Ом (мантра) — Карта знаний,ом (мантра) — карта знаний,RU,TERMINOLOGY,NO_EXACT_UPSTREAM_MATCH,NEW_CANDIDATE,NONE,NONE,NONE,DISTINCT_PENDING_LATER_ANALYSIS,ELIGIBLE_NEW_CANDIDATE,1,1,1,false,NONE,NONE,NOT_VALIDATED_STEP07,NOT_EVALUATED_STEP07,NOT_STARTED_STEP07,NONE
S07C000279,"Он использовался волхвами и лекарями, которые связаны с миром земным и миром божественным.","Он использовался волхвами и лекарями, которые связаны с миром земным и миром божественным.","он использовался волхвами и лекарями, которые связаны с миром земным и миром божественным.",RU,INFORMATIONAL_FORMULATION,NO_EXACT_UPSTREAM_MATCH,NEW_CANDIDATE,NONE,NONE,NONE,DISTINCT_PENDING_LATER_ANALYSIS,ELIGIBLE_NEW_CANDIDATE,1,1,1,false,NONE,NONE,NOT_VALIDATED_STEP07,NOT_EVALUATED_STEP07,NOT_STARTED_STEP07,NONE
S07C000280,"Он напрямую связан с душой человека, контактирующей с реальным миром вокруг него.","Он напрямую связан с душой человека, контактирующей с реальным миром вокруг него.","он напрямую связан с душой человека, контактирующей с реальным миром вокруг него.",RU,INFORMATIONAL_FORMULATION,NO_EXACT_UPSTREAM_MATCH,NEW_CANDIDATE,NONE,NONE,NONE,DISTINCT_PENDING_LATER_ANALYSIS,ELIGIBLE_NEW_CANDIDATE,1,1,1,false,NONE,NONE,NOT_VALIDATED_STEP07,NOT_EVALUATED_STEP07,NOT_STARTED_STEP07,NONE
S07C000281,Он олицетворяет энергию солнца и считается мощной защитой на уровне тонких материй.,Он олицетворяет энергию солнца и считается мощной защитой на уровне тонких материй.,он олицетворяет энергию солнца и считается мощной защитой на уровне тонких материй.,RU,USE_CASE,NO_EXACT_UPSTREAM_MATCH,NEW_CANDIDATE,NONE,NONE,NONE,DISTINCT_PENDING_LATER_ANALYSIS,ELIGIBLE_NEW_CANDIDATE,1,1,1,false,NONE,NONE,NOT_VALIDATED_STEP07,NOT_EVALUATED_STEP07,NOT_STARTED_STEP07,NONE
S07C000282,"Она даст уроки тому, кто обладает гордым, жёстким и непреклонным характером, но при этом очень деятелен и любознателен.","Она даст уроки тому, кто обладает гордым, жёстким и непреклонным характером, но при этом очень деятелен и любознателен.","она даст уроки тому, кто обладает гордым, жёстким и непреклонным характером, но при этом очень деятелен и любознателен.",RU,INFORMATIONAL_FORMULATION,NO_EXACT_UPSTREAM_MATCH,NEW_CANDIDATE,NONE,NONE,NONE,DISTINCT_PENDING_LATER_ANALYSIS,ELIGIBLE_NEW_CANDIDATE,1,1,1,false,NONE,NONE,NOT_VALIDATED_STEP07,NOT_EVALUATED_STEP07,NOT_STARTED_STEP07,NONE
S07C000283,Она стала его постоянным спутником и настоящим талисманом удачи.,Она стала его постоянным спутником и настоящим талисманом удачи.,она стала его постоянным спутником и настоящим талисманом удачи.,RU,USE_CASE,NO_EXACT_UPSTREAM_MATCH,NEW_CANDIDATE,NONE,NONE,NONE,DISTINCT_PENDING_LATER_ANALYSIS,ELIGIBLE_NEW_CANDIDATE,1,2,2,false,NONE,NONE,NOT_VALIDATED_STEP07,NOT_EVALUATED_STEP07,NOT_STARTED_STEP07,NONE
S07C000284,"Они имеют не только существенные символические, но и внешние отличия.","Они имеют не только существенные символические, но и внешние отличия.","они имеют не только существенные символические, но и внешние отличия.",RU,INFORMATIONAL_FORMULATION,NO_EXACT_UPSTREAM_MATCH,NEW_CANDIDATE,NONE,NONE,NONE,DISTINCT_PENDING_LATER_ANALYSIS,ELIGIBLE_NEW_CANDIDATE,1,1,1,false,NONE,NONE,NOT_VALIDATED_STEP07,NOT_EVALUATED_STEP07,NOT_STARTED_STEP07,NONE
S07C000285,"Они, вероятно, считали его за какой-нибудь талисман или амулет, имеющий таинственную силу.","Они, вероятно, считали его за какой-нибудь талисман или амулет, имеющий таинственную силу.","они, вероятно, считали его за какой-нибудь талисман или амулет, имеющий таинственную силу.",RU,INFORMATIONAL_FORMULATION,NO_EXACT_UPSTREAM_MATCH,NEW_CANDIDATE,NONE,NONE,NONE,DISTINCT_PENDING_LATER_ANALYSIS,ELIGIBLE_NEW_CANDIDATE,1,1,1,false,NONE,NONE,NOT_VALIDATED_STEP07,NOT_EVALUATED_STEP07,NOT_STARTED_STEP07,NONE
S07C000286,Описаны значения разных цветов и орнаментов в славянской вышивке.,Описаны значения разных цветов и орнаментов в славянской вышивке.,описаны значения разных цветов и орнаментов в славянской вышивке.,RU,ATTRIBUTE,NO_EXACT_UPSTREAM_MATCH,NEW_CANDIDATE,NONE,NONE,NONE,DISTINCT_PENDING_LATER_ANALYSIS,ELIGIBLE_NEW_CANDIDATE,1,1,1,false,NONE,NONE,NOT_VALIDATED_STEP07,NOT_EVALUATED_STEP07,NOT_STARTED_STEP07,NONE
S07C000287,"Основная функция символа — защита детей, как уже рождённых, так и ещё нерождённых.","Основная функция символа — защита детей, как уже рождённых, так и ещё нерождённых.","основная функция символа — защита детей, как уже рождённых, так и ещё нерождённых.",RU,USE_CASE,NO_EXACT_UPSTREAM_MATCH,NEW_CANDIDATE,NONE,NONE,NONE,DISTINCT_PENDING_LATER_ANALYSIS,ELIGIBLE_NEW_CANDIDATE,1,1,1,false,NONE,NONE,NOT_VALIDATED_STEP07,NOT_EVALUATED_STEP07,NOT_STARTED_STEP07,NONE
S07C000288,"Особенно оберег хорош для тех, кто живёт в агрессивной среде — «воинов и ведунов» в широком современном понимании.","Особенно оберег хорош для тех, кто живёт в агрессивной среде — «воинов и ведунов» в широком современном понимании.","особенно оберег хорош для тех, кто живёт в агрессивной среде — «воинов и ведунов» в широком современном понимании.",RU,USE_CASE,NO_EXACT_UPSTREAM_MATCH,NEW_CANDIDATE,NONE,NONE,NONE,DISTINCT_PENDING_LATER_ANALYSIS,ELIGIBLE_NEW_CANDIDATE,1,1,1,false,NONE,NONE,NOT_VALIDATED_STEP07,NOT_EVALUATED_STEP07,NOT_STARTED_STEP07,NONE
S07C000289,"Особенно подходит женщинам, причём девочкам его можно носить с момента, когда наступает половое созревание, то есть начинается менструация.","Особенно подходит женщинам, причём девочкам его можно носить с момента, когда наступает половое созревание, то есть начинается менструация.","особенно подходит женщинам, причём девочкам его можно носить с момента, когда наступает половое созревание, то есть начинается менструация.",RU,INFORMATIONAL_FORMULATION,NO_EXACT_UPSTREAM_MATCH,NEW_CANDIDATE,NONE,NONE,NONE,DISTINCT_PENDING_LATER_ANALYSIS,ELIGIBLE_NEW_CANDIDATE,1,1,1,false,NONE,NONE,NOT_VALIDATED_STEP07,NOT_EVALUATED_STEP07,NOT_STARTED_STEP07,NONE
S07C000290,"от преступленья, От сердечных новых ран, От измены, от забвенья Сохранит мой талисман!","от преступленья, От сердечных новых ран, От измены, от забвенья Сохранит мой талисман!","от преступленья, от сердечных новых ран, от измены, от забвенья сохранит мой талисман!",RU,INFORMATIONAL_FORMULATION,NO_EXACT_UPSTREAM_MATCH,NEW_CANDIDATE,NONE,NONE,NONE,DISTINCT_PENDING_LATER_ANALYSIS,ELIGIBLE_NEW_CANDIDATE,1,1,1,false,NONE,NONE,NOT_VALIDATED_STEP07,NOT_EVALUATED_STEP07,NOT_STARTED_STEP07,NONE
S07C000291,"Отдельные главы посвящены подбору материалов, изготовлению вышитых оберегов, их активированию и зарядке.","Отдельные главы посвящены подбору материалов, изготовлению вышитых оберегов, их активированию и зарядке.","отдельные главы посвящены подбору материалов, изготовлению вышитых оберегов, их активированию и зарядке.",RU,ATTRIBUTE,NO_EXACT_UPSTREAM_MATCH,NEW_CANDIDATE,NONE,NONE,NONE,DISTINCT_PENDING_LATER_ANALYSIS,ELIGIBLE_NEW_CANDIDATE,1,1,1,false,NONE,NONE,NOT_VALIDATED_STEP07,NOT_EVALUATED_STEP07,NOT_STARTED_STEP07,NONE
S07C000292,"Отличия в том, что концы эллипсов острые (в Звезде Лады они закруглены).","Отличия в том, что концы эллипсов острые (в Звезде Лады они закруглены).","отличия в том, что концы эллипсов острые (в звезде лады они закруглены).",RU,INFORMATIONAL_FORMULATION,NO_EXACT_UPSTREAM_MATCH,NEW_CANDIDATE,NONE,NONE,NONE,DISTINCT_PENDING_LATER_ANALYSIS,ELIGIBLE_NEW_CANDIDATE,1,1,1,false,NONE,NONE,NOT_VALIDATED_STEP07,NOT_EVALUATED_STEP07,NOT_STARTED_STEP07,NONE
S07C000293,Относятся к чисто мужским оберегам.,Относятся к чисто мужским оберегам.,относятся к чисто мужским оберегам.,RU,TERMINOLOGY,NO_EXACT_UPSTREAM_MATCH,NEW_CANDIDATE,NONE,NONE,NONE,DISTINCT_PENDING_LATER_ANALYSIS,ELIGIBLE_NEW_CANDIDATE,1,1,1,false,NONE,NONE,NOT_VALIDATED_STEP07,NOT_EVALUATED_STEP07,NOT_STARTED_STEP07,NONE
S07C000294,п.; талисман.,п.; талисман.,п.; талисман.,RU,TERMINOLOGY,NO_EXACT_UPSTREAM_MATCH,NEW_CANDIDATE,NONE,NONE,NONE,DISTINCT_PENDING_LATER_ANALYSIS,ELIGIBLE_NEW_CANDIDATE,1,2,3,false,NONE,NONE,NOT_VALIDATED_STEP07,NOT_EVALUATED_STEP07,NOT_STARTED_STEP07,NONE
S07C000295,"Полезно будет носить этот оберег и тем, кто работает на благо людей или занимается воспитанием, обучением детей.","Полезно будет носить этот оберег и тем, кто работает на благо людей или занимается воспитанием, обучением детей.","полезно будет носить этот оберег и тем, кто работает на благо людей или занимается воспитанием, обучением детей.",RU,INFORMATIONAL_FORMULATION,NO_EXACT_UPSTREAM_MATCH,NEW_CANDIDATE,NONE,NONE,NONE,DISTINCT_PENDING_LATER_ANALYSIS,ELIGIBLE_NEW_CANDIDATE,1,1,1,false,NONE,NONE,NOT_VALIDATED_STEP07,NOT_EVALUATED_STEP07,NOT_STARTED_STEP07,NONE
S07C000296,"Помогает людскому роду жить в дружбе и постоянстве, добре и справедливости.","Помогает людскому роду жить в дружбе и постоянстве, добре и справедливости.","помогает людскому роду жить в дружбе и постоянстве, добре и справедливости.",RU,USE_CASE,NO_EXACT_UPSTREAM_MATCH,NEW_CANDIDATE,NONE,NONE,NONE,DISTINCT_PENDING_LATER_ANALYSIS,ELIGIBLE_NEW_CANDIDATE,1,1,1,false,NONE,NONE,NOT_VALIDATED_STEP07,NOT_EVALUATED_STEP07,NOT_STARTED_STEP07,NONE
S07C000297,Помогает приобрести:,Помогает приобрести:,помогает приобрести:,RU,USE_CASE,NO_EXACT_UPSTREAM_MATCH,NEW_CANDIDATE,NONE,NONE,NONE,DISTINCT_PENDING_LATER_ANALYSIS,ELIGIBLE_NEW_CANDIDATE,1,1,1,false,NONE,NONE,NOT_VALIDATED_STEP07,NOT_EVALUATED_STEP07,NOT_STARTED_STEP07,NONE
S07C000298,Помогает:,Помогает:,помогает:,RU,USE_CASE,NO_EXACT_UPSTREAM_MATCH,NEW_CANDIDATE,NONE,NONE,NONE,DISTINCT_PENDING_LATER_ANALYSIS,ELIGIBLE_NEW_CANDIDATE,1,1,1,false,NONE,NONE,NOT_VALIDATED_STEP07,NOT_EVALUATED_STEP07,NOT_STARTED_STEP07,NONE
S07C000299,"Поможет овладеть тайнами магического боевого искусства, делая мужчину сильным телом и, главное, духом.","Поможет овладеть тайнами магического боевого искусства, делая мужчину сильным телом и, главное, духом.","поможет овладеть тайнами магического боевого искусства, делая мужчину сильным телом и, главное, духом.",RU,INFORMATIONAL_FORMULATION,NO_EXACT_UPSTREAM_MATCH,NEW_CANDIDATE,NONE,NONE,NONE,DISTINCT_PENDING_LATER_ANALYSIS,ELIGIBLE_NEW_CANDIDATE,1,1,1,false,NONE,NONE,NOT_VALIDATED_STEP07,NOT_EVALUATED_STEP07,NOT_STARTED_STEP07,NONE
S07C000300,"Поможет тем, кто устраивается на работу — сгладит отношения в коллективе и с начальством.","Поможет тем, кто устраивается на работу — сгладит отношения в коллективе и с начальством.","поможет тем, кто устраивается на работу — сгладит отношения в коллективе и с начальством.",RU,INFORMATIONAL_FORMULATION,NO_EXACT_UPSTREAM_MATCH,NEW_CANDIDATE,NONE,NONE,NONE,DISTINCT_PENDING_LATER_ANALYSIS,ELIGIBLE_NEW_CANDIDATE,1,1,1,false,NONE,NONE,NOT_VALIDATED_STEP07,NOT_EVALUATED_STEP07,NOT_STARTED_STEP07,NONE
S07C000301,Поможет:,Поможет:,поможет:,RU,TERMINOLOGY,NO_EXACT_UPSTREAM_MATCH,NEW_CANDIDATE,NONE,NONE,NONE,DISTINCT_PENDING_LATER_ANALYSIS,ELIGIBLE_NEW_CANDIDATE,1,1,1,false,NONE,NONE,NOT_VALIDATED_STEP07,NOT_EVALUATED_STEP07,NOT_STARTED_STEP07,NONE
S07C000302,Понятия со словом «амулет»,Понятия со словом «амулет»,понятия со словом «амулет»,RU,TERMINOLOGY,NO_EXACT_UPSTREAM_MATCH,NEW_CANDIDATE,NONE,NONE,NONE,DISTINCT_PENDING_LATER_ANALYSIS,ELIGIBLE_NEW_CANDIDATE,1,1,1,false,NONE,NONE,NOT_VALIDATED_STEP07,NOT_EVALUATED_STEP07,NOT_STARTED_STEP07,NONE
S07C000303,Понятия со словом «Руна»,Понятия со словом «Руна»,понятия со словом «руна»,RU,TERMINOLOGY,NO_EXACT_UPSTREAM_MATCH,NEW_CANDIDATE,NONE,NONE,NONE,DISTINCT_PENDING_LATER_ANALYSIS,ELIGIBLE_NEW_CANDIDATE,1,1,1,false,NONE,NONE,NOT_VALIDATED_STEP07,NOT_EVALUATED_STEP07,NOT_STARTED_STEP07,NONE
S07C000304,Понятия со словом «талисман»,Понятия со словом «талисман»,понятия со словом «талисман»,RU,TERMINOLOGY,NO_EXACT_UPSTREAM_MATCH,NEW_CANDIDATE,NONE,NONE,NONE,DISTINCT_PENDING_LATER_ANALYSIS,ELIGIBLE_NEW_CANDIDATE,1,1,1,false,NONE,NONE,NOT_VALIDATED_STEP07,NOT_EVALUATED_STEP07,NOT_STARTED_STEP07,NONE
S07C000305,Правдолюбцам и труженикам Белобог дарует:,Правдолюбцам и труженикам Белобог дарует:,правдолюбцам и труженикам белобог дарует:,RU,USE_CASE,NO_EXACT_UPSTREAM_MATCH,NEW_CANDIDATE,NONE,NONE,NONE,DISTINCT_PENDING_LATER_ANALYSIS,ELIGIBLE_NEW_CANDIDATE,1,1,1,false,NONE,NONE,NOT_VALIDATED_STEP07,NOT_EVALUATED_STEP07,NOT_STARTED_STEP07,NONE
S07C000306,"Практики, дающие силу, красоту и здоровье","Практики, дающие силу, красоту и здоровье","практики, дающие силу, красоту и здоровье",RU,USE_CASE,NO_EXACT_UPSTREAM_MATCH,NEW_CANDIDATE,NONE,NONE,NONE,DISTINCT_PENDING_LATER_ANALYSIS,ELIGIBLE_NEW_CANDIDATE,1,1,1,false,NONE,NONE,NOT_VALIDATED_STEP07,NOT_EVALUATED_STEP07,NOT_STARTED_STEP07,NONE
S07C000307,Предложения со словом «амулет»,Предложения со словом «амулет»,предложения со словом «амулет»,RU,INFORMATIONAL_FORMULATION,NO_EXACT_UPSTREAM_MATCH,NEW_CANDIDATE,NONE,NONE,NONE,DISTINCT_PENDING_LATER_ANALYSIS,ELIGIBLE_NEW_CANDIDATE,1,2,4,false,NONE,NONE,NOT_VALIDATED_STEP07,NOT_EVALUATED_STEP07,NOT_STARTED_STEP07,NONE
S07C000308,Предложения со словом «кулон»,Предложения со словом «кулон»,предложения со словом «кулон»,RU,INFORMATIONAL_FORMULATION,NO_EXACT_UPSTREAM_MATCH,NEW_CANDIDATE,NONE,NONE,NONE,DISTINCT_PENDING_LATER_ANALYSIS,ELIGIBLE_NEW_CANDIDATE,1,1,2,false,NONE,NONE,NOT_VALIDATED_STEP07,NOT_EVALUATED_STEP07,NOT_STARTED_STEP07,NONE
S07C000309,Предложения со словом «медальон»,Предложения со словом «медальон»,предложения со словом «медальон»,RU,INFORMATIONAL_FORMULATION,NO_EXACT_UPSTREAM_MATCH,NEW_CANDIDATE,NONE,NONE,NONE,DISTINCT_PENDING_LATER_ANALYSIS,ELIGIBLE_NEW_CANDIDATE,1,1,2,false,NONE,NONE,NOT_VALIDATED_STEP07,NOT_EVALUATED_STEP07,NOT_STARTED_STEP07,NONE
S07C000310,Предложения со словом «оберег»,Предложения со словом «оберег»,предложения со словом «оберег»,RU,INFORMATIONAL_FORMULATION,NO_EXACT_UPSTREAM_MATCH,NEW_CANDIDATE,NONE,NONE,NONE,DISTINCT_PENDING_LATER_ANALYSIS,ELIGIBLE_NEW_CANDIDATE,1,1,2,false,NONE,NONE,NOT_VALIDATED_STEP07,NOT_EVALUATED_STEP07,NOT_STARTED_STEP07,NONE
S07C000311,Предложения со словом «руна»,Предложения со словом «руна»,предложения со словом «руна»,RU,INFORMATIONAL_FORMULATION,NO_EXACT_UPSTREAM_MATCH,NEW_CANDIDATE,NONE,NONE,NONE,DISTINCT_PENDING_LATER_ANALYSIS,ELIGIBLE_NEW_CANDIDATE,1,2,4,false,NONE,NONE,NOT_VALIDATED_STEP07,NOT_EVALUATED_STEP07,NOT_STARTED_STEP07,NONE
S07C000312,Предложения со словом «талисман»,Предложения со словом «талисман»,предложения со словом «талисман»,RU,INFORMATIONAL_FORMULATION,NO_EXACT_UPSTREAM_MATCH,NEW_CANDIDATE,NONE,NONE,NONE,DISTINCT_PENDING_LATER_ANALYSIS,ELIGIBLE_NEW_CANDIDATE,1,2,4,false,NONE,NONE,NOT_VALIDATED_STEP07,NOT_EVALUATED_STEP07,NOT_STARTED_STEP07,NONE
S07C000313,Предложения со словосочетанием «рунические знаки»,Предложения со словосочетанием «рунические знаки»,предложения со словосочетанием «рунические знаки»,RU,INFORMATIONAL_FORMULATION,NO_EXACT_UPSTREAM_MATCH,NEW_CANDIDATE,NONE,NONE,NONE,DISTINCT_PENDING_LATER_ANALYSIS,ELIGIBLE_NEW_CANDIDATE,1,1,2,false,NONE,NONE,NOT_VALIDATED_STEP07,NOT_EVALUATED_STEP07,NOT_STARTED_STEP07,NONE
S07C000314,Призван оберегать сокровища народного духа и человеческих душ от злых враждебных сил.,Призван оберегать сокровища народного духа и человеческих душ от злых враждебных сил.,призван оберегать сокровища народного духа и человеческих душ от злых враждебных сил.,RU,INFORMATIONAL_FORMULATION,NO_EXACT_UPSTREAM_MATCH,NEW_CANDIDATE,NONE,NONE,NONE,DISTINCT_PENDING_LATER_ANALYSIS,ELIGIBLE_NEW_CANDIDATE,1,1,1,false,NONE,NONE,NOT_VALIDATED_STEP07,NOT_EVALUATED_STEP07,NOT_STARTED_STEP07,NONE
S07C000315,Примечания,Примечания,примечания,RU,TERMINOLOGY,NO_EXACT_UPSTREAM_MATCH,NEW_CANDIDATE,NONE,NONE,NONE,DISTINCT_PENDING_LATER_ANALYSIS,ELIGIBLE_NEW_CANDIDATE,1,1,1,false,NONE,NONE,NOT_VALIDATED_STEP07,NOT_EVALUATED_STEP07,NOT_STARTED_STEP07,NONE
S07C000316,Принадлежит к солнечным огненным знакам и является родовым оберегом.,Принадлежит к солнечным огненным знакам и является родовым оберегом.,принадлежит к солнечным огненным знакам и является родовым оберегом.,RU,INFORMATIONAL_FORMULATION,NO_EXACT_UPSTREAM_MATCH,NEW_CANDIDATE,NONE,NONE,NONE,DISTINCT_PENDING_LATER_ANALYSIS,ELIGIBLE_NEW_CANDIDATE,1,1,1,false,NONE,NONE,NOT_VALIDATED_STEP07,NOT_EVALUATED_STEP07,NOT_STARTED_STEP07,NONE
S07C000317,"Пушкин, Талисман.","Пушкин, Талисман.","пушкин, талисман.",RU,TERMINOLOGY,NO_EXACT_UPSTREAM_MATCH,NEW_CANDIDATE,NONE,NONE,NONE,DISTINCT_PENDING_LATER_ANALYSIS,ELIGIBLE_NEW_CANDIDATE,1,1,1,false,NONE,NONE,NOT_VALIDATED_STEP07,NOT_EVALUATED_STEP07,NOT_STARTED_STEP07,NONE
S07C000318,"река в России, приток Полы ◆ Руна — одна из многочисленных рек, протекающих по территории России.","река в России, приток Полы ◆ Руна — одна из многочисленных рек, протекающих по территории России.","река в россии, приток полы ◆ руна — одна из многочисленных рек, протекающих по территории россии.",RU,INFORMATIONAL_FORMULATION,NO_EXACT_UPSTREAM_MATCH,NEW_CANDIDATE,NONE,NONE,NONE,DISTINCT_PENDING_LATER_ANALYSIS,ELIGIBLE_NEW_CANDIDATE,1,1,1,false,NONE,NONE,NOT_VALIDATED_STEP07,NOT_EVALUATED_STEP07,NOT_STARTED_STEP07,NONE
S07C000319,"Рекомендуется также людям, которые хотят вступить в брак, но не могут решиться.","Рекомендуется также людям, которые хотят вступить в брак, но не могут решиться.","рекомендуется также людям, которые хотят вступить в брак, но не могут решиться.",RU,INFORMATIONAL_FORMULATION,NO_EXACT_UPSTREAM_MATCH,NEW_CANDIDATE,NONE,NONE,NONE,DISTINCT_PENDING_LATER_ANALYSIS,ELIGIBLE_NEW_CANDIDATE,1,1,1,false,NONE,NONE,NOT_VALIDATED_STEP07,NOT_EVALUATED_STEP07,NOT_STARTED_STEP07,NONE
S07C000320,Роман с вышивкой.,Роман с вышивкой.,роман с вышивкой.,RU,ATTRIBUTE,NO_EXACT_UPSTREAM_MATCH,NEW_CANDIDATE,NONE,NONE,NONE,DISTINCT_PENDING_LATER_ANALYSIS,ELIGIBLE_NEW_CANDIDATE,1,1,1,false,NONE,NONE,NOT_VALIDATED_STEP07,NOT_EVALUATED_STEP07,NOT_STARTED_STEP07,NONE
S07C000321,ру́на I,ру́на I,ру́на i,MIXED,TERMINOLOGY,NO_EXACT_UPSTREAM_MATCH,NEW_CANDIDATE,NONE,NONE,NONE,DISTINCT_PENDING_LATER_ANALYSIS,ELIGIBLE_NEW_CANDIDATE,1,1,1,false,NONE,NONE,NOT_VALIDATED_STEP07,NOT_EVALUATED_STEP07,NOT_STARTED_STEP07,NONE
S07C000322,ру́на II,ру́на II,ру́на ii,MIXED,TERMINOLOGY,NO_EXACT_UPSTREAM_MATCH,NEW_CANDIDATE,NONE,NONE,NONE,DISTINCT_PENDING_LATER_ANALYSIS,ELIGIBLE_NEW_CANDIDATE,1,1,1,false,NONE,NONE,NOT_VALIDATED_STEP07,NOT_EVALUATED_STEP07,NOT_STARTED_STEP07,NONE
S07C000323,РУНА,РУНА,руна,RU,TERMINOLOGY,NO_EXACT_UPSTREAM_MATCH,NEW_CANDIDATE,NONE,NONE,NONE,DISTINCT_PENDING_LATER_ANALYSIS,ELIGIBLE_NEW_CANDIDATE,1,2,31,false,NONE,NONE,NOT_VALIDATED_STEP07,NOT_EVALUATED_STEP07,NOT_STARTED_STEP07,NONE
S07C000324,"РУНИ́ЧЕСКИЙ, -ая, -ое.","РУНИ́ЧЕСКИЙ, -ая, -ое.","руни́ческий, -ая, -ое.",RU,TERMINOLOGY,NO_EXACT_UPSTREAM_MATCH,NEW_CANDIDATE,NONE,NONE,NONE,DISTINCT_PENDING_LATER_ANALYSIS,ELIGIBLE_NEW_CANDIDATE,1,1,2,false,NONE,NONE,NOT_VALIDATED_STEP07,NOT_EVALUATED_STEP07,NOT_STARTED_STEP07,NONE
S07C000325,РУНИЧЕСКИЕ ЗНАКИ,РУНИЧЕСКИЕ ЗНАКИ,рунические знаки,RU,TERMINOLOGY,NO_EXACT_UPSTREAM_MATCH,NEW_CANDIDATE,NONE,NONE,NONE,DISTINCT_PENDING_LATER_ANALYSIS,ELIGIBLE_NEW_CANDIDATE,1,1,6,false,NONE,NONE,NOT_VALIDATED_STEP07,NOT_EVALUATED_STEP07,NOT_STARTED_STEP07,NONE
S07C000326,Рунические надписи.,Рунические надписи.,рунические надписи.,RU,TERMINOLOGY,NO_EXACT_UPSTREAM_MATCH,NEW_CANDIDATE,NONE,NONE,NONE,DISTINCT_PENDING_LATER_ANALYSIS,ELIGIBLE_NEW_CANDIDATE,1,1,2,false,NONE,NONE,NOT_VALIDATED_STEP07,NOT_EVALUATED_STEP07,NOT_STARTED_STEP07,NONE
S07C000327,рунический,рунический,рунический,RU,TERMINOLOGY,NO_EXACT_UPSTREAM_MATCH,NEW_CANDIDATE,NONE,NONE,NONE,DISTINCT_PENDING_LATER_ANALYSIS,ELIGIBLE_NEW_CANDIDATE,1,1,4,false,NONE,NONE,NOT_VALIDATED_STEP07,NOT_EVALUATED_STEP07,NOT_STARTED_STEP07,NONE
S07C000328,С его помощью человек сможет собрать волю в кулак и найти выход из любой ситуации.,С его помощью человек сможет собрать волю в кулак и найти выход из любой ситуации.,с его помощью человек сможет собрать волю в кулак и найти выход из любой ситуации.,RU,INFORMATIONAL_FORMULATION,NO_EXACT_UPSTREAM_MATCH,NEW_CANDIDATE,NONE,NONE,NONE,DISTINCT_PENDING_LATER_ANALYSIS,ELIGIBLE_NEW_CANDIDATE,1,1,1,false,NONE,NONE,NOT_VALIDATED_STEP07,NOT_EVALUATED_STEP07,NOT_STARTED_STEP07,NONE
S07C000329,"С помощью Грозовика ведуны, жрецы и волхвы могли управлять погодой и стихиями.","С помощью Грозовика ведуны, жрецы и волхвы могли управлять погодой и стихиями.","с помощью грозовика ведуны, жрецы и волхвы могли управлять погодой и стихиями.",RU,INFORMATIONAL_FORMULATION,NO_EXACT_UPSTREAM_MATCH,NEW_CANDIDATE,NONE,NONE,NONE,DISTINCT_PENDING_LATER_ANALYSIS,ELIGIBLE_NEW_CANDIDATE,1,1,1,false,NONE,NONE,NOT_VALIDATED_STEP07,NOT_EVALUATED_STEP07,NOT_STARTED_STEP07,NONE
S07C000330,Само название оберега прославляет Ладу и Славуню.,Само название оберега прославляет Ладу и Славуню.,само название оберега прославляет ладу и славуню.,RU,INFORMATIONAL_FORMULATION,NO_EXACT_UPSTREAM_MATCH,NEW_CANDIDATE,NONE,NONE,NONE,DISTINCT_PENDING_LATER_ANALYSIS,ELIGIBLE_NEW_CANDIDATE,1,1,1,false,NONE,NONE,NOT_VALIDATED_STEP07,NOT_EVALUATED_STEP07,NOT_STARTED_STEP07,NONE
S07C000331,"Сварог через свой символ посылает людям свои благословения, защиту и помощь в творческом труде.","Сварог через свой символ посылает людям свои благословения, защиту и помощь в творческом труде.","сварог через свой символ посылает людям свои благословения, защиту и помощь в творческом труде.",RU,USE_CASE,NO_EXACT_UPSTREAM_MATCH,NEW_CANDIDATE,NONE,NONE,NONE,DISTINCT_PENDING_LATER_ANALYSIS,ELIGIBLE_NEW_CANDIDATE,1,1,1,false,NONE,NONE,NOT_VALIDATED_STEP07,NOT_EVALUATED_STEP07,NOT_STARTED_STEP07,NONE
S07C000332,Свойства символа:,Свойства символа:,свойства символа:,RU,TERMINOLOGY,NO_EXACT_UPSTREAM_MATCH,NEW_CANDIDATE,NONE,NONE,NONE,DISTINCT_PENDING_LATER_ANALYSIS,ELIGIBLE_NEW_CANDIDATE,1,1,1,false,NONE,NONE,NOT_VALIDATED_STEP07,NOT_EVALUATED_STEP07,NOT_STARTED_STEP07,NONE
S07C000333,"Сила в обереге олицетворяет мощь и благорасположение бога Велеса к тем, кто проявляет своё упорство в плодотворном труде.","Сила в обереге олицетворяет мощь и благорасположение бога Велеса к тем, кто проявляет своё упорство в плодотворном труде.","сила в обереге олицетворяет мощь и благорасположение бога велеса к тем, кто проявляет своё упорство в плодотворном труде.",RU,INFORMATIONAL_FORMULATION,NO_EXACT_UPSTREAM_MATCH,NEW_CANDIDATE,NONE,NONE,NONE,DISTINCT_PENDING_LATER_ANALYSIS,ELIGIBLE_NEW_CANDIDATE,1,1,1,false,NONE,NONE,NOT_VALIDATED_STEP07,NOT_EVALUATED_STEP07,NOT_STARTED_STEP07,NONE
S07C000334,Символ бога Перуна.,Символ бога Перуна.,символ бога перуна.,RU,TERMINOLOGY,NO_EXACT_UPSTREAM_MATCH,NEW_CANDIDATE,NONE,NONE,NONE,DISTINCT_PENDING_LATER_ANALYSIS,ELIGIBLE_NEW_CANDIDATE,1,1,1,false,NONE,NONE,NOT_VALIDATED_STEP07,NOT_EVALUATED_STEP07,NOT_STARTED_STEP07,NONE
S07C000335,"Символ Вия, знак предупреждения всякому, кто свернул с пути Прави, став на путь беззакония, кривды, лжи да неправды.","Символ Вия, знак предупреждения всякому, кто свернул с пути Прави, став на путь беззакония, кривды, лжи да неправды.","символ вия, знак предупреждения всякому, кто свернул с пути прави, став на путь беззакония, кривды, лжи да неправды.",RU,INFORMATIONAL_FORMULATION,NO_EXACT_UPSTREAM_MATCH,NEW_CANDIDATE,NONE,NONE,NONE,DISTINCT_PENDING_LATER_ANALYSIS,ELIGIBLE_NEW_CANDIDATE,1,1,1,false,NONE,NONE,NOT_VALIDATED_STEP07,NOT_EVALUATED_STEP07,NOT_STARTED_STEP07,NONE
S07C000336,Символ дарует:,Символ дарует:,символ дарует:,RU,USE_CASE,NO_EXACT_UPSTREAM_MATCH,NEW_CANDIDATE,NONE,NONE,NONE,DISTINCT_PENDING_LATER_ANALYSIS,ELIGIBLE_NEW_CANDIDATE,1,1,2,false,NONE,NONE,NOT_VALIDATED_STEP07,NOT_EVALUATED_STEP07,NOT_STARTED_STEP07,NONE
S07C000337,"Символ единения огня небес и земли, сохранения единого рода.","Символ единения огня небес и земли, сохранения единого рода.","символ единения огня небес и земли, сохранения единого рода.",RU,INFORMATIONAL_FORMULATION,NO_EXACT_UPSTREAM_MATCH,NEW_CANDIDATE,NONE,NONE,NONE,DISTINCT_PENDING_LATER_ANALYSIS,ELIGIBLE_NEW_CANDIDATE,1,1,1,false,NONE,NONE,NOT_VALIDATED_STEP07,NOT_EVALUATED_STEP07,NOT_STARTED_STEP07,NONE
S07C000338,Символ защитит от:,Символ защитит от:,символ защитит от:,RU,USE_CASE,NO_EXACT_UPSTREAM_MATCH,NEW_CANDIDATE,NONE,NONE,NONE,DISTINCT_PENDING_LATER_ANALYSIS,ELIGIBLE_NEW_CANDIDATE,1,1,1,false,NONE,NONE,NOT_VALIDATED_STEP07,NOT_EVALUATED_STEP07,NOT_STARTED_STEP07,NONE
S07C000339,"Символ Морены останавливает, замораживает всё.","Символ Морены останавливает, замораживает всё.","символ морены останавливает, замораживает всё.",RU,TERMINOLOGY,NO_EXACT_UPSTREAM_MATCH,NEW_CANDIDATE,NONE,NONE,NONE,DISTINCT_PENDING_LATER_ANALYSIS,ELIGIBLE_NEW_CANDIDATE,1,1,1,false,NONE,NONE,NOT_VALIDATED_STEP07,NOT_EVALUATED_STEP07,NOT_STARTED_STEP07,NONE
S07C000340,Символ обережёт от:,Символ обережёт от:,символ обережёт от:,RU,TERMINOLOGY,NO_EXACT_UPSTREAM_MATCH,NEW_CANDIDATE,NONE,NONE,NONE,DISTINCT_PENDING_LATER_ANALYSIS,ELIGIBLE_NEW_CANDIDATE,1,1,1,false,NONE,NONE,NOT_VALIDATED_STEP07,NOT_EVALUATED_STEP07,NOT_STARTED_STEP07,NONE
S07C000341,Символ обеспечивает:,Символ обеспечивает:,символ обеспечивает:,RU,TERMINOLOGY,NO_EXACT_UPSTREAM_MATCH,NEW_CANDIDATE,NONE,NONE,NONE,DISTINCT_PENDING_LATER_ANALYSIS,ELIGIBLE_NEW_CANDIDATE,1,1,1,false,NONE,NONE,NOT_VALIDATED_STEP07,NOT_EVALUATED_STEP07,NOT_STARTED_STEP07,NONE
S07C000342,Символ означает чистоту и гармонию души.,Символ означает чистоту и гармонию души.,символ означает чистоту и гармонию души.,RU,INFORMATIONAL_FORMULATION,NO_EXACT_UPSTREAM_MATCH,NEW_CANDIDATE,NONE,NONE,NONE,DISTINCT_PENDING_LATER_ANALYSIS,ELIGIBLE_NEW_CANDIDATE,1,1,1,false,NONE,NONE,NOT_VALIDATED_STEP07,NOT_EVALUATED_STEP07,NOT_STARTED_STEP07,NONE
S07C000343,"Символ помогает обновлению рода в течение всей жизни, покровительствует всем беременным женщинам и благоприятствует постоянному увеличению семьи.","Символ помогает обновлению рода в течение всей жизни, покровительствует всем беременным женщинам и благоприятствует постоянному увеличению семьи.","символ помогает обновлению рода в течение всей жизни, покровительствует всем беременным женщинам и благоприятствует постоянному увеличению семьи.",RU,USE_CASE,NO_EXACT_UPSTREAM_MATCH,NEW_CANDIDATE,NONE,NONE,NONE,DISTINCT_PENDING_LATER_ANALYSIS,ELIGIBLE_NEW_CANDIDATE,1,1,1,false,NONE,NONE,NOT_VALIDATED_STEP07,NOT_EVALUATED_STEP07,NOT_STARTED_STEP07,NONE
S07C000344,Символ поможет узнать истинные намерения партнёра и сделать правильный выбор.,Символ поможет узнать истинные намерения партнёра и сделать правильный выбор.,символ поможет узнать истинные намерения партнёра и сделать правильный выбор.,RU,INFORMATIONAL_FORMULATION,NO_EXACT_UPSTREAM_MATCH,NEW_CANDIDATE,NONE,NONE,NONE,DISTINCT_PENDING_LATER_ANALYSIS,ELIGIBLE_NEW_CANDIDATE,1,1,1,false,NONE,NONE,NOT_VALIDATED_STEP07,NOT_EVALUATED_STEP07,NOT_STARTED_STEP07,NONE
S07C000345,Символ поможет:,Символ поможет:,символ поможет:,RU,TERMINOLOGY,NO_EXACT_UPSTREAM_MATCH,NEW_CANDIDATE,NONE,NONE,NONE,DISTINCT_PENDING_LATER_ANALYSIS,ELIGIBLE_NEW_CANDIDATE,1,1,1,false,NONE,NONE,NOT_VALIDATED_STEP07,NOT_EVALUATED_STEP07,NOT_STARTED_STEP07,NONE
S07C000346,Символ посвящён Морене — богине зимы и смерти.,Символ посвящён Морене — богине зимы и смерти.,символ посвящён морене — богине зимы и смерти.,RU,INFORMATIONAL_FORMULATION,NO_EXACT_UPSTREAM_MATCH,NEW_CANDIDATE,NONE,NONE,NONE,DISTINCT_PENDING_LATER_ANALYSIS,ELIGIBLE_NEW_CANDIDATE,1,1,1,false,NONE,NONE,NOT_VALIDATED_STEP07,NOT_EVALUATED_STEP07,NOT_STARTED_STEP07,NONE
S07C000347,"Символ славянского бога Сварога, повторяющий оберег Звезда Лады.","Символ славянского бога Сварога, повторяющий оберег Звезда Лады.","символ славянского бога сварога, повторяющий оберег звезда лады.",RU,INFORMATIONAL_FORMULATION,NO_EXACT_UPSTREAM_MATCH,NEW_CANDIDATE,NONE,NONE,NONE,DISTINCT_PENDING_LATER_ANALYSIS,ELIGIBLE_NEW_CANDIDATE,1,1,1,false,NONE,NONE,NOT_VALIDATED_STEP07,NOT_EVALUATED_STEP07,NOT_STARTED_STEP07,NONE
S07C000348,"Символ этот многомерный, включающий в себя аспекты, влияющие сразу на несколько уровней развития человека.","Символ этот многомерный, включающий в себя аспекты, влияющие сразу на несколько уровней развития человека.","символ этот многомерный, включающий в себя аспекты, влияющие сразу на несколько уровней развития человека.",RU,INFORMATIONAL_FORMULATION,NO_EXACT_UPSTREAM_MATCH,NEW_CANDIDATE,NONE,NONE,NONE,DISTINCT_PENDING_LATER_ANALYSIS,ELIGIBLE_NEW_CANDIDATE,1,1,1,false,NONE,NONE,NOT_VALIDATED_STEP07,NOT_EVALUATED_STEP07,NOT_STARTED_STEP07,NONE
S07C000349,"Символизирует постоянное обновление рода, наследование мудрости новыми поколениями от предыдущих и непрерывную связь с великими прародителями.","Символизирует постоянное обновление рода, наследование мудрости новыми поколениями от предыдущих и непрерывную связь с великими прародителями.","символизирует постоянное обновление рода, наследование мудрости новыми поколениями от предыдущих и непрерывную связь с великими прародителями.",RU,INFORMATIONAL_FORMULATION,NO_EXACT_UPSTREAM_MATCH,NEW_CANDIDATE,NONE,NONE,NONE,DISTINCT_PENDING_LATER_ANALYSIS,ELIGIBLE_NEW_CANDIDATE,1,1,1,false,NONE,NONE,NOT_VALIDATED_STEP07,NOT_EVALUATED_STEP07,NOT_STARTED_STEP07,NONE
S07C000350,"Символизирует то, как складно должны в человеке сосуществовать тело, дух и душа.","Символизирует то, как складно должны в человеке сосуществовать тело, дух и душа.","символизирует то, как складно должны в человеке сосуществовать тело, дух и душа.",RU,INFORMATIONAL_FORMULATION,NO_EXACT_UPSTREAM_MATCH,NEW_CANDIDATE,NONE,NONE,NONE,DISTINCT_PENDING_LATER_ANALYSIS,ELIGIBLE_NEW_CANDIDATE,1,1,1,false,NONE,NONE,NOT_VALIDATED_STEP07,NOT_EVALUATED_STEP07,NOT_STARTED_STEP07,NONE
S07C000351,"Символика знака — сила быка, могучего животного, подчиняющего себе всё окружение.","Символика знака — сила быка, могучего животного, подчиняющего себе всё окружение.","символика знака — сила быка, могучего животного, подчиняющего себе всё окружение.",RU,INFORMATIONAL_FORMULATION,NO_EXACT_UPSTREAM_MATCH,NEW_CANDIDATE,NONE,NONE,NONE,DISTINCT_PENDING_LATER_ANALYSIS,ELIGIBLE_NEW_CANDIDATE,1,1,1,false,NONE,NONE,NOT_VALIDATED_STEP07,NOT_EVALUATED_STEP07,NOT_STARTED_STEP07,NONE
S07C000352,Символично и само название амулета.,Символично и само название амулета.,символично и само название амулета.,RU,TERMINOLOGY,NO_EXACT_UPSTREAM_MATCH,NEW_CANDIDATE,NONE,NONE,NONE,DISTINCT_PENDING_LATER_ANALYSIS,ELIGIBLE_NEW_CANDIDATE,1,1,1,false,NONE,NONE,NOT_VALIDATED_STEP07,NOT_EVALUATED_STEP07,NOT_STARTED_STEP07,NONE
S07C000353,Символы Духобор и Целебник относят к знакам бога Трояна — славянского бога знахарства и траволечения.,Символы Духобор и Целебник относят к знакам бога Трояна — славянского бога знахарства и траволечения.,символы духобор и целебник относят к знакам бога трояна — славянского бога знахарства и траволечения.,RU,INFORMATIONAL_FORMULATION,NO_EXACT_UPSTREAM_MATCH,NEW_CANDIDATE,NONE,NONE,NONE,DISTINCT_PENDING_LATER_ANALYSIS,ELIGIBLE_NEW_CANDIDATE,1,1,1,false,NONE,NONE,NOT_VALIDATED_STEP07,NOT_EVALUATED_STEP07,NOT_STARTED_STEP07,NONE
S07C000354,Символы и знаки.,Символы и знаки.,символы и знаки.,RU,TERMINOLOGY,NO_EXACT_UPSTREAM_MATCH,NEW_CANDIDATE,NONE,NONE,NONE,DISTINCT_PENDING_LATER_ANALYSIS,ELIGIBLE_NEW_CANDIDATE,1,1,1,false,NONE,NONE,NOT_VALIDATED_STEP07,NOT_EVALUATED_STEP07,NOT_STARTED_STEP07,NONE
S07C000355,Синонимы к словосочетанию «рунические знаки»,Синонимы к словосочетанию «рунические знаки»,синонимы к словосочетанию «рунические знаки»,RU,INFORMATIONAL_FORMULATION,NO_EXACT_UPSTREAM_MATCH,NEW_CANDIDATE,NONE,NONE,NONE,DISTINCT_PENDING_LATER_ANALYSIS,ELIGIBLE_NEW_CANDIDATE,1,1,2,false,NONE,NONE,NOT_VALIDATED_STEP07,NOT_EVALUATED_STEP07,NOT_STARTED_STEP07,NONE
S07C000356,Синонимы к слову «амулет»,Синонимы к слову «амулет»,синонимы к слову «амулет»,RU,INFORMATIONAL_FORMULATION,NO_EXACT_UPSTREAM_MATCH,NEW_CANDIDATE,NONE,NONE,NONE,DISTINCT_PENDING_LATER_ANALYSIS,ELIGIBLE_NEW_CANDIDATE,1,2,4,false,NONE,NONE,NOT_VALIDATED_STEP07,NOT_EVALUATED_STEP07,NOT_STARTED_STEP07,NONE
S07C000357,Синонимы к слову «кулон»,Синонимы к слову «кулон»,синонимы к слову «кулон»,RU,INFORMATIONAL_FORMULATION,NO_EXACT_UPSTREAM_MATCH,NEW_CANDIDATE,NONE,NONE,NONE,DISTINCT_PENDING_LATER_ANALYSIS,ELIGIBLE_NEW_CANDIDATE,1,1,2,false,NONE,NONE,NOT_VALIDATED_STEP07,NOT_EVALUATED_STEP07,NOT_STARTED_STEP07,NONE
S07C000358,Синонимы к слову «медальон»,Синонимы к слову «медальон»,синонимы к слову «медальон»,RU,INFORMATIONAL_FORMULATION,NO_EXACT_UPSTREAM_MATCH,NEW_CANDIDATE,NONE,NONE,NONE,DISTINCT_PENDING_LATER_ANALYSIS,ELIGIBLE_NEW_CANDIDATE,1,1,2,false,NONE,NONE,NOT_VALIDATED_STEP07,NOT_EVALUATED_STEP07,NOT_STARTED_STEP07,NONE
S07C000359,Синонимы к слову «оберег»,Синонимы к слову «оберег»,синонимы к слову «оберег»,RU,INFORMATIONAL_FORMULATION,NO_EXACT_UPSTREAM_MATCH,NEW_CANDIDATE,NONE,NONE,NONE,DISTINCT_PENDING_LATER_ANALYSIS,ELIGIBLE_NEW_CANDIDATE,1,1,2,false,NONE,NONE,NOT_VALIDATED_STEP07,NOT_EVALUATED_STEP07,NOT_STARTED_STEP07,NONE
S07C000360,Синонимы к слову «Руна»,Синонимы к слову «Руна»,синонимы к слову «руна»,RU,INFORMATIONAL_FORMULATION,NO_EXACT_UPSTREAM_MATCH,NEW_CANDIDATE,NONE,NONE,NONE,DISTINCT_PENDING_LATER_ANALYSIS,ELIGIBLE_NEW_CANDIDATE,1,2,8,false,NONE,NONE,NOT_VALIDATED_STEP07,NOT_EVALUATED_STEP07,NOT_STARTED_STEP07,NONE
S07C000361,Синонимы к слову «талисман»,Синонимы к слову «талисман»,синонимы к слову «талисман»,RU,INFORMATIONAL_FORMULATION,NO_EXACT_UPSTREAM_MATCH,NEW_CANDIDATE,NONE,NONE,NONE,DISTINCT_PENDING_LATER_ANALYSIS,ELIGIBLE_NEW_CANDIDATE,1,2,4,false,NONE,NONE,NOT_VALIDATED_STEP07,NOT_EVALUATED_STEP07,NOT_STARTED_STEP07,NONE
S07C000362,"Славянские символы в обережной вышивке. Значение, схемы и изготовление вышитых оберегов","Славянские символы в обережной вышивке. Значение, схемы и изготовление вышитых оберегов","славянские символы в обережной вышивке. значение, схемы и изготовление вышитых оберегов",RU,ATTRIBUTE,NO_EXACT_UPSTREAM_MATCH,NEW_CANDIDATE,NONE,NONE,NONE,DISTINCT_PENDING_LATER_ANALYSIS,ELIGIBLE_NEW_CANDIDATE,1,1,1,false,NONE,NONE,NOT_VALIDATED_STEP07,NOT_EVALUATED_STEP07,NOT_STARTED_STEP07,NONE
S07C000363,Слово «амулет» ассоциируется со словами,Слово «амулет» ассоциируется со словами,слово «амулет» ассоциируется со словами,RU,TERMINOLOGY,NO_EXACT_UPSTREAM_MATCH,NEW_CANDIDATE,NONE,NONE,NONE,DISTINCT_PENDING_LATER_ANALYSIS,ELIGIBLE_NEW_CANDIDATE,1,1,1,false,NONE,NONE,NOT_VALIDATED_STEP07,NOT_EVALUATED_STEP07,NOT_STARTED_STEP07,NONE
S07C000364,Слово «кулон» ассоциируется со словами,Слово «кулон» ассоциируется со словами,слово «кулон» ассоциируется со словами,RU,TERMINOLOGY,NO_EXACT_UPSTREAM_MATCH,NEW_CANDIDATE,NONE,NONE,NONE,DISTINCT_PENDING_LATER_ANALYSIS,ELIGIBLE_NEW_CANDIDATE,1,1,1,false,NONE,NONE,NOT_VALIDATED_STEP07,NOT_EVALUATED_STEP07,NOT_STARTED_STEP07,NONE
S07C000365,Слово «медальон» ассоциируется со словами,Слово «медальон» ассоциируется со словами,слово «медальон» ассоциируется со словами,RU,TERMINOLOGY,NO_EXACT_UPSTREAM_MATCH,NEW_CANDIDATE,NONE,NONE,NONE,DISTINCT_PENDING_LATER_ANALYSIS,ELIGIBLE_NEW_CANDIDATE,1,1,1,false,NONE,NONE,NOT_VALIDATED_STEP07,NOT_EVALUATED_STEP07,NOT_STARTED_STEP07,NONE
S07C000366,Слово «оберег» ассоциируется со словами,Слово «оберег» ассоциируется со словами,слово «оберег» ассоциируется со словами,RU,TERMINOLOGY,NO_EXACT_UPSTREAM_MATCH,NEW_CANDIDATE,NONE,NONE,NONE,DISTINCT_PENDING_LATER_ANALYSIS,ELIGIBLE_NEW_CANDIDATE,1,1,1,false,NONE,NONE,NOT_VALIDATED_STEP07,NOT_EVALUATED_STEP07,NOT_STARTED_STEP07,NONE
S07C000367,Слово «руна» ассоциируется со словами,Слово «руна» ассоциируется со словами,слово «руна» ассоциируется со словами,RU,TERMINOLOGY,NO_EXACT_UPSTREAM_MATCH,NEW_CANDIDATE,NONE,NONE,NONE,DISTINCT_PENDING_LATER_ANALYSIS,ELIGIBLE_NEW_CANDIDATE,1,1,1,false,NONE,NONE,NOT_VALIDATED_STEP07,NOT_EVALUATED_STEP07,NOT_STARTED_STEP07,NONE
S07C000368,Слово «талисман» ассоциируется со словами,Слово «талисман» ассоциируется со словами,слово «талисман» ассоциируется со словами,RU,TERMINOLOGY,NO_EXACT_UPSTREAM_MATCH,NEW_CANDIDATE,NONE,NONE,NONE,DISTINCT_PENDING_LATER_ANALYSIS,ELIGIBLE_NEW_CANDIDATE,1,1,1,false,NONE,NONE,NOT_VALIDATED_STEP07,NOT_EVALUATED_STEP07,NOT_STARTED_STEP07,NONE
S07C000369,Словосочетание «рунические знаки» ассоциируется со словами,Словосочетание «рунические знаки» ассоциируется со словами,словосочетание «рунические знаки» ассоциируется со словами,RU,INFORMATIONAL_FORMULATION,NO_EXACT_UPSTREAM_MATCH,NEW_CANDIDATE,NONE,NONE,NONE,DISTINCT_PENDING_LATER_ANALYSIS,ELIGIBLE_NEW_CANDIDATE,1,1,1,false,NONE,NONE,NOT_VALIDATED_STEP07,NOT_EVALUATED_STEP07,NOT_STARTED_STEP07,NONE
S07C000370,Со словом «амулет» ассоциируются слова,Со словом «амулет» ассоциируются слова,со словом «амулет» ассоциируются слова,RU,TERMINOLOGY,NO_EXACT_UPSTREAM_MATCH,NEW_CANDIDATE,NONE,NONE,NONE,DISTINCT_PENDING_LATER_ANALYSIS,ELIGIBLE_NEW_CANDIDATE,1,1,1,false,NONE,NONE,NOT_VALIDATED_STEP07,NOT_EVALUATED_STEP07,NOT_STARTED_STEP07,NONE
S07C000371,Со словом «кулон» ассоциируются слова,Со словом «кулон» ассоциируются слова,со словом «кулон» ассоциируются слова,RU,TERMINOLOGY,NO_EXACT_UPSTREAM_MATCH,NEW_CANDIDATE,NONE,NONE,NONE,DISTINCT_PENDING_LATER_ANALYSIS,ELIGIBLE_NEW_CANDIDATE,1,1,1,false,NONE,NONE,NOT_VALIDATED_STEP07,NOT_EVALUATED_STEP07,NOT_STARTED_STEP07,NONE
S07C000372,Со словом «медальон» ассоциируются слова,Со словом «медальон» ассоциируются слова,со словом «медальон» ассоциируются слова,RU,TERMINOLOGY,NO_EXACT_UPSTREAM_MATCH,NEW_CANDIDATE,NONE,NONE,NONE,DISTINCT_PENDING_LATER_ANALYSIS,ELIGIBLE_NEW_CANDIDATE,1,1,1,false,NONE,NONE,NOT_VALIDATED_STEP07,NOT_EVALUATED_STEP07,NOT_STARTED_STEP07,NONE
S07C000373,Со словом «оберег» ассоциируются слова,Со словом «оберег» ассоциируются слова,со словом «оберег» ассоциируются слова,RU,TERMINOLOGY,NO_EXACT_UPSTREAM_MATCH,NEW_CANDIDATE,NONE,NONE,NONE,DISTINCT_PENDING_LATER_ANALYSIS,ELIGIBLE_NEW_CANDIDATE,1,1,1,false,NONE,NONE,NOT_VALIDATED_STEP07,NOT_EVALUATED_STEP07,NOT_STARTED_STEP07,NONE
S07C000374,Со словом «руна» ассоциируются слова,Со словом «руна» ассоциируются слова,со словом «руна» ассоциируются слова,RU,TERMINOLOGY,NO_EXACT_UPSTREAM_MATCH,NEW_CANDIDATE,NONE,NONE,NONE,DISTINCT_PENDING_LATER_ANALYSIS,ELIGIBLE_NEW_CANDIDATE,1,1,1,false,NONE,NONE,NOT_VALIDATED_STEP07,NOT_EVALUATED_STEP07,NOT_STARTED_STEP07,NONE
S07C000375,Со словом «талисман» ассоциируются слова,Со словом «талисман» ассоциируются слова,со словом «талисман» ассоциируются слова,RU,TERMINOLOGY,NO_EXACT_UPSTREAM_MATCH,NEW_CANDIDATE,NONE,NONE,NONE,DISTINCT_PENDING_LATER_ANALYSIS,ELIGIBLE_NEW_CANDIDATE,1,1,1,false,NONE,NONE,NOT_VALIDATED_STEP07,NOT_EVALUATED_STEP07,NOT_STARTED_STEP07,NONE
S07C000376,Со словосочетанием «рунические знаки» ассоциируются слова,Со словосочетанием «рунические знаки» ассоциируются слова,со словосочетанием «рунические знаки» ассоциируются слова,RU,INFORMATIONAL_FORMULATION,NO_EXACT_UPSTREAM_MATCH,NEW_CANDIDATE,NONE,NONE,NONE,DISTINCT_PENDING_LATER_ANALYSIS,ELIGIBLE_NEW_CANDIDATE,1,1,1,false,NONE,NONE,NOT_VALIDATED_STEP07,NOT_EVALUATED_STEP07,NOT_STARTED_STEP07,NONE
S07C000377,"Сохрани мой талисман, в нем таинственная сила.","Сохрани мой талисман, в нем таинственная сила.","сохрани мой талисман, в нем таинственная сила.",RU,INFORMATIONAL_FORMULATION,NO_EXACT_UPSTREAM_MATCH,NEW_CANDIDATE,NONE,NONE,NONE,DISTINCT_PENDING_LATER_ANALYSIS,ELIGIBLE_NEW_CANDIDATE,1,1,1,false,NONE,NONE,NOT_VALIDATED_STEP07,NOT_EVALUATED_STEP07,NOT_STARTED_STEP07,NONE
S07C000378,Сочетаемость слова «амулет»,Сочетаемость слова «амулет»,сочетаемость слова «амулет»,RU,INFORMATIONAL_FORMULATION,NO_EXACT_UPSTREAM_MATCH,NEW_CANDIDATE,NONE,NONE,NONE,DISTINCT_PENDING_LATER_ANALYSIS,ELIGIBLE_NEW_CANDIDATE,1,2,4,false,NONE,NONE,NOT_VALIDATED_STEP07,NOT_EVALUATED_STEP07,NOT_STARTED_STEP07,NONE
S07C000379,Сочетаемость слова «кулон»,Сочетаемость слова «кулон»,сочетаемость слова «кулон»,RU,INFORMATIONAL_FORMULATION,NO_EXACT_UPSTREAM_MATCH,NEW_CANDIDATE,NONE,NONE,NONE,DISTINCT_PENDING_LATER_ANALYSIS,ELIGIBLE_NEW_CANDIDATE,1,1,2,false,NONE,NONE,NOT_VALIDATED_STEP07,NOT_EVALUATED_STEP07,NOT_STARTED_STEP07,NONE
S07C000380,Сочетаемость слова «медальон»,Сочетаемость слова «медальон»,сочетаемость слова «медальон»,RU,INFORMATIONAL_FORMULATION,NO_EXACT_UPSTREAM_MATCH,NEW_CANDIDATE,NONE,NONE,NONE,DISTINCT_PENDING_LATER_ANALYSIS,ELIGIBLE_NEW_CANDIDATE,1,1,2,false,NONE,NONE,NOT_VALIDATED_STEP07,NOT_EVALUATED_STEP07,NOT_STARTED_STEP07,NONE
S07C000381,Сочетаемость слова «оберег»,Сочетаемость слова «оберег»,сочетаемость слова «оберег»,RU,INFORMATIONAL_FORMULATION,NO_EXACT_UPSTREAM_MATCH,NEW_CANDIDATE,NONE,NONE,NONE,DISTINCT_PENDING_LATER_ANALYSIS,ELIGIBLE_NEW_CANDIDATE,1,1,2,false,NONE,NONE,NOT_VALIDATED_STEP07,NOT_EVALUATED_STEP07,NOT_STARTED_STEP07,NONE
S07C000382,Сочетаемость слова «руна»,Сочетаемость слова «руна»,сочетаемость слова «руна»,RU,INFORMATIONAL_FORMULATION,NO_EXACT_UPSTREAM_MATCH,NEW_CANDIDATE,NONE,NONE,NONE,DISTINCT_PENDING_LATER_ANALYSIS,ELIGIBLE_NEW_CANDIDATE,1,2,4,false,NONE,NONE,NOT_VALIDATED_STEP07,NOT_EVALUATED_STEP07,NOT_STARTED_STEP07,NONE
S07C000383,Сочетаемость слова «рунический»,Сочетаемость слова «рунический»,сочетаемость слова «рунический»,RU,INFORMATIONAL_FORMULATION,NO_EXACT_UPSTREAM_MATCH,NEW_CANDIDATE,NONE,NONE,NONE,DISTINCT_PENDING_LATER_ANALYSIS,ELIGIBLE_NEW_CANDIDATE,1,1,2,false,NONE,NONE,NOT_VALIDATED_STEP07,NOT_EVALUATED_STEP07,NOT_STARTED_STEP07,NONE
S07C000384,Сочетаемость слова «талисман»,Сочетаемость слова «талисман»,сочетаемость слова «талисман»,RU,INFORMATIONAL_FORMULATION,NO_EXACT_UPSTREAM_MATCH,NEW_CANDIDATE,NONE,NONE,NONE,DISTINCT_PENDING_LATER_ANALYSIS,ELIGIBLE_NEW_CANDIDATE,1,2,4,false,NONE,NONE,NOT_VALIDATED_STEP07,NOT_EVALUATED_STEP07,NOT_STARTED_STEP07,NONE
S07C000385,Спортивные команды и музыкальные группы часто используют неких персонажей в качестве своих символов-«талисманов».,Спортивные команды и музыкальные группы часто используют неких персонажей в качестве своих символов-«талисманов».,спортивные команды и музыкальные группы часто используют неких персонажей в качестве своих символов-«талисманов».,RU,INFORMATIONAL_FORMULATION,NO_EXACT_UPSTREAM_MATCH,NEW_CANDIDATE,NONE,NONE,NONE,DISTINCT_PENDING_LATER_ANALYSIS,ELIGIBLE_NEW_CANDIDATE,1,1,1,false,NONE,NONE,NOT_VALIDATED_STEP07,NOT_EVALUATED_STEP07,NOT_STARTED_STEP07,NONE
S07C000386,"Справочная информация по склонению имён существительных и прилагательных, спряжению глаголов, а также морфемному строению слов.","Справочная информация по склонению имён существительных и прилагательных, спряжению глаголов, а также морфемному строению слов.","справочная информация по склонению имён существительных и прилагательных, спряжению глаголов, а также морфемному строению слов.",RU,ATTRIBUTE,NO_EXACT_UPSTREAM_MATCH,NEW_CANDIDATE,NONE,NONE,NONE,DISTINCT_PENDING_LATER_ANALYSIS,ELIGIBLE_NEW_CANDIDATE,1,24,24,false,NONE,NONE,NOT_VALIDATED_STEP07,NOT_EVALUATED_STEP07,NOT_STARTED_STEP07,NONE
S07C000387,Схема вышивки крестиком,Схема вышивки крестиком,схема вышивки крестиком,RU,ATTRIBUTE,NO_EXACT_UPSTREAM_MATCH,NEW_CANDIDATE,NONE,NONE,NONE,DISTINCT_PENDING_LATER_ANALYSIS,ELIGIBLE_NEW_CANDIDATE,1,1,1,false,NONE,NONE,NOT_VALIDATED_STEP07,NOT_EVALUATED_STEP07,NOT_STARTED_STEP07,NONE
S07C000388,Схема вышивки крестиком «Собака Примитив»,Схема вышивки крестиком «Собака Примитив»,схема вышивки крестиком «собака примитив»,RU,ATTRIBUTE,NO_EXACT_UPSTREAM_MATCH,NEW_CANDIDATE,NONE,NONE,NONE,DISTINCT_PENDING_LATER_ANALYSIS,ELIGIBLE_NEW_CANDIDATE,1,1,1,false,NONE,NONE,NOT_VALIDATED_STEP07,NOT_EVALUATED_STEP07,NOT_STARTED_STEP07,NONE
S07C000389,схему Громовика).,схему Громовика).,схему громовика).,RU,TERMINOLOGY,NO_EXACT_UPSTREAM_MATCH,NEW_CANDIDATE,NONE,NONE,NONE,DISTINCT_PENDING_LATER_ANALYSIS,ELIGIBLE_NEW_CANDIDATE,1,1,1,false,NONE,NONE,NOT_VALIDATED_STEP07,NOT_EVALUATED_STEP07,NOT_STARTED_STEP07,NONE
S07C000390,Считается исконно мужским символом.,Считается исконно мужским символом.,считается исконно мужским символом.,RU,TERMINOLOGY,NO_EXACT_UPSTREAM_MATCH,NEW_CANDIDATE,NONE,NONE,NONE,DISTINCT_PENDING_LATER_ANALYSIS,ELIGIBLE_NEW_CANDIDATE,1,1,1,false,NONE,NONE,NOT_VALIDATED_STEP07,NOT_EVALUATED_STEP07,NOT_STARTED_STEP07,NONE
S07C000391,"Считается, что Алатырь-оберег содержит в себе все знания и жизненный опыт наших предков.","Считается, что Алатырь-оберег содержит в себе все знания и жизненный опыт наших предков.","считается, что алатырь-оберег содержит в себе все знания и жизненный опыт наших предков.",RU,INFORMATIONAL_FORMULATION,NO_EXACT_UPSTREAM_MATCH,NEW_CANDIDATE,NONE,NONE,NONE,DISTINCT_PENDING_LATER_ANALYSIS,ELIGIBLE_NEW_CANDIDATE,1,1,1,false,NONE,NONE,NOT_VALIDATED_STEP07,NOT_EVALUATED_STEP07,NOT_STARTED_STEP07,NONE
S07C000392,"Считается, что властительнице Нави подвластна остановка любой беды, поэтому данный оберег убережёт и оградит от:","Считается, что властительнице Нави подвластна остановка любой беды, поэтому данный оберег убережёт и оградит от:","считается, что властительнице нави подвластна остановка любой беды, поэтому данный оберег убережёт и оградит от:",RU,USE_CASE,NO_EXACT_UPSTREAM_MATCH,NEW_CANDIDATE,NONE,NONE,NONE,DISTINCT_PENDING_LATER_ANALYSIS,ELIGIBLE_NEW_CANDIDATE,1,1,1,false,NONE,NONE,NOT_VALIDATED_STEP07,NOT_EVALUATED_STEP07,NOT_STARTED_STEP07,NONE
S07C000393,"Считается, что даже слабый воин с таким оберегом найдёт в себе силы и преодолеет свою слабость.","Считается, что даже слабый воин с таким оберегом найдёт в себе силы и преодолеет свою слабость.","считается, что даже слабый воин с таким оберегом найдёт в себе силы и преодолеет свою слабость.",RU,INFORMATIONAL_FORMULATION,NO_EXACT_UPSTREAM_MATCH,NEW_CANDIDATE,NONE,NONE,NONE,DISTINCT_PENDING_LATER_ANALYSIS,ELIGIBLE_NEW_CANDIDATE,1,1,1,false,NONE,NONE,NOT_VALIDATED_STEP07,NOT_EVALUATED_STEP07,NOT_STARTED_STEP07,NONE
S07C000394,"Считается, что жертвенник, на котором приносились бескровные жертвы, создавался именно в виде этого символа.","Считается, что жертвенник, на котором приносились бескровные жертвы, создавался именно в виде этого символа.","считается, что жертвенник, на котором приносились бескровные жертвы, создавался именно в виде этого символа.",RU,INFORMATIONAL_FORMULATION,NO_EXACT_UPSTREAM_MATCH,NEW_CANDIDATE,NONE,NONE,NONE,DISTINCT_PENDING_LATER_ANALYSIS,ELIGIBLE_NEW_CANDIDATE,1,1,1,false,NONE,NONE,NOT_VALIDATED_STEP07,NOT_EVALUATED_STEP07,NOT_STARTED_STEP07,NONE
S07C000395,"Считается, что талисманы могут приносить удачу, предупреждать об опасности, улучшать самочувствие и т.","Считается, что талисманы могут приносить удачу, предупреждать об опасности, улучшать самочувствие и т.","считается, что талисманы могут приносить удачу, предупреждать об опасности, улучшать самочувствие и т.",RU,USE_CASE,NO_EXACT_UPSTREAM_MATCH,NEW_CANDIDATE,NONE,NONE,NONE,DISTINCT_PENDING_LATER_ANALYSIS,ELIGIBLE_NEW_CANDIDATE,1,1,1,false,NONE,NONE,NOT_VALIDATED_STEP07,NOT_EVALUATED_STEP07,NOT_STARTED_STEP07,NONE
S07C000396,"Считается, что этот символ имеет неземное, космическое происхождение.","Считается, что этот символ имеет неземное, космическое происхождение.","считается, что этот символ имеет неземное, космическое происхождение.",RU,INFORMATIONAL_FORMULATION,NO_EXACT_UPSTREAM_MATCH,NEW_CANDIDATE,NONE,NONE,NONE,DISTINCT_PENDING_LATER_ANALYSIS,ELIGIBLE_NEW_CANDIDATE,1,1,1,false,NONE,NONE,NOT_VALIDATED_STEP07,NOT_EVALUATED_STEP07,NOT_STARTED_STEP07,NONE
S07C000397,"Так что уж проще поставить защиту, сделать обереги для себя и дома, для родных и близких.","Так что уж проще поставить защиту, сделать обереги для себя и дома, для родных и близких.","так что уж проще поставить защиту, сделать обереги для себя и дома, для родных и близких.",RU,USE_CASE,NO_EXACT_UPSTREAM_MATCH,NEW_CANDIDATE,NONE,NONE,NONE,DISTINCT_PENDING_LATER_ANALYSIS,ELIGIBLE_NEW_CANDIDATE,1,1,1,false,NONE,NONE,NOT_VALIDATED_STEP07,NOT_EVALUATED_STEP07,NOT_STARTED_STEP07,NONE
S07C000398,"Также Дуния часто используется для того, чтобы защитить своё жилище от злых сил, которые наводят порчу и болезни.","Также Дуния часто используется для того, чтобы защитить своё жилище от злых сил, которые наводят порчу и болезни.","также дуния часто используется для того, чтобы защитить своё жилище от злых сил, которые наводят порчу и болезни.",RU,USE_CASE,NO_EXACT_UPSTREAM_MATCH,NEW_CANDIDATE,NONE,NONE,NONE,DISTINCT_PENDING_LATER_ANALYSIS,ELIGIBLE_NEW_CANDIDATE,1,1,1,false,NONE,NONE,NOT_VALIDATED_STEP07,NOT_EVALUATED_STEP07,NOT_STARTED_STEP07,NONE
S07C000399,"Также считается, что талисман, плохо настроенный на хозяина, может представлять серьёзную угрозу, равно как и чужие талисманы.","Также считается, что талисман, плохо настроенный на хозяина, может представлять серьёзную угрозу, равно как и чужие талисманы.","также считается, что талисман, плохо настроенный на хозяина, может представлять серьёзную угрозу, равно как и чужие талисманы.",RU,INFORMATIONAL_FORMULATION,NO_EXACT_UPSTREAM_MATCH,NEW_CANDIDATE,NONE,NONE,NONE,DISTINCT_PENDING_LATER_ANALYSIS,ELIGIBLE_NEW_CANDIDATE,1,1,1,false,NONE,NONE,NOT_VALIDATED_STEP07,NOT_EVALUATED_STEP07,NOT_STARTED_STEP07,NONE
S07C000400,"Такой символ означал приближение зимнего периода, когда вся жизнь на земле замирает, и назывался Грозовик1.","Такой символ означал приближение зимнего периода, когда вся жизнь на земле замирает, и назывался Грозовик1.","такой символ означал приближение зимнего периода, когда вся жизнь на земле замирает, и назывался грозовик1.",RU,INFORMATIONAL_FORMULATION,NO_EXACT_UPSTREAM_MATCH,NEW_CANDIDATE,NONE,NONE,NONE,DISTINCT_PENDING_LATER_ANALYSIS,ELIGIBLE_NEW_CANDIDATE,1,1,1,false,NONE,NONE,NOT_VALIDATED_STEP07,NOT_EVALUATED_STEP07,NOT_STARTED_STEP07,NONE
S07C000401,"Такой символ означал приближение лета, то есть возрождение всего живого, и назывался Громовик;","Такой символ означал приближение лета, то есть возрождение всего живого, и назывался Громовик;","такой символ означал приближение лета, то есть возрождение всего живого, и назывался громовик;",RU,INFORMATIONAL_FORMULATION,NO_EXACT_UPSTREAM_MATCH,NEW_CANDIDATE,NONE,NONE,NONE,DISTINCT_PENDING_LATER_ANALYSIS,ELIGIBLE_NEW_CANDIDATE,1,1,1,false,NONE,NONE,NOT_VALIDATED_STEP07,NOT_EVALUATED_STEP07,NOT_STARTED_STEP07,NONE
S07C000402,"Такому человеку часто приходится страдать от последствий собственных поступков, но таков уж его нрав.","Такому человеку часто приходится страдать от последствий собственных поступков, но таков уж его нрав.","такому человеку часто приходится страдать от последствий собственных поступков, но таков уж его нрав.",RU,INFORMATIONAL_FORMULATION,NO_EXACT_UPSTREAM_MATCH,NEW_CANDIDATE,NONE,NONE,NONE,DISTINCT_PENDING_LATER_ANALYSIS,ELIGIBLE_NEW_CANDIDATE,1,1,1,false,NONE,NONE,NOT_VALIDATED_STEP07,NOT_EVALUATED_STEP07,NOT_STARTED_STEP07,NONE
S07C000403,"Талисманом может являться любой предмет, от ювелирного украшения до куска камня или обрезка коры дерева или животное.","Талисманом может являться любой предмет, от ювелирного украшения до куска камня или обрезка коры дерева или животное.","талисманом может являться любой предмет, от ювелирного украшения до куска камня или обрезка коры дерева или животное.",RU,ATTRIBUTE,NO_EXACT_UPSTREAM_MATCH,NEW_CANDIDATE,NONE,NONE,NONE,DISTINCT_PENDING_LATER_ANALYSIS,ELIGIBLE_NEW_CANDIDATE,1,1,1,false,NONE,NONE,NOT_VALIDATED_STEP07,NOT_EVALUATED_STEP07,NOT_STARTED_STEP07,NONE
S07C000404,Талисманом также может быть некий персонаж или животное.,Талисманом также может быть некий персонаж или животное.,талисманом также может быть некий персонаж или животное.,RU,INFORMATIONAL_FORMULATION,NO_EXACT_UPSTREAM_MATCH,NEW_CANDIDATE,NONE,NONE,NONE,DISTINCT_PENDING_LATER_ANALYSIS,ELIGIBLE_NEW_CANDIDATE,1,1,1,false,NONE,NONE,NOT_VALIDATED_STEP07,NOT_EVALUATED_STEP07,NOT_STARTED_STEP07,NONE
S07C000405,Татарский орнамент глазами дизайнера,Татарский орнамент глазами дизайнера,татарский орнамент глазами дизайнера,RU,TERMINOLOGY,NO_EXACT_UPSTREAM_MATCH,NEW_CANDIDATE,NONE,NONE,NONE,DISTINCT_PENDING_LATER_ANALYSIS,ELIGIBLE_NEW_CANDIDATE,1,1,1,false,NONE,NONE,NOT_VALIDATED_STEP07,NOT_EVALUATED_STEP07,NOT_STARTED_STEP07,NONE
S07C000406,Татьяна Владимировна Шикина,Татьяна Владимировна Шикина,татьяна владимировна шикина,RU,TERMINOLOGY,NO_EXACT_UPSTREAM_MATCH,NEW_CANDIDATE,NONE,NONE,NONE,DISTINCT_PENDING_LATER_ANALYSIS,ELIGIBLE_NEW_CANDIDATE,1,1,1,false,NONE,NONE,NOT_VALIDATED_STEP07,NOT_EVALUATED_STEP07,NOT_STARTED_STEP07,NONE
S07C000407,Татьяна Шнуровозова (2017),Татьяна Шнуровозова (2017),татьяна шнуровозова (2017),RU,TERMINOLOGY,NO_EXACT_UPSTREAM_MATCH,NEW_CANDIDATE,NONE,NONE,NONE,DISTINCT_PENDING_LATER_ANALYSIS,ELIGIBLE_NEW_CANDIDATE,1,1,1,false,NONE,NONE,NOT_VALIDATED_STEP07,NOT_EVALUATED_STEP07,NOT_STARTED_STEP07,NONE
S07C000408,"Тем, кто занимается ведовством — для притока сил, получения уверенности и спокойствия во время обрядов.","Тем, кто занимается ведовством — для притока сил, получения уверенности и спокойствия во время обрядов.","тем, кто занимается ведовством — для притока сил, получения уверенности и спокойствия во время обрядов.",RU,USE_CASE,NO_EXACT_UPSTREAM_MATCH,NEW_CANDIDATE,NONE,NONE,NONE,DISTINCT_PENDING_LATER_ANALYSIS,ELIGIBLE_NEW_CANDIDATE,1,1,1,false,NONE,NONE,NOT_VALIDATED_STEP07,NOT_EVALUATED_STEP07,NOT_STARTED_STEP07,NONE
S07C000409,"То есть сила воли, которая поможет совершенствоваться и преодолевать препятствия на пути к сложной цели.","То есть сила воли, которая поможет совершенствоваться и преодолевать препятствия на пути к сложной цели.","то есть сила воли, которая поможет совершенствоваться и преодолевать препятствия на пути к сложной цели.",RU,INFORMATIONAL_FORMULATION,NO_EXACT_UPSTREAM_MATCH,NEW_CANDIDATE,NONE,NONE,NONE,DISTINCT_PENDING_LATER_ANALYSIS,ELIGIBLE_NEW_CANDIDATE,1,1,1,false,NONE,NONE,NOT_VALIDATED_STEP07,NOT_EVALUATED_STEP07,NOT_STARTED_STEP07,NONE
S07C000410,"Трёхцветный вариант: красный (1), зелёный (2), синий (3); размер — 49х49 крестиков.","Трёхцветный вариант: красный (1), зелёный (2), синий (3); размер — 49х49 крестиков.","трёхцветный вариант: красный (1), зелёный (2), синий (3); размер — 49х49 крестиков.",RU,ATTRIBUTE,NO_EXACT_UPSTREAM_MATCH,NEW_CANDIDATE,NONE,NONE,NONE,DISTINCT_PENDING_LATER_ANALYSIS,ELIGIBLE_NEW_CANDIDATE,1,1,1,false,NONE,NONE,NOT_VALIDATED_STEP07,NOT_EVALUATED_STEP07,NOT_STARTED_STEP07,NONE
S07C000411,"Усиливает жизненный огонь, укрепляет дух и силу воли, а также помогает:","Усиливает жизненный огонь, укрепляет дух и силу воли, а также помогает:","усиливает жизненный огонь, укрепляет дух и силу воли, а также помогает:",RU,USE_CASE,NO_EXACT_UPSTREAM_MATCH,NEW_CANDIDATE,NONE,NONE,NONE,DISTINCT_PENDING_LATER_ANALYSIS,ELIGIBLE_NEW_CANDIDATE,1,1,1,false,NONE,NONE,NOT_VALIDATED_STEP07,NOT_EVALUATED_STEP07,NOT_STARTED_STEP07,NONE
S07C000412,"Цвет — в основном красный и синий, но встречается также жёлтый, чёрный и голубой; размер — 51х51 крестиков.","Цвет — в основном красный и синий, но встречается также жёлтый, чёрный и голубой; размер — 51х51 крестиков.","цвет — в основном красный и синий, но встречается также жёлтый, чёрный и голубой; размер — 51х51 крестиков.",RU,ATTRIBUTE,NO_EXACT_UPSTREAM_MATCH,NEW_CANDIDATE,NONE,NONE,NONE,DISTINCT_PENDING_LATER_ANALYSIS,ELIGIBLE_NEW_CANDIDATE,1,1,1,false,NONE,NONE,NOT_VALIDATED_STEP07,NOT_EVALUATED_STEP07,NOT_STARTED_STEP07,NONE
S07C000413,Цвет — красный на жёлтом фоне; размер — 23х23 крестика,Цвет — красный на жёлтом фоне; размер — 23х23 крестика,цвет — красный на жёлтом фоне; размер — 23х23 крестика,RU,ATTRIBUTE,NO_EXACT_UPSTREAM_MATCH,NEW_CANDIDATE,NONE,NONE,NONE,DISTINCT_PENDING_LATER_ANALYSIS,ELIGIBLE_NEW_CANDIDATE,1,1,1,false,NONE,NONE,NOT_VALIDATED_STEP07,NOT_EVALUATED_STEP07,NOT_STARTED_STEP07,NONE
S07C000414,"Цвет — красный, синий, иногда жёлтый или чёрный; размер — 50х49 крестиков.","Цвет — красный, синий, иногда жёлтый или чёрный; размер — 50х49 крестиков.","цвет — красный, синий, иногда жёлтый или чёрный; размер — 50х49 крестиков.",RU,ATTRIBUTE,NO_EXACT_UPSTREAM_MATCH,NEW_CANDIDATE,NONE,NONE,NONE,DISTINCT_PENDING_LATER_ANALYSIS,ELIGIBLE_NEW_CANDIDATE,1,1,1,false,NONE,NONE,NOT_VALIDATED_STEP07,NOT_EVALUATED_STEP07,NOT_STARTED_STEP07,NONE
S07C000415,"Цвет — красный, синий, иногда жёлтый или чёрный; размер — 93х93 крестиков.","Цвет — красный, синий, иногда жёлтый или чёрный; размер — 93х93 крестиков.","цвет — красный, синий, иногда жёлтый или чёрный; размер — 93х93 крестиков.",RU,ATTRIBUTE,NO_EXACT_UPSTREAM_MATCH,NEW_CANDIDATE,NONE,NONE,NONE,DISTINCT_PENDING_LATER_ANALYSIS,ELIGIBLE_NEW_CANDIDATE,1,1,1,false,NONE,NONE,NOT_VALIDATED_STEP07,NOT_EVALUATED_STEP07,NOT_STARTED_STEP07,NONE
S07C000416,"Цвет — красный, чёрный; размер — 18х18 крестиков.","Цвет — красный, чёрный; размер — 18х18 крестиков.","цвет — красный, чёрный; размер — 18х18 крестиков.",RU,ATTRIBUTE,NO_EXACT_UPSTREAM_MATCH,NEW_CANDIDATE,NONE,NONE,NONE,DISTINCT_PENDING_LATER_ANALYSIS,ELIGIBLE_NEW_CANDIDATE,1,1,1,false,NONE,NONE,NOT_VALIDATED_STEP07,NOT_EVALUATED_STEP07,NOT_STARTED_STEP07,NONE
S07C000417,"Цвет — красный, чёрный; размер — 33х33 крестиков","Цвет — красный, чёрный; размер — 33х33 крестиков","цвет — красный, чёрный; размер — 33х33 крестиков",RU,ATTRIBUTE,NO_EXACT_UPSTREAM_MATCH,NEW_CANDIDATE,NONE,NONE,NONE,DISTINCT_PENDING_LATER_ANALYSIS,ELIGIBLE_NEW_CANDIDATE,1,1,1,false,NONE,NONE,NOT_VALIDATED_STEP07,NOT_EVALUATED_STEP07,NOT_STARTED_STEP07,NONE
S07C000418,"Цвет — красный, чёрный; размер — 39х39 крестиков.","Цвет — красный, чёрный; размер — 39х39 крестиков.","цвет — красный, чёрный; размер — 39х39 крестиков.",RU,ATTRIBUTE,NO_EXACT_UPSTREAM_MATCH,NEW_CANDIDATE,NONE,NONE,NONE,DISTINCT_PENDING_LATER_ANALYSIS,ELIGIBLE_NEW_CANDIDATE,1,1,2,false,NONE,NONE,NOT_VALIDATED_STEP07,NOT_EVALUATED_STEP07,NOT_STARTED_STEP07,NONE
S07C000419,Цвет — красный; размер — 14х14 крестиков.,Цвет — красный; размер — 14х14 крестиков.,цвет — красный; размер — 14х14 крестиков.,RU,ATTRIBUTE,NO_EXACT_UPSTREAM_MATCH,NEW_CANDIDATE,NONE,NONE,NONE,DISTINCT_PENDING_LATER_ANALYSIS,ELIGIBLE_NEW_CANDIDATE,1,1,1,false,NONE,NONE,NOT_VALIDATED_STEP07,NOT_EVALUATED_STEP07,NOT_STARTED_STEP07,NONE
S07C000420,Цвет — красный; размер — 18х18 крестиков.,Цвет — красный; размер — 18х18 крестиков.,цвет — красный; размер — 18х18 крестиков.,RU,ATTRIBUTE,NO_EXACT_UPSTREAM_MATCH,NEW_CANDIDATE,NONE,NONE,NONE,DISTINCT_PENDING_LATER_ANALYSIS,ELIGIBLE_NEW_CANDIDATE,1,1,1,false,NONE,NONE,NOT_VALIDATED_STEP07,NOT_EVALUATED_STEP07,NOT_STARTED_STEP07,NONE
S07C000421,Цвет — красный; размер — 31х31 крестиков,Цвет — красный; размер — 31х31 крестиков,цвет — красный; размер — 31х31 крестиков,RU,ATTRIBUTE,NO_EXACT_UPSTREAM_MATCH,NEW_CANDIDATE,NONE,NONE,NONE,DISTINCT_PENDING_LATER_ANALYSIS,ELIGIBLE_NEW_CANDIDATE,1,1,1,false,NONE,NONE,NOT_VALIDATED_STEP07,NOT_EVALUATED_STEP07,NOT_STARTED_STEP07,NONE
S07C000422,Цвет — красный; размер — 33х33 крестиков.,Цвет — красный; размер — 33х33 крестиков.,цвет — красный; размер — 33х33 крестиков.,RU,ATTRIBUTE,NO_EXACT_UPSTREAM_MATCH,NEW_CANDIDATE,NONE,NONE,NONE,DISTINCT_PENDING_LATER_ANALYSIS,ELIGIBLE_NEW_CANDIDATE,1,1,1,false,NONE,NONE,NOT_VALIDATED_STEP07,NOT_EVALUATED_STEP07,NOT_STARTED_STEP07,NONE
S07C000423,Цвет — красный; размер — 37х37 крестиков.,Цвет — красный; размер — 37х37 крестиков.,цвет — красный; размер — 37х37 крестиков.,RU,ATTRIBUTE,NO_EXACT_UPSTREAM_MATCH,NEW_CANDIDATE,NONE,NONE,NONE,DISTINCT_PENDING_LATER_ANALYSIS,ELIGIBLE_NEW_CANDIDATE,1,1,1,false,NONE,NONE,NOT_VALIDATED_STEP07,NOT_EVALUATED_STEP07,NOT_STARTED_STEP07,NONE
S07C000424,Цвет — красный; размер — 49х49 крестиков.,Цвет — красный; размер — 49х49 крестиков.,цвет — красный; размер — 49х49 крестиков.,RU,ATTRIBUTE,NO_EXACT_UPSTREAM_MATCH,NEW_CANDIDATE,NONE,NONE,NONE,DISTINCT_PENDING_LATER_ANALYSIS,ELIGIBLE_NEW_CANDIDATE,1,1,1,false,NONE,NONE,NOT_VALIDATED_STEP07,NOT_EVALUATED_STEP07,NOT_STARTED_STEP07,NONE
S07C000425,"Цвет — красый, чёрный; размер — 13х13 крестиков.","Цвет — красый, чёрный; размер — 13х13 крестиков.","цвет — красый, чёрный; размер — 13х13 крестиков.",RU,ATTRIBUTE,NO_EXACT_UPSTREAM_MATCH,NEW_CANDIDATE,NONE,NONE,NONE,DISTINCT_PENDING_LATER_ANALYSIS,ELIGIBLE_NEW_CANDIDATE,1,1,1,false,NONE,NONE,NOT_VALIDATED_STEP07,NOT_EVALUATED_STEP07,NOT_STARTED_STEP07,NONE
S07C000426,"Цвет — разный и по желанию, но в основном красный, синий, зелёный, голубой и чёрный; размер — разный.","Цвет — разный и по желанию, но в основном красный, синий, зелёный, голубой и чёрный; размер — разный.","цвет — разный и по желанию, но в основном красный, синий, зелёный, голубой и чёрный; размер — разный.",RU,ATTRIBUTE,NO_EXACT_UPSTREAM_MATCH,NEW_CANDIDATE,NONE,NONE,NONE,DISTINCT_PENDING_LATER_ANALYSIS,ELIGIBLE_NEW_CANDIDATE,1,1,1,false,NONE,NONE,NOT_VALIDATED_STEP07,NOT_EVALUATED_STEP07,NOT_STARTED_STEP07,NONE
S07C000427,"Цвет — синий, чёрный; размер — 21х21 крестиков.","Цвет — синий, чёрный; размер — 21х21 крестиков.","цвет — синий, чёрный; размер — 21х21 крестиков.",RU,ATTRIBUTE,NO_EXACT_UPSTREAM_MATCH,NEW_CANDIDATE,NONE,NONE,NONE,DISTINCT_PENDING_LATER_ANALYSIS,ELIGIBLE_NEW_CANDIDATE,1,1,1,false,NONE,NONE,NOT_VALIDATED_STEP07,NOT_EVALUATED_STEP07,NOT_STARTED_STEP07,NONE
S07C000428,"Цвет — синий, чёрный; размер — 27х27 крестиков.","Цвет — синий, чёрный; размер — 27х27 крестиков.","цвет — синий, чёрный; размер — 27х27 крестиков.",RU,ATTRIBUTE,NO_EXACT_UPSTREAM_MATCH,NEW_CANDIDATE,NONE,NONE,NONE,DISTINCT_PENDING_LATER_ANALYSIS,ELIGIBLE_NEW_CANDIDATE,1,1,1,false,NONE,NONE,NOT_VALIDATED_STEP07,NOT_EVALUATED_STEP07,NOT_STARTED_STEP07,NONE
S07C000429,Цвет — чёрный или красный (часто на жёлтом фоне); размер — разный.,Цвет — чёрный или красный (часто на жёлтом фоне); размер — разный.,цвет — чёрный или красный (часто на жёлтом фоне); размер — разный.,RU,ATTRIBUTE,NO_EXACT_UPSTREAM_MATCH,NEW_CANDIDATE,NONE,NONE,NONE,DISTINCT_PENDING_LATER_ANALYSIS,ELIGIBLE_NEW_CANDIDATE,1,1,1,false,NONE,NONE,NOT_VALIDATED_STEP07,NOT_EVALUATED_STEP07,NOT_STARTED_STEP07,NONE
S07C000430,"Чаще всего его носили те, кто желал не только защититься, но и обрести себя, своё начало.","Чаще всего его носили те, кто желал не только защититься, но и обрести себя, своё начало.","чаще всего его носили те, кто желал не только защититься, но и обрести себя, своё начало.",RU,USE_CASE,NO_EXACT_UPSTREAM_MATCH,NEW_CANDIDATE,NONE,NONE,NONE,DISTINCT_PENDING_LATER_ANALYSIS,ELIGIBLE_NEW_CANDIDATE,1,1,1,false,NONE,NONE,NOT_VALIDATED_STEP07,NOT_EVALUATED_STEP07,NOT_STARTED_STEP07,NONE
S07C000431,"Чтоб его найти и увидать, талисман надо такой иметь, а без талисмана ничего, паря, не поделаешь.","Чтоб его найти и увидать, талисман надо такой иметь, а без талисмана ничего, паря, не поделаешь.","чтоб его найти и увидать, талисман надо такой иметь, а без талисмана ничего, паря, не поделаешь.",RU,INFORMATIONAL_FORMULATION,NO_EXACT_UPSTREAM_MATCH,NEW_CANDIDATE,NONE,NONE,NONE,DISTINCT_PENDING_LATER_ANALYSIS,ELIGIBLE_NEW_CANDIDATE,1,1,1,false,NONE,NONE,NOT_VALIDATED_STEP07,NOT_EVALUATED_STEP07,NOT_STARTED_STEP07,NONE
S07C000432,"Это помогает восстанавливать энергию жизни и равновесие, способствуя победе над болезнью.","Это помогает восстанавливать энергию жизни и равновесие, способствуя победе над болезнью.","это помогает восстанавливать энергию жизни и равновесие, способствуя победе над болезнью.",RU,ATTRIBUTE,NO_EXACT_UPSTREAM_MATCH,NEW_CANDIDATE,NONE,NONE,NONE,DISTINCT_PENDING_LATER_ANALYSIS,ELIGIBLE_NEW_CANDIDATE,1,1,1,false,NONE,NONE,NOT_VALIDATED_STEP07,NOT_EVALUATED_STEP07,NOT_STARTED_STEP07,NONE
S07C000433,"Это символ жизненного и духовного движения человека, символ света и мудрости.","Это символ жизненного и духовного движения человека, символ света и мудрости.","это символ жизненного и духовного движения человека, символ света и мудрости.",RU,INFORMATIONAL_FORMULATION,NO_EXACT_UPSTREAM_MATCH,NEW_CANDIDATE,NONE,NONE,NONE,DISTINCT_PENDING_LATER_ANALYSIS,ELIGIBLE_NEW_CANDIDATE,1,1,1,false,NONE,NONE,NOT_VALIDATED_STEP07,NOT_EVALUATED_STEP07,NOT_STARTED_STEP07,NONE
S07C000434,Этот огненный обережный символ сохраняет:,Этот огненный обережный символ сохраняет:,этот огненный обережный символ сохраняет:,RU,TERMINOLOGY,NO_EXACT_UPSTREAM_MATCH,NEW_CANDIDATE,NONE,NONE,NONE,DISTINCT_PENDING_LATER_ANALYSIS,ELIGIBLE_NEW_CANDIDATE,1,1,1,false,NONE,NONE,NOT_VALIDATED_STEP07,NOT_EVALUATED_STEP07,NOT_STARTED_STEP07,NONE
S07C000435,Этот символ:,Этот символ:,этот символ:,RU,TERMINOLOGY,NO_EXACT_UPSTREAM_MATCH,NEW_CANDIDATE,NONE,NONE,NONE,DISTINCT_PENDING_LATER_ANALYSIS,ELIGIBLE_NEW_CANDIDATE,1,1,1,false,NONE,NONE,NOT_VALIDATED_STEP07,NOT_EVALUATED_STEP07,NOT_STARTED_STEP07,NONE
S07C000436,"Является одним из главных солярных символов, заключает в себе свет и добро.","Является одним из главных солярных символов, заключает в себе свет и добро.","является одним из главных солярных символов, заключает в себе свет и добро.",RU,INFORMATIONAL_FORMULATION,NO_EXACT_UPSTREAM_MATCH,NEW_CANDIDATE,NONE,NONE,NONE,DISTINCT_PENDING_LATER_ANALYSIS,ELIGIBLE_NEW_CANDIDATE,1,1,1,false,NONE,NONE,NOT_VALIDATED_STEP07,NOT_EVALUATED_STEP07,NOT_STARTED_STEP07,NONE
S07C000437,Являлся в прежние времена непременным атрибутом одежды детей и беременных женщин.,Являлся в прежние времена непременным атрибутом одежды детей и беременных женщин.,являлся в прежние времена непременным атрибутом одежды детей и беременных женщин.,RU,INFORMATIONAL_FORMULATION,NO_EXACT_UPSTREAM_MATCH,NEW_CANDIDATE,NONE,NONE,NONE,DISTINCT_PENDING_LATER_ANALYSIS,ELIGIBLE_NEW_CANDIDATE,1,1,1,false,NONE,NONE,NOT_VALIDATED_STEP07,NOT_EVALUATED_STEP07,NOT_STARTED_STEP07,NONE
S07C000438,"ॐ) или Аум — в индуистской и ведийской традиции — сакральный звук, изначальная мантра, «слово силы».","ॐ) или Аум — в индуистской и ведийской традиции — сакральный звук, изначальная мантра, «слово силы».","ॐ) или аум — в индуистской и ведийской традиции — сакральный звук, изначальная мантра, «слово силы».",RU,INFORMATIONAL_FORMULATION,NO_EXACT_UPSTREAM_MATCH,NEW_CANDIDATE,NONE,NONE,NONE,DISTINCT_PENDING_LATER_ANALYSIS,ELIGIBLE_NEW_CANDIDATE,1,1,1,false,NONE,NONE,NOT_VALIDATED_STEP07,NOT_EVALUATED_STEP07,NOT_STARTED_STEP07,NONE
S07C000439,"– Бурундучок примчался с листком бумаги, разложил его на деревянном столе и принялся писать большими буквами.","– Бурундучок примчался с листком бумаги, разложил его на деревянном столе и принялся писать большими буквами.","– бурундучок примчался с листком бумаги, разложил его на деревянном столе и принялся писать большими буквами.",RU,ATTRIBUTE,NO_EXACT_UPSTREAM_MATCH,NEW_CANDIDATE,NONE,NONE,NONE,DISTINCT_PENDING_LATER_ANALYSIS,ELIGIBLE_NEW_CANDIDATE,1,1,1,false,NONE,NONE,NOT_VALIDATED_STEP07,NOT_EVALUATED_STEP07,NOT_STARTED_STEP07,NONE
S07C000440,"– Не знаю, что и думать, – сказал эксперт.","– Не знаю, что и думать, – сказал эксперт.","– не знаю, что и думать, – сказал эксперт.",RU,INFORMATIONAL_FORMULATION,NO_EXACT_UPSTREAM_MATCH,NEW_CANDIDATE,NONE,NONE,NONE,DISTINCT_PENDING_LATER_ANALYSIS,ELIGIBLE_NEW_CANDIDATE,1,1,1,false,NONE,NONE,NOT_VALIDATED_STEP07,NOT_EVALUATED_STEP07,NOT_STARTED_STEP07,NONE
S07C000441,— благосостояние через благие дела.,— благосостояние через благие дела.,— благосостояние через благие дела.,RU,TERMINOLOGY,NO_EXACT_UPSTREAM_MATCH,NEW_CANDIDATE,NONE,NONE,NONE,DISTINCT_PENDING_LATER_ANALYSIS,ELIGIBLE_NEW_CANDIDATE,1,1,1,false,NONE,NONE,NOT_VALIDATED_STEP07,NOT_EVALUATED_STEP07,NOT_STARTED_STEP07,NONE
S07C000442,"— болезни, недомогания и хвори;","— болезни, недомогания и хвори;","— болезни, недомогания и хвори;",RU,USE_CASE,NO_EXACT_UPSTREAM_MATCH,NEW_CANDIDATE,NONE,NONE,NONE,DISTINCT_PENDING_LATER_ANALYSIS,ELIGIBLE_NEW_CANDIDATE,1,1,1,false,NONE,NONE,NOT_VALIDATED_STEP07,NOT_EVALUATED_STEP07,NOT_STARTED_STEP07,NONE
S07C000443,"— гармонизирует и объединяет дух и тело, способствуя его очищению и оздоровлению.","— гармонизирует и объединяет дух и тело, способствуя его очищению и оздоровлению.","— гармонизирует и объединяет дух и тело, способствуя его очищению и оздоровлению.",RU,USE_CASE,NO_EXACT_UPSTREAM_MATCH,NEW_CANDIDATE,NONE,NONE,NONE,DISTINCT_PENDING_LATER_ANALYSIS,ELIGIBLE_NEW_CANDIDATE,1,1,1,false,NONE,NONE,NOT_VALIDATED_STEP07,NOT_EVALUATED_STEP07,NOT_STARTED_STEP07,NONE
S07C000444,— дипломатичность;,— дипломатичность;,— дипломатичность;,RU,TERMINOLOGY,NO_EXACT_UPSTREAM_MATCH,NEW_CANDIDATE,NONE,NONE,NONE,DISTINCT_PENDING_LATER_ANALYSIS,ELIGIBLE_NEW_CANDIDATE,1,1,1,false,NONE,NONE,NOT_VALIDATED_STEP07,NOT_EVALUATED_STEP07,NOT_STARTED_STEP07,NONE
S07C000445,— достаток в доме;,— достаток в доме;,— достаток в доме;,RU,TERMINOLOGY,NO_EXACT_UPSTREAM_MATCH,NEW_CANDIDATE,NONE,NONE,NONE,DISTINCT_PENDING_LATER_ANALYSIS,ELIGIBLE_NEW_CANDIDATE,1,1,1,false,NONE,NONE,NOT_VALIDATED_STEP07,NOT_EVALUATED_STEP07,NOT_STARTED_STEP07,NONE
S07C000446,— защиту и покровительство светлых богов;,— защиту и покровительство светлых богов;,— защиту и покровительство светлых богов;,RU,USE_CASE,NO_EXACT_UPSTREAM_MATCH,NEW_CANDIDATE,NONE,NONE,NONE,DISTINCT_PENDING_LATER_ANALYSIS,ELIGIBLE_NEW_CANDIDATE,1,1,1,false,NONE,NONE,NOT_VALIDATED_STEP07,NOT_EVALUATED_STEP07,NOT_STARTED_STEP07,NONE
S07C000447,"— защиту от порчи, сглаза и проклятий;","— защиту от порчи, сглаза и проклятий;","— защиту от порчи, сглаза и проклятий;",RU,USE_CASE,NO_EXACT_UPSTREAM_MATCH,NEW_CANDIDATE,NONE,NONE,NONE,DISTINCT_PENDING_LATER_ANALYSIS,ELIGIBLE_NEW_CANDIDATE,1,1,1,false,NONE,NONE,NOT_VALIDATED_STEP07,NOT_EVALUATED_STEP07,NOT_STARTED_STEP07,NONE
S07C000448,"— защиту от природных катаклизмов и стихий (грозы, града, урагана, ливня, вьюги и т.","— защиту от природных катаклизмов и стихий (грозы, града, урагана, ливня, вьюги и т.","— защиту от природных катаклизмов и стихий (грозы, града, урагана, ливня, вьюги и т.",RU,USE_CASE,NO_EXACT_UPSTREAM_MATCH,NEW_CANDIDATE,NONE,NONE,NONE,DISTINCT_PENDING_LATER_ANALYSIS,ELIGIBLE_NEW_CANDIDATE,1,1,1,false,NONE,NONE,NOT_VALIDATED_STEP07,NOT_EVALUATED_STEP07,NOT_STARTED_STEP07,NONE
S07C000449,"— зла, неудач, несчастных случаев, неприятных ситуаций и бед;","— зла, неудач, несчастных случаев, неприятных ситуаций и бед;","— зла, неудач, несчастных случаев, неприятных ситуаций и бед;",RU,USE_CASE,NO_EXACT_UPSTREAM_MATCH,NEW_CANDIDATE,NONE,NONE,NONE,DISTINCT_PENDING_LATER_ANALYSIS,ELIGIBLE_NEW_CANDIDATE,1,1,1,false,NONE,NONE,NOT_VALIDATED_STEP07,NOT_EVALUATED_STEP07,NOT_STARTED_STEP07,NONE
S07C000450,"— злых чар, порчи и сглаза;","— злых чар, порчи и сглаза;","— злых чар, порчи и сглаза;",RU,USE_CASE,NO_EXACT_UPSTREAM_MATCH,NEW_CANDIDATE,NONE,NONE,NONE,DISTINCT_PENDING_LATER_ANALYSIS,ELIGIBLE_NEW_CANDIDATE,1,1,1,false,NONE,NONE,NOT_VALIDATED_STEP07,NOT_EVALUATED_STEP07,NOT_STARTED_STEP07,NONE
S07C000451,— крепкое здоровье;,— крепкое здоровье;,— крепкое здоровье;,RU,USE_CASE,NO_EXACT_UPSTREAM_MATCH,NEW_CANDIDATE,NONE,NONE,NONE,DISTINCT_PENDING_LATER_ANALYSIS,ELIGIBLE_NEW_CANDIDATE,1,1,1,false,NONE,NONE,NOT_VALIDATED_STEP07,NOT_EVALUATED_STEP07,NOT_STARTED_STEP07,NONE
S07C000452,— крепкую любовь и семью;,— крепкую любовь и семью;,— крепкую любовь и семью;,RU,USE_CASE,NO_EXACT_UPSTREAM_MATCH,NEW_CANDIDATE,NONE,NONE,NONE,DISTINCT_PENDING_LATER_ANALYSIS,ELIGIBLE_NEW_CANDIDATE,1,1,1,false,NONE,NONE,NOT_VALIDATED_STEP07,NOT_EVALUATED_STEP07,NOT_STARTED_STEP07,NONE
S07C000453,— лишений в материальном плане;,— лишений в материальном плане;,— лишений в материальном плане;,RU,ATTRIBUTE,NO_EXACT_UPSTREAM_MATCH,NEW_CANDIDATE,NONE,NONE,NONE,DISTINCT_PENDING_LATER_ANALYSIS,ELIGIBLE_NEW_CANDIDATE,1,1,1,false,NONE,NONE,NOT_VALIDATED_STEP07,NOT_EVALUATED_STEP07,NOT_STARTED_STEP07,NONE
S07C000454,— наделяет устойчивостью помыслов и верой;,— наделяет устойчивостью помыслов и верой;,— наделяет устойчивостью помыслов и верой;,RU,INFORMATIONAL_FORMULATION,NO_EXACT_UPSTREAM_MATCH,NEW_CANDIDATE,NONE,NONE,NONE,DISTINCT_PENDING_LATER_ANALYSIS,ELIGIBLE_NEW_CANDIDATE,1,1,1,false,NONE,NONE,NOT_VALIDATED_STEP07,NOT_EVALUATED_STEP07,NOT_STARTED_STEP07,NONE
S07C000455,— найти любовь своей жизни;,— найти любовь своей жизни;,— найти любовь своей жизни;,RU,USE_CASE,NO_EXACT_UPSTREAM_MATCH,NEW_CANDIDATE,NONE,NONE,NONE,DISTINCT_PENDING_LATER_ANALYSIS,ELIGIBLE_NEW_CANDIDATE,1,1,1,false,NONE,NONE,NOT_VALIDATED_STEP07,NOT_EVALUATED_STEP07,NOT_STARTED_STEP07,NONE
S07C000456,— наполняет человека чистым светом и стремлением к высшей цели;,— наполняет человека чистым светом и стремлением к высшей цели;,— наполняет человека чистым светом и стремлением к высшей цели;,RU,INFORMATIONAL_FORMULATION,NO_EXACT_UPSTREAM_MATCH,NEW_CANDIDATE,NONE,NONE,NONE,DISTINCT_PENDING_LATER_ANALYSIS,ELIGIBLE_NEW_CANDIDATE,1,1,1,false,NONE,NONE,NOT_VALIDATED_STEP07,NOT_EVALUATED_STEP07,NOT_STARTED_STEP07,NONE
S07C000457,— нездоровья;,— нездоровья;,— нездоровья;,RU,USE_CASE,NO_EXACT_UPSTREAM_MATCH,NEW_CANDIDATE,NONE,NONE,NONE,DISTINCT_PENDING_LATER_ANALYSIS,ELIGIBLE_NEW_CANDIDATE,1,1,1,false,NONE,NONE,NOT_VALIDATED_STEP07,NOT_EVALUATED_STEP07,NOT_STARTED_STEP07,NONE
S07C000458,"— неудачливых людей, несущих хаос;","— неудачливых людей, несущих хаос;","— неудачливых людей, несущих хаос;",RU,USE_CASE,NO_EXACT_UPSTREAM_MATCH,NEW_CANDIDATE,NONE,NONE,NONE,DISTINCT_PENDING_LATER_ANALYSIS,ELIGIBLE_NEW_CANDIDATE,1,1,1,false,NONE,NONE,NOT_VALIDATED_STEP07,NOT_EVALUATED_STEP07,NOT_STARTED_STEP07,NONE
S07C000459,"— оберегает от порчи, нечисти, духов, призраков и сглаза;","— оберегает от порчи, нечисти, духов, призраков и сглаза;","— оберегает от порчи, нечисти, духов, призраков и сглаза;",RU,USE_CASE,NO_EXACT_UPSTREAM_MATCH,NEW_CANDIDATE,NONE,NONE,NONE,DISTINCT_PENDING_LATER_ANALYSIS,ELIGIBLE_NEW_CANDIDATE,1,1,1,false,NONE,NONE,NOT_VALIDATED_STEP07,NOT_EVALUATED_STEP07,NOT_STARTED_STEP07,NONE
S07C000460,"— освободиться от разных зависимостей (игромании, наркомании, алкоголизма, курения и т.","— освободиться от разных зависимостей (игромании, наркомании, алкоголизма, курения и т.","— освободиться от разных зависимостей (игромании, наркомании, алкоголизма, курения и т.",RU,INFORMATIONAL_FORMULATION,NO_EXACT_UPSTREAM_MATCH,NEW_CANDIDATE,NONE,NONE,NONE,DISTINCT_PENDING_LATER_ANALYSIS,ELIGIBLE_NEW_CANDIDATE,1,1,1,false,NONE,NONE,NOT_VALIDATED_STEP07,NOT_EVALUATED_STEP07,NOT_STARTED_STEP07,NONE
S07C000461,— поддержку и защиту бога Перуна и бога Сварога.,— поддержку и защиту бога Перуна и бога Сварога.,— поддержку и защиту бога перуна и бога сварога.,RU,USE_CASE,NO_EXACT_UPSTREAM_MATCH,NEW_CANDIDATE,NONE,NONE,NONE,DISTINCT_PENDING_LATER_ANALYSIS,ELIGIBLE_NEW_CANDIDATE,1,1,1,false,NONE,NONE,NOT_VALIDATED_STEP07,NOT_EVALUATED_STEP07,NOT_STARTED_STEP07,NONE
S07C000462,— получить здоровье;,— получить здоровье;,— получить здоровье;,RU,USE_CASE,NO_EXACT_UPSTREAM_MATCH,NEW_CANDIDATE,NONE,NONE,NONE,DISTINCT_PENDING_LATER_ANALYSIS,ELIGIBLE_NEW_CANDIDATE,1,1,1,false,NONE,NONE,NOT_VALIDATED_STEP07,NOT_EVALUATED_STEP07,NOT_STARTED_STEP07,NONE
S07C000463,— помогает воину выстоять против напастей;,— помогает воину выстоять против напастей;,— помогает воину выстоять против напастей;,RU,USE_CASE,NO_EXACT_UPSTREAM_MATCH,NEW_CANDIDATE,NONE,NONE,NONE,DISTINCT_PENDING_LATER_ANALYSIS,ELIGIBLE_NEW_CANDIDATE,1,1,1,false,NONE,NONE,NOT_VALIDATED_STEP07,NOT_EVALUATED_STEP07,NOT_STARTED_STEP07,NONE
S07C000464,— помогает идти по сложному пути совмещения жизни духовной и материальной;,— помогает идти по сложному пути совмещения жизни духовной и материальной;,— помогает идти по сложному пути совмещения жизни духовной и материальной;,RU,ATTRIBUTE,NO_EXACT_UPSTREAM_MATCH,NEW_CANDIDATE,NONE,NONE,NONE,DISTINCT_PENDING_LATER_ANALYSIS,ELIGIBLE_NEW_CANDIDATE,1,1,1,false,NONE,NONE,NOT_VALIDATED_STEP07,NOT_EVALUATED_STEP07,NOT_STARTED_STEP07,NONE
S07C000465,— помогает отличить врага от друга в мирной жизни.,— помогает отличить врага от друга в мирной жизни.,— помогает отличить врага от друга в мирной жизни.,RU,USE_CASE,NO_EXACT_UPSTREAM_MATCH,NEW_CANDIDATE,NONE,NONE,NONE,DISTINCT_PENDING_LATER_ANALYSIS,ELIGIBLE_NEW_CANDIDATE,1,1,1,false,NONE,NONE,NOT_VALIDATED_STEP07,NOT_EVALUATED_STEP07,NOT_STARTED_STEP07,NONE
S07C000466,— помогает ясно видеть и понимать соразмерность и необходимость какой-либо жертвы и выбора.,— помогает ясно видеть и понимать соразмерность и необходимость какой-либо жертвы и выбора.,— помогает ясно видеть и понимать соразмерность и необходимость какой-либо жертвы и выбора.,RU,ATTRIBUTE,NO_EXACT_UPSTREAM_MATCH,NEW_CANDIDATE,NONE,NONE,NONE,DISTINCT_PENDING_LATER_ANALYSIS,ELIGIBLE_NEW_CANDIDATE,1,1,1,false,NONE,NONE,NOT_VALIDATED_STEP07,NOT_EVALUATED_STEP07,NOT_STARTED_STEP07,NONE
S07C000467,"— помочь каждому, кто в этом нуждается.","— помочь каждому, кто в этом нуждается.","— помочь каждому, кто в этом нуждается.",RU,INFORMATIONAL_FORMULATION,NO_EXACT_UPSTREAM_MATCH,NEW_CANDIDATE,NONE,NONE,NONE,DISTINCT_PENDING_LATER_ANALYSIS,ELIGIBLE_NEW_CANDIDATE,1,1,1,false,NONE,NONE,NOT_VALIDATED_STEP07,NOT_EVALUATED_STEP07,NOT_STARTED_STEP07,NONE
S07C000468,"— помочь приоткрыть то, что обычно скрыто от глаз, в т.","— помочь приоткрыть то, что обычно скрыто от глаз, в т.","— помочь приоткрыть то, что обычно скрыто от глаз, в т.",RU,INFORMATIONAL_FORMULATION,NO_EXACT_UPSTREAM_MATCH,NEW_CANDIDATE,NONE,NONE,NONE,DISTINCT_PENDING_LATER_ANALYSIS,ELIGIBLE_NEW_CANDIDATE,1,1,1,false,NONE,NONE,NOT_VALIDATED_STEP07,NOT_EVALUATED_STEP07,NOT_STARTED_STEP07,NONE
S07C000469,— привлечь удачу в делах;,— привлечь удачу в делах;,— привлечь удачу в делах;,RU,USE_CASE,NO_EXACT_UPSTREAM_MATCH,NEW_CANDIDATE,NONE,NONE,NONE,DISTINCT_PENDING_LATER_ANALYSIS,ELIGIBLE_NEW_CANDIDATE,1,1,1,false,NONE,NONE,NOT_VALIDATED_STEP07,NOT_EVALUATED_STEP07,NOT_STARTED_STEP07,NONE
S07C000470,"— связь с предками, их защиту и покровительство;","— связь с предками, их защиту и покровительство;","— связь с предками, их защиту и покровительство;",RU,USE_CASE,NO_EXACT_UPSTREAM_MATCH,NEW_CANDIDATE,NONE,NONE,NONE,DISTINCT_PENDING_LATER_ANALYSIS,ELIGIBLE_NEW_CANDIDATE,1,1,1,false,NONE,NONE,NOT_VALIDATED_STEP07,NOT_EVALUATED_STEP07,NOT_STARTED_STEP07,NONE
S07C000471,— служит проводником в поиске счастья;,— служит проводником в поиске счастья;,— служит проводником в поиске счастья;,RU,USE_CASE,NO_EXACT_UPSTREAM_MATCH,NEW_CANDIDATE,NONE,NONE,NONE,DISTINCT_PENDING_LATER_ANALYSIS,ELIGIBLE_NEW_CANDIDATE,1,1,1,false,NONE,NONE,NOT_VALIDATED_STEP07,NOT_EVALUATED_STEP07,NOT_STARTED_STEP07,NONE
S07C000472,— способствует духовному преобразованию человека;,— способствует духовному преобразованию человека;,— способствует духовному преобразованию человека;,RU,TERMINOLOGY,NO_EXACT_UPSTREAM_MATCH,NEW_CANDIDATE,NONE,NONE,NONE,DISTINCT_PENDING_LATER_ANALYSIS,ELIGIBLE_NEW_CANDIDATE,1,1,1,false,NONE,NONE,NOT_VALIDATED_STEP07,NOT_EVALUATED_STEP07,NOT_STARTED_STEP07,NONE
S07C000473,"— страшного, завистливого и другого недоброго глаза;","— страшного, завистливого и другого недоброго глаза;","— страшного, завистливого и другого недоброго глаза;",RU,INFORMATIONAL_FORMULATION,NO_EXACT_UPSTREAM_MATCH,NEW_CANDIDATE,NONE,NONE,NONE,DISTINCT_PENDING_LATER_ANALYSIS,ELIGIBLE_NEW_CANDIDATE,1,1,1,false,NONE,NONE,NOT_VALIDATED_STEP07,NOT_EVALUATED_STEP07,NOT_STARTED_STEP07,NONE
S07C000474,"— счастье в доме, семье, с детьми;","— счастье в доме, семье, с детьми;","— счастье в доме, семье, с детьми;",RU,USE_CASE,NO_EXACT_UPSTREAM_MATCH,NEW_CANDIDATE,NONE,NONE,NONE,DISTINCT_PENDING_LATER_ANALYSIS,ELIGIBLE_NEW_CANDIDATE,1,1,1,false,NONE,NONE,NOT_VALIDATED_STEP07,NOT_EVALUATED_STEP07,NOT_STARTED_STEP07,NONE
S07C000475,"— укрепить любовь в семье между супругами, родителями и детьми;","— укрепить любовь в семье между супругами, родителями и детьми;","— укрепить любовь в семье между супругами, родителями и детьми;",RU,USE_CASE,NO_EXACT_UPSTREAM_MATCH,NEW_CANDIDATE,NONE,NONE,NONE,DISTINCT_PENDING_LATER_ANALYSIS,ELIGIBLE_NEW_CANDIDATE,1,1,1,false,NONE,NONE,NOT_VALIDATED_STEP07,NOT_EVALUATED_STEP07,NOT_STARTED_STEP07,NONE
S07C000476,"◆ За этими, отступя, шел старший жрец, у которого сиял на груди сапфирный амулет.","◆ За этими, отступя, шел старший жрец, у которого сиял на груди сапфирный амулет.","◆ за этими, отступя, шел старший жрец, у которого сиял на груди сапфирный амулет.",RU,INFORMATIONAL_FORMULATION,NO_EXACT_UPSTREAM_MATCH,NEW_CANDIDATE,NONE,NONE,NONE,DISTINCT_PENDING_LATER_ANALYSIS,ELIGIBLE_NEW_CANDIDATE,1,1,1,false,NONE,NONE,NOT_VALIDATED_STEP07,NOT_EVALUATED_STEP07,NOT_STARTED_STEP07,NONE
S07C000477,авестийский,авестийский,авестийский,RU,ATTRIBUTE,NO_EXACT_UPSTREAM_MATCH,OUT_OF_SCOPE,NONE,NONE,NONE,NONE,EXCLUDED_OUT_OF_SCOPE,1,1,2,false,NONE,FOREIGN_ENTITY,NOT_VALIDATED_STEP07,NOT_EVALUATED_STEP07,NOT_STARTED_STEP07,NONE
S07C000478,АВЕСТИЙСКИЙ ЯЗЫК,АВЕСТИЙСКИЙ ЯЗЫК,авестийский язык,RU,ATTRIBUTE,NO_EXACT_UPSTREAM_MATCH,OUT_OF_SCOPE,NONE,NONE,NONE,NONE,EXCLUDED_OUT_OF_SCOPE,1,1,7,false,NONE,FOREIGN_ENTITY,NOT_VALIDATED_STEP07,NOT_EVALUATED_STEP07,NOT_STARTED_STEP07,NONE
S07C000479,Автор: Наталья Солнце,Автор: Наталья Солнце,автор: наталья солнце,RU,TERMINOLOGY,NO_EXACT_UPSTREAM_MATCH,OUT_OF_SCOPE,NONE,NONE,NONE,NONE,EXCLUDED_OUT_OF_SCOPE,1,1,2,false,NONE,UI_OR_FORMATTING_NOISE,NOT_VALIDATED_STEP07,NOT_EVALUATED_STEP07,NOT_STARTED_STEP07,NONE
S07C000480,АНГЕЛИНА,АНГЕЛИНА,ангелина,RU,TERMINOLOGY,NO_EXACT_UPSTREAM_MATCH,OUT_OF_SCOPE,NONE,NONE,NONE,NONE,EXCLUDED_OUT_OF_SCOPE,1,1,7,false,NONE,FOREIGN_ENTITY,NOT_VALIDATED_STEP07,NOT_EVALUATED_STEP07,NOT_STARTED_STEP07,NONE
S07C000481,"Ангелина сначала порассуждала о том, что человек может разбудить радость в себе самом.","Ангелина сначала порассуждала о том, что человек может разбудить радость в себе самом.","ангелина сначала порассуждала о том, что человек может разбудить радость в себе самом.",RU,INFORMATIONAL_FORMULATION,NO_EXACT_UPSTREAM_MATCH,OUT_OF_SCOPE,NONE,NONE,NONE,NONE,EXCLUDED_OUT_OF_SCOPE,1,1,1,false,NONE,FOREIGN_ENTITY,NOT_VALIDATED_STEP07,NOT_EVALUATED_STEP07,NOT_STARTED_STEP07,NONE
S07C000482,"Ангелина, с которой я познакомился в баре в субботу, вечером уезжает на все праздники, оставляя меня.","Ангелина, с которой я познакомился в баре в субботу, вечером уезжает на все праздники, оставляя меня.","ангелина, с которой я познакомился в баре в субботу, вечером уезжает на все праздники, оставляя меня.",RU,INFORMATIONAL_FORMULATION,NO_EXACT_UPSTREAM_MATCH,OUT_OF_SCOPE,NONE,NONE,NONE,NONE,EXCLUDED_OUT_OF_SCOPE,1,1,1,false,NONE,FOREIGN_ENTITY,NOT_VALIDATED_STEP07,NOT_EVALUATED_STEP07,NOT_STARTED_STEP07,NONE
S07C000483,Ангелина– пришло из греческого языка и означает «возвещающая».,Ангелина– пришло из греческого языка и означает «возвещающая».,ангелина– пришло из греческого языка и означает «возвещающая».,RU,INFORMATIONAL_FORMULATION,NO_EXACT_UPSTREAM_MATCH,OUT_OF_SCOPE,NONE,NONE,NONE,NONE,EXCLUDED_OUT_OF_SCOPE,1,1,1,false,NONE,FOREIGN_ENTITY,NOT_VALIDATED_STEP07,NOT_EVALUATED_STEP07,NOT_STARTED_STEP07,NONE
S07C000484,Ассоциации к слову «ангел»,Ассоциации к слову «ангел»,ассоциации к слову «ангел»,RU,INFORMATIONAL_FORMULATION,NO_EXACT_UPSTREAM_MATCH,OUT_OF_SCOPE,NONE,NONE,NONE,NONE,EXCLUDED_OUT_OF_SCOPE,1,1,1,false,NONE,UNRELATED_SITE_BRANCH,NOT_VALIDATED_STEP07,NOT_EVALUATED_STEP07,NOT_STARTED_STEP07,NONE
S07C000485,Ассоциации к слову «Ангелина»,Ассоциации к слову «Ангелина»,ассоциации к слову «ангелина»,RU,INFORMATIONAL_FORMULATION,NO_EXACT_UPSTREAM_MATCH,OUT_OF_SCOPE,NONE,NONE,NONE,NONE,EXCLUDED_OUT_OF_SCOPE,1,1,1,false,NONE,FOREIGN_ENTITY,NOT_VALIDATED_STEP07,NOT_EVALUATED_STEP07,NOT_STARTED_STEP07,NONE
S07C000486,Ассоциации к слову «буква»,Ассоциации к слову «буква»,ассоциации к слову «буква»,RU,INFORMATIONAL_FORMULATION,NO_EXACT_UPSTREAM_MATCH,OUT_OF_SCOPE,NONE,NONE,NONE,NONE,EXCLUDED_OUT_OF_SCOPE,1,1,2,false,NONE,FOREIGN_ENTITY,NOT_VALIDATED_STEP07,NOT_EVALUATED_STEP07,NOT_STARTED_STEP07,NONE
S07C000487,Ассоциации к слову «взлом»,Ассоциации к слову «взлом»,ассоциации к слову «взлом»,RU,USE_CASE,NO_EXACT_UPSTREAM_MATCH,OUT_OF_SCOPE,NONE,NONE,NONE,NONE,EXCLUDED_OUT_OF_SCOPE,1,1,1,false,NONE,FOREIGN_ENTITY,NOT_VALIDATED_STEP07,NOT_EVALUATED_STEP07,NOT_STARTED_STEP07,NONE
S07C000488,Ассоциации к слову «диплом»,Ассоциации к слову «диплом»,ассоциации к слову «диплом»,RU,INFORMATIONAL_FORMULATION,NO_EXACT_UPSTREAM_MATCH,OUT_OF_SCOPE,NONE,NONE,NONE,NONE,EXCLUDED_OUT_OF_SCOPE,1,1,1,false,NONE,FOREIGN_ENTITY,NOT_VALIDATED_STEP07,NOT_EVALUATED_STEP07,NOT_STARTED_STEP07,NONE
S07C000489,Ассоциации к слову «Евангелие»,Ассоциации к слову «Евангелие»,ассоциации к слову «евангелие»,RU,INFORMATIONAL_FORMULATION,NO_EXACT_UPSTREAM_MATCH,OUT_OF_SCOPE,NONE,NONE,NONE,NONE,EXCLUDED_OUT_OF_SCOPE,1,1,1,false,NONE,UNRELATED_SITE_BRANCH,NOT_VALIDATED_STEP07,NOT_EVALUATED_STEP07,NOT_STARTED_STEP07,NONE
S07C000490,Ассоциации к слову «знак»,Ассоциации к слову «знак»,ассоциации к слову «знак»,RU,INFORMATIONAL_FORMULATION,NO_EXACT_UPSTREAM_MATCH,OUT_OF_SCOPE,NONE,NONE,NONE,NONE,EXCLUDED_OUT_OF_SCOPE,1,1,2,false,NONE,UNRELATED_SITE_BRANCH,NOT_VALIDATED_STEP07,NOT_EVALUATED_STEP07,NOT_STARTED_STEP07,NONE
S07C000491,Ассоциации к слову «ОМОН»,Ассоциации к слову «ОМОН»,ассоциации к слову «омон»,RU,INFORMATIONAL_FORMULATION,NO_EXACT_UPSTREAM_MATCH,OUT_OF_SCOPE,NONE,NONE,NONE,NONE,EXCLUDED_OUT_OF_SCOPE,1,1,1,false,NONE,FOREIGN_ENTITY,NOT_VALIDATED_STEP07,NOT_EVALUATED_STEP07,NOT_STARTED_STEP07,NONE
S07C000492,Ассоциации к слову «символ»,Ассоциации к слову «символ»,ассоциации к слову «символ»,RU,INFORMATIONAL_FORMULATION,NO_EXACT_UPSTREAM_MATCH,OUT_OF_SCOPE,NONE,NONE,NONE,NONE,EXCLUDED_OUT_OF_SCOPE,1,1,1,false,NONE,UNRELATED_SITE_BRANCH,NOT_VALIDATED_STEP07,NOT_EVALUATED_STEP07,NOT_STARTED_STEP07,NONE
S07C000493,Ассоциации к слову «язык»,Ассоциации к слову «язык»,ассоциации к слову «язык»,RU,INFORMATIONAL_FORMULATION,NO_EXACT_UPSTREAM_MATCH,OUT_OF_SCOPE,NONE,NONE,NONE,NONE,EXCLUDED_OUT_OF_SCOPE,1,1,2,false,NONE,FOREIGN_ENTITY,NOT_VALIDATED_STEP07,NOT_EVALUATED_STEP07,NOT_STARTED_STEP07,NONE
S07C000494,Ассоциации к слову АНГЕЛ (словарь ассоциаций русского языка),Ассоциации к слову АНГЕЛ (словарь ассоциаций русского языка),ассоциации к слову ангел (словарь ассоциаций русского языка),RU,INFORMATIONAL_FORMULATION,NO_EXACT_UPSTREAM_MATCH,OUT_OF_SCOPE,NONE,NONE,NONE,NONE,EXCLUDED_OUT_OF_SCOPE,1,1,1,false,NONE,UNRELATED_SITE_BRANCH,NOT_VALIDATED_STEP07,NOT_EVALUATED_STEP07,NOT_STARTED_STEP07,NONE
S07C000495,Ассоциации к слову АНГЕЛИНА (словарь ассоциаций русского языка),Ассоциации к слову АНГЕЛИНА (словарь ассоциаций русского языка),ассоциации к слову ангелина (словарь ассоциаций русского языка),RU,INFORMATIONAL_FORMULATION,NO_EXACT_UPSTREAM_MATCH,OUT_OF_SCOPE,NONE,NONE,NONE,NONE,EXCLUDED_OUT_OF_SCOPE,1,1,1,false,NONE,FOREIGN_ENTITY,NOT_VALIDATED_STEP07,NOT_EVALUATED_STEP07,NOT_STARTED_STEP07,NONE
S07C000496,Ассоциации к слову ВЗЛОМ (словарь ассоциаций русского языка),Ассоциации к слову ВЗЛОМ (словарь ассоциаций русского языка),ассоциации к слову взлом (словарь ассоциаций русского языка),RU,USE_CASE,NO_EXACT_UPSTREAM_MATCH,OUT_OF_SCOPE,NONE,NONE,NONE,NONE,EXCLUDED_OUT_OF_SCOPE,1,1,1,false,NONE,FOREIGN_ENTITY,NOT_VALIDATED_STEP07,NOT_EVALUATED_STEP07,NOT_STARTED_STEP07,NONE
S07C000497,Ассоциации к слову ДИПЛОМ (словарь ассоциаций русского языка),Ассоциации к слову ДИПЛОМ (словарь ассоциаций русского языка),ассоциации к слову диплом (словарь ассоциаций русского языка),RU,INFORMATIONAL_FORMULATION,NO_EXACT_UPSTREAM_MATCH,OUT_OF_SCOPE,NONE,NONE,NONE,NONE,EXCLUDED_OUT_OF_SCOPE,1,1,1,false,NONE,FOREIGN_ENTITY,NOT_VALIDATED_STEP07,NOT_EVALUATED_STEP07,NOT_STARTED_STEP07,NONE
S07C000498,Ассоциации к слову ЕВАНГЕЛИЕ (словарь ассоциаций русского языка),Ассоциации к слову ЕВАНГЕЛИЕ (словарь ассоциаций русского языка),ассоциации к слову евангелие (словарь ассоциаций русского языка),RU,INFORMATIONAL_FORMULATION,NO_EXACT_UPSTREAM_MATCH,OUT_OF_SCOPE,NONE,NONE,NONE,NONE,EXCLUDED_OUT_OF_SCOPE,1,1,1,false,NONE,UNRELATED_SITE_BRANCH,NOT_VALIDATED_STEP07,NOT_EVALUATED_STEP07,NOT_STARTED_STEP07,NONE
S07C000499,Ассоциации к слову ОМОН (словарь ассоциаций русского языка),Ассоциации к слову ОМОН (словарь ассоциаций русского языка),ассоциации к слову омон (словарь ассоциаций русского языка),RU,INFORMATIONAL_FORMULATION,NO_EXACT_UPSTREAM_MATCH,OUT_OF_SCOPE,NONE,NONE,NONE,NONE,EXCLUDED_OUT_OF_SCOPE,1,1,1,false,NONE,FOREIGN_ENTITY,NOT_VALIDATED_STEP07,NOT_EVALUATED_STEP07,NOT_STARTED_STEP07,NONE
S07C000500,Ассоциации к слову СИМВОЛ (словарь ассоциаций русского языка),Ассоциации к слову СИМВОЛ (словарь ассоциаций русского языка),ассоциации к слову символ (словарь ассоциаций русского языка),RU,INFORMATIONAL_FORMULATION,NO_EXACT_UPSTREAM_MATCH,OUT_OF_SCOPE,NONE,NONE,NONE,NONE,EXCLUDED_OUT_OF_SCOPE,1,1,1,false,NONE,UNRELATED_SITE_BRANCH,NOT_VALIDATED_STEP07,NOT_EVALUATED_STEP07,NOT_STARTED_STEP07,NONE
S07C000501,Афоризмы русских писателей со словом «ангел»,Афоризмы русских писателей со словом «ангел»,афоризмы русских писателей со словом «ангел»,RU,INFORMATIONAL_FORMULATION,NO_EXACT_UPSTREAM_MATCH,OUT_OF_SCOPE,NONE,NONE,NONE,NONE,EXCLUDED_OUT_OF_SCOPE,1,1,1,false,NONE,UNRELATED_SITE_BRANCH,NOT_VALIDATED_STEP07,NOT_EVALUATED_STEP07,NOT_STARTED_STEP07,NONE
S07C000502,Афоризмы русских писателей со словом «буква»,Афоризмы русских писателей со словом «буква»,афоризмы русских писателей со словом «буква»,RU,INFORMATIONAL_FORMULATION,NO_EXACT_UPSTREAM_MATCH,OUT_OF_SCOPE,NONE,NONE,NONE,NONE,EXCLUDED_OUT_OF_SCOPE,1,1,1,false,NONE,FOREIGN_ENTITY,NOT_VALIDATED_STEP07,NOT_EVALUATED_STEP07,NOT_STARTED_STEP07,NONE
S07C000503,Афоризмы русских писателей со словом «взлом»,Афоризмы русских писателей со словом «взлом»,афоризмы русских писателей со словом «взлом»,RU,USE_CASE,NO_EXACT_UPSTREAM_MATCH,OUT_OF_SCOPE,NONE,NONE,NONE,NONE,EXCLUDED_OUT_OF_SCOPE,1,1,1,false,NONE,FOREIGN_ENTITY,NOT_VALIDATED_STEP07,NOT_EVALUATED_STEP07,NOT_STARTED_STEP07,NONE
S07C000504,Афоризмы русских писателей со словом «диплом»,Афоризмы русских писателей со словом «диплом»,афоризмы русских писателей со словом «диплом»,RU,INFORMATIONAL_FORMULATION,NO_EXACT_UPSTREAM_MATCH,OUT_OF_SCOPE,NONE,NONE,NONE,NONE,EXCLUDED_OUT_OF_SCOPE,1,1,1,false,NONE,FOREIGN_ENTITY,NOT_VALIDATED_STEP07,NOT_EVALUATED_STEP07,NOT_STARTED_STEP07,NONE
S07C000505,Афоризмы русских писателей со словом «евангелие»,Афоризмы русских писателей со словом «евангелие»,афоризмы русских писателей со словом «евангелие»,RU,INFORMATIONAL_FORMULATION,NO_EXACT_UPSTREAM_MATCH,OUT_OF_SCOPE,NONE,NONE,NONE,NONE,EXCLUDED_OUT_OF_SCOPE,1,1,1,false,NONE,UNRELATED_SITE_BRANCH,NOT_VALIDATED_STEP07,NOT_EVALUATED_STEP07,NOT_STARTED_STEP07,NONE
S07C000506,Афоризмы русских писателей со словом «знак»,Афоризмы русских писателей со словом «знак»,афоризмы русских писателей со словом «знак»,RU,INFORMATIONAL_FORMULATION,NO_EXACT_UPSTREAM_MATCH,OUT_OF_SCOPE,NONE,NONE,NONE,NONE,EXCLUDED_OUT_OF_SCOPE,1,1,1,false,NONE,UNRELATED_SITE_BRANCH,NOT_VALIDATED_STEP07,NOT_EVALUATED_STEP07,NOT_STARTED_STEP07,NONE
S07C000507,Афоризмы русских писателей со словом «символ»,Афоризмы русских писателей со словом «символ»,афоризмы русских писателей со словом «символ»,RU,INFORMATIONAL_FORMULATION,NO_EXACT_UPSTREAM_MATCH,OUT_OF_SCOPE,NONE,NONE,NONE,NONE,EXCLUDED_OUT_OF_SCOPE,1,1,1,false,NONE,UNRELATED_SITE_BRANCH,NOT_VALIDATED_STEP07,NOT_EVALUATED_STEP07,NOT_STARTED_STEP07,NONE
S07C000508,Афоризмы русских писателей со словом «язык»,Афоризмы русских писателей со словом «язык»,афоризмы русских писателей со словом «язык»,RU,INFORMATIONAL_FORMULATION,NO_EXACT_UPSTREAM_MATCH,OUT_OF_SCOPE,NONE,NONE,NONE,NONE,EXCLUDED_OUT_OF_SCOPE,1,1,1,false,NONE,FOREIGN_ENTITY,NOT_VALIDATED_STEP07,NOT_EVALUATED_STEP07,NOT_STARTED_STEP07,NONE
S07C000509,Белый голубь — символ мира.,Белый голубь — символ мира.,белый голубь — символ мира.,RU,TERMINOLOGY,NO_EXACT_UPSTREAM_MATCH,OUT_OF_SCOPE,NONE,NONE,NONE,NONE,EXCLUDED_OUT_OF_SCOPE,1,1,2,false,NONE,UNRELATED_SITE_BRANCH,NOT_VALIDATED_STEP07,NOT_EVALUATED_STEP07,NOT_STARTED_STEP07,NONE
S07C000510,бу́ква,бу́ква,бу́ква,RU,TERMINOLOGY,NO_EXACT_UPSTREAM_MATCH,OUT_OF_SCOPE,NONE,NONE,NONE,NONE,EXCLUDED_OUT_OF_SCOPE,1,1,1,false,NONE,FOREIGN_ENTITY,NOT_VALIDATED_STEP07,NOT_EVALUATED_STEP07,NOT_STARTED_STEP07,NONE
S07C000511,Бу́ква — графический символ фонетической письменности.,Бу́ква — графический символ фонетической письменности.,бу́ква — графический символ фонетической письменности.,RU,INFORMATIONAL_FORMULATION,NO_EXACT_UPSTREAM_MATCH,OUT_OF_SCOPE,NONE,NONE,NONE,NONE,EXCLUDED_OUT_OF_SCOPE,1,1,1,false,NONE,FOREIGN_ENTITY,NOT_VALIDATED_STEP07,NOT_EVALUATED_STEP07,NOT_STARTED_STEP07,NONE
S07C000512,БУКВА,БУКВА,буква,RU,TERMINOLOGY,NO_EXACT_UPSTREAM_MATCH,OUT_OF_SCOPE,NONE,NONE,NONE,NONE,EXCLUDED_OUT_OF_SCOPE,1,1,14,false,NONE,FOREIGN_ENTITY,NOT_VALIDATED_STEP07,NOT_EVALUATED_STEP07,NOT_STARTED_STEP07,NONE
S07C000513,"Буквы в целом соответствуют фонемам в устной речи, хотя точное соответствие между буквами и фонемами встречается редко.","Буквы в целом соответствуют фонемам в устной речи, хотя точное соответствие между буквами и фонемами встречается редко.","буквы в целом соответствуют фонемам в устной речи, хотя точное соответствие между буквами и фонемами встречается редко.",RU,INFORMATIONAL_FORMULATION,NO_EXACT_UPSTREAM_MATCH,OUT_OF_SCOPE,NONE,NONE,NONE,NONE,EXCLUDED_OUT_OF_SCOPE,1,1,1,false,NONE,FOREIGN_ENTITY,NOT_VALIDATED_STEP07,NOT_EVALUATED_STEP07,NOT_STARTED_STEP07,NONE
S07C000514,"В религиозном представлении: сверхъестественное существо, посланец бога (изображается обычно в виде крылатого юноши).","В религиозном представлении: сверхъестественное существо, посланец бога (изображается обычно в виде крылатого юноши).","в религиозном представлении: сверхъестественное существо, посланец бога (изображается обычно в виде крылатого юноши).",RU,INFORMATIONAL_FORMULATION,NO_EXACT_UPSTREAM_MATCH,OUT_OF_SCOPE,NONE,NONE,NONE,NONE,EXCLUDED_OUT_OF_SCOPE,1,1,2,false,NONE,UNRELATED_SITE_BRANCH,NOT_VALIDATED_STEP07,NOT_EVALUATED_STEP07,NOT_STARTED_STEP07,NONE
S07C000515,В русском алфавите 32 буквы.,В русском алфавите 32 буквы.,в русском алфавите 32 буквы.,RU,TERMINOLOGY,NO_EXACT_UPSTREAM_MATCH,OUT_OF_SCOPE,NONE,NONE,NONE,NONE,EXCLUDED_OUT_OF_SCOPE,1,1,1,false,NONE,FOREIGN_ENTITY,NOT_VALIDATED_STEP07,NOT_EVALUATED_STEP07,NOT_STARTED_STEP07,NONE
S07C000516,ВЗЛОМ,ВЗЛОМ,взлом,RU,USE_CASE,NO_EXACT_UPSTREAM_MATCH,OUT_OF_SCOPE,NONE,NONE,NONE,NONE,EXCLUDED_OUT_OF_SCOPE,1,1,14,false,NONE,FOREIGN_ENTITY,NOT_VALIDATED_STEP07,NOT_EVALUATED_STEP07,NOT_STARTED_STEP07,NONE
S07C000517,Взлом замка.,Взлом замка.,взлом замка.,RU,USE_CASE,NO_EXACT_UPSTREAM_MATCH,OUT_OF_SCOPE,NONE,NONE,NONE,NONE,EXCLUDED_OUT_OF_SCOPE,1,1,2,false,NONE,FOREIGN_ENTITY,NOT_VALIDATED_STEP07,NOT_EVALUATED_STEP07,NOT_STARTED_STEP07,NONE
S07C000518,"ВЗЛОМ, -а, м.","ВЗЛОМ, -а, м.","взлом, -а, м.",RU,USE_CASE,NO_EXACT_UPSTREAM_MATCH,OUT_OF_SCOPE,NONE,NONE,NONE,NONE,EXCLUDED_OUT_OF_SCOPE,1,1,2,false,NONE,FOREIGN_ENTITY,NOT_VALIDATED_STEP07,NOT_EVALUATED_STEP07,NOT_STARTED_STEP07,NONE
S07C000519,взломать—взламывать.,взломать—взламывать.,взломать—взламывать.,RU,USE_CASE,NO_EXACT_UPSTREAM_MATCH,OUT_OF_SCOPE,NONE,NONE,NONE,NONE,EXCLUDED_OUT_OF_SCOPE,1,1,2,false,NONE,FOREIGN_ENTITY,NOT_VALIDATED_STEP07,NOT_EVALUATED_STEP07,NOT_STARTED_STEP07,NONE
S07C000520,Внизу стояли скучные прямоугольные дома из песочного камня.,Внизу стояли скучные прямоугольные дома из песочного камня.,внизу стояли скучные прямоугольные дома из песочного камня.,RU,INFORMATIONAL_FORMULATION,NO_EXACT_UPSTREAM_MATCH,OUT_OF_SCOPE,NONE,NONE,NONE,NONE,EXCLUDED_OUT_OF_SCOPE,1,1,1,false,NONE,UNRELATED_SITE_BRANCH,NOT_VALIDATED_STEP07,NOT_EVALUATED_STEP07,NOT_STARTED_STEP07,NONE
S07C000521,"Во время защиты диплома я так волновался, что не сумел аргументированно ответить на вопросы комиссии.","Во время защиты диплома я так волновался, что не сумел аргументированно ответить на вопросы комиссии.","во время защиты диплома я так волновался, что не сумел аргументированно ответить на вопросы комиссии.",RU,USE_CASE,NO_EXACT_UPSTREAM_MATCH,OUT_OF_SCOPE,NONE,NONE,NONE,NONE,EXCLUDED_OUT_OF_SCOPE,1,1,1,false,NONE,FOREIGN_ENTITY,NOT_VALIDATED_STEP07,NOT_EVALUATED_STEP07,NOT_STARTED_STEP07,NONE
S07C000522,"Вопрос: комплексная бригада — это что-то нейтральное, положительное или отрицательное?","Вопрос: комплексная бригада — это что-то нейтральное, положительное или отрицательное?","вопрос: комплексная бригада — это что-то нейтральное, положительное или отрицательное?",RU,INFORMATIONAL_FORMULATION,NO_EXACT_UPSTREAM_MATCH,OUT_OF_SCOPE,NONE,NONE,NONE,NONE,EXCLUDED_OUT_OF_SCOPE,1,1,1,false,NONE,FOREIGN_ENTITY,NOT_VALIDATED_STEP07,NOT_EVALUATED_STEP07,NOT_STARTED_STEP07,NONE
S07C000523,"Воробьев, На сатирических перекрестках.","Воробьев, На сатирических перекрестках.","воробьев, на сатирических перекрестках.",RU,TERMINOLOGY,NO_EXACT_UPSTREAM_MATCH,OUT_OF_SCOPE,NONE,NONE,NONE,NONE,EXCLUDED_OUT_OF_SCOPE,1,1,1,false,NONE,UNRELATED_SITE_BRANCH,NOT_VALIDATED_STEP07,NOT_EVALUATED_STEP07,NOT_STARTED_STEP07,NONE
S07C000524,Все значения слова АНГЕЛ,Все значения слова АНГЕЛ,все значения слова ангел,RU,TERMINOLOGY,NO_EXACT_UPSTREAM_MATCH,OUT_OF_SCOPE,NONE,NONE,NONE,NONE,EXCLUDED_OUT_OF_SCOPE,1,1,1,false,NONE,UNRELATED_SITE_BRANCH,NOT_VALIDATED_STEP07,NOT_EVALUATED_STEP07,NOT_STARTED_STEP07,NONE
S07C000525,Все значения слова ВЗЛОМ,Все значения слова ВЗЛОМ,все значения слова взлом,RU,USE_CASE,NO_EXACT_UPSTREAM_MATCH,OUT_OF_SCOPE,NONE,NONE,NONE,NONE,EXCLUDED_OUT_OF_SCOPE,1,1,1,false,NONE,FOREIGN_ENTITY,NOT_VALIDATED_STEP07,NOT_EVALUATED_STEP07,NOT_STARTED_STEP07,NONE
S07C000526,Все значения слова ДИПЛОМ,Все значения слова ДИПЛОМ,все значения слова диплом,RU,TERMINOLOGY,NO_EXACT_UPSTREAM_MATCH,OUT_OF_SCOPE,NONE,NONE,NONE,NONE,EXCLUDED_OUT_OF_SCOPE,1,1,1,false,NONE,FOREIGN_ENTITY,NOT_VALIDATED_STEP07,NOT_EVALUATED_STEP07,NOT_STARTED_STEP07,NONE
S07C000527,Все значения слова ЕВАНГЕЛИЕ,Все значения слова ЕВАНГЕЛИЕ,все значения слова евангелие,RU,TERMINOLOGY,NO_EXACT_UPSTREAM_MATCH,OUT_OF_SCOPE,NONE,NONE,NONE,NONE,EXCLUDED_OUT_OF_SCOPE,1,1,1,false,NONE,UNRELATED_SITE_BRANCH,NOT_VALIDATED_STEP07,NOT_EVALUATED_STEP07,NOT_STARTED_STEP07,NONE
S07C000528,Все значения слова ЗНАК,Все значения слова ЗНАК,все значения слова знак,RU,TERMINOLOGY,NO_EXACT_UPSTREAM_MATCH,OUT_OF_SCOPE,NONE,NONE,NONE,NONE,EXCLUDED_OUT_OF_SCOPE,1,1,1,false,NONE,UNRELATED_SITE_BRANCH,NOT_VALIDATED_STEP07,NOT_EVALUATED_STEP07,NOT_STARTED_STEP07,NONE
S07C000529,Все значения слова ОМОН,Все значения слова ОМОН,все значения слова омон,RU,TERMINOLOGY,NO_EXACT_UPSTREAM_MATCH,OUT_OF_SCOPE,NONE,NONE,NONE,NONE,EXCLUDED_OUT_OF_SCOPE,1,1,1,false,NONE,FOREIGN_ENTITY,NOT_VALIDATED_STEP07,NOT_EVALUATED_STEP07,NOT_STARTED_STEP07,NONE
S07C000530,Все значения слова СИМВОЛ,Все значения слова СИМВОЛ,все значения слова символ,RU,TERMINOLOGY,NO_EXACT_UPSTREAM_MATCH,OUT_OF_SCOPE,NONE,NONE,NONE,NONE,EXCLUDED_OUT_OF_SCOPE,1,1,1,false,NONE,UNRELATED_SITE_BRANCH,NOT_VALIDATED_STEP07,NOT_EVALUATED_STEP07,NOT_STARTED_STEP07,NONE
S07C000531,Выдержки из русской классики со словом «ангел»,Выдержки из русской классики со словом «ангел»,выдержки из русской классики со словом «ангел»,RU,INFORMATIONAL_FORMULATION,NO_EXACT_UPSTREAM_MATCH,OUT_OF_SCOPE,NONE,NONE,NONE,NONE,EXCLUDED_OUT_OF_SCOPE,1,1,1,false,NONE,UNRELATED_SITE_BRANCH,NOT_VALIDATED_STEP07,NOT_EVALUATED_STEP07,NOT_STARTED_STEP07,NONE
S07C000532,Выдержки из русской классики со словом «Ангелина»,Выдержки из русской классики со словом «Ангелина»,выдержки из русской классики со словом «ангелина»,RU,INFORMATIONAL_FORMULATION,NO_EXACT_UPSTREAM_MATCH,OUT_OF_SCOPE,NONE,NONE,NONE,NONE,EXCLUDED_OUT_OF_SCOPE,1,1,1,false,NONE,FOREIGN_ENTITY,NOT_VALIDATED_STEP07,NOT_EVALUATED_STEP07,NOT_STARTED_STEP07,NONE
S07C000533,Выдержки из русской классики со словом «буква»,Выдержки из русской классики со словом «буква»,выдержки из русской классики со словом «буква»,RU,INFORMATIONAL_FORMULATION,NO_EXACT_UPSTREAM_MATCH,OUT_OF_SCOPE,NONE,NONE,NONE,NONE,EXCLUDED_OUT_OF_SCOPE,1,1,1,false,NONE,FOREIGN_ENTITY,NOT_VALIDATED_STEP07,NOT_EVALUATED_STEP07,NOT_STARTED_STEP07,NONE
S07C000534,Выдержки из русской классики со словом «взлом»,Выдержки из русской классики со словом «взлом»,выдержки из русской классики со словом «взлом»,RU,USE_CASE,NO_EXACT_UPSTREAM_MATCH,OUT_OF_SCOPE,NONE,NONE,NONE,NONE,EXCLUDED_OUT_OF_SCOPE,1,1,1,false,NONE,FOREIGN_ENTITY,NOT_VALIDATED_STEP07,NOT_EVALUATED_STEP07,NOT_STARTED_STEP07,NONE
S07C000535,Выдержки из русской классики со словом «диплом»,Выдержки из русской классики со словом «диплом»,выдержки из русской классики со словом «диплом»,RU,INFORMATIONAL_FORMULATION,NO_EXACT_UPSTREAM_MATCH,OUT_OF_SCOPE,NONE,NONE,NONE,NONE,EXCLUDED_OUT_OF_SCOPE,1,1,1,false,NONE,FOREIGN_ENTITY,NOT_VALIDATED_STEP07,NOT_EVALUATED_STEP07,NOT_STARTED_STEP07,NONE
S07C000536,Выдержки из русской классики со словом «Евангелие»,Выдержки из русской классики со словом «Евангелие»,выдержки из русской классики со словом «евангелие»,RU,INFORMATIONAL_FORMULATION,NO_EXACT_UPSTREAM_MATCH,OUT_OF_SCOPE,NONE,NONE,NONE,NONE,EXCLUDED_OUT_OF_SCOPE,1,1,1,false,NONE,UNRELATED_SITE_BRANCH,NOT_VALIDATED_STEP07,NOT_EVALUATED_STEP07,NOT_STARTED_STEP07,NONE
S07C000537,Выдержки из русской классики со словом «ОМОН»,Выдержки из русской классики со словом «ОМОН»,выдержки из русской классики со словом «омон»,RU,INFORMATIONAL_FORMULATION,NO_EXACT_UPSTREAM_MATCH,OUT_OF_SCOPE,NONE,NONE,NONE,NONE,EXCLUDED_OUT_OF_SCOPE,1,1,1,false,NONE,FOREIGN_ENTITY,NOT_VALIDATED_STEP07,NOT_EVALUATED_STEP07,NOT_STARTED_STEP07,NONE
S07C000538,Выдержки из русской классики со словом «символ»,Выдержки из русской классики со словом «символ»,выдержки из русской классики со словом «символ»,RU,INFORMATIONAL_FORMULATION,NO_EXACT_UPSTREAM_MATCH,OUT_OF_SCOPE,NONE,NONE,NONE,NONE,EXCLUDED_OUT_OF_SCOPE,1,1,1,false,NONE,UNRELATED_SITE_BRANCH,NOT_VALIDATED_STEP07,NOT_EVALUATED_STEP07,NOT_STARTED_STEP07,NONE
S07C000539,Выдержки из русской классики со словосочетанием «авестийский язык»,Выдержки из русской классики со словосочетанием «авестийский язык»,выдержки из русской классики со словосочетанием «авестийский язык»,RU,ATTRIBUTE,NO_EXACT_UPSTREAM_MATCH,OUT_OF_SCOPE,NONE,NONE,NONE,NONE,EXCLUDED_OUT_OF_SCOPE,1,1,1,false,NONE,FOREIGN_ENTITY,NOT_VALIDATED_STEP07,NOT_EVALUATED_STEP07,NOT_STARTED_STEP07,NONE
S07C000540,"графический знак, часть азбуки, алфавита ◆ В русском алфавите 33 буквы, в английском — всего 26.","графический знак, часть азбуки, алфавита ◆ В русском алфавите 33 буквы, в английском — всего 26.","графический знак, часть азбуки, алфавита ◆ в русском алфавите 33 буквы, в английском — всего 26.",RU,INFORMATIONAL_FORMULATION,NO_EXACT_UPSTREAM_MATCH,OUT_OF_SCOPE,NONE,NONE,NONE,NONE,EXCLUDED_OUT_OF_SCOPE,1,1,1,false,NONE,FOREIGN_ENTITY,NOT_VALIDATED_STEP07,NOT_EVALUATED_STEP07,NOT_STARTED_STEP07,NONE
S07C000541,"Да, для начала я получил красный диплом медицинского университета!","Да, для начала я получил красный диплом медицинского университета!","да, для начала я получил красный диплом медицинского университета!",RU,USE_CASE,NO_EXACT_UPSTREAM_MATCH,OUT_OF_SCOPE,NONE,NONE,NONE,NONE,EXCLUDED_OUT_OF_SCOPE,1,1,1,false,NONE,FOREIGN_ENTITY,NOT_VALIDATED_STEP07,NOT_EVALUATED_STEP07,NOT_STARTED_STEP07,NONE
S07C000542,Делаем Карту слов лучше вместе,Делаем Карту слов лучше вместе,делаем карту слов лучше вместе,RU,TERMINOLOGY,NO_EXACT_UPSTREAM_MATCH,OUT_OF_SCOPE,NONE,NONE,NONE,NONE,EXCLUDED_OUT_OF_SCOPE,1,21,21,false,NONE,UI_OR_FORMATTING_NOISE,NOT_VALIDATED_STEP07,NOT_EVALUATED_STEP07,NOT_STARTED_STEP07,NONE
S07C000543,ДИПЛОМ,ДИПЛОМ,диплом,RU,TERMINOLOGY,NO_EXACT_UPSTREAM_MATCH,OUT_OF_SCOPE,NONE,NONE,NONE,NONE,EXCLUDED_OUT_OF_SCOPE,1,1,14,false,NONE,FOREIGN_ENTITY,NOT_VALIDATED_STEP07,NOT_EVALUATED_STEP07,NOT_STARTED_STEP07,NONE
S07C000544,Диплом кандидата медицинских наук.,Диплом кандидата медицинских наук.,диплом кандидата медицинских наук.,RU,TERMINOLOGY,NO_EXACT_UPSTREAM_MATCH,OUT_OF_SCOPE,NONE,NONE,NONE,NONE,EXCLUDED_OUT_OF_SCOPE,1,1,2,false,NONE,FOREIGN_ENTITY,NOT_VALIDATED_STEP07,NOT_EVALUATED_STEP07,NOT_STARTED_STEP07,NONE
S07C000545,"Дни ангела: 1 июля, 10 декабря.","Дни ангела: 1 июля, 10 декабря.","дни ангела: 1 июля, 10 декабря.",RU,INFORMATIONAL_FORMULATION,NO_EXACT_UPSTREAM_MATCH,OUT_OF_SCOPE,NONE,NONE,NONE,NONE,EXCLUDED_OUT_OF_SCOPE,1,1,1,false,NONE,FOREIGN_ENTITY,NOT_VALIDATED_STEP07,NOT_EVALUATED_STEP07,NOT_STARTED_STEP07,NONE
S07C000546,Дополнительно,Дополнительно,дополнительно,RU,TERMINOLOGY,NO_EXACT_UPSTREAM_MATCH,OUT_OF_SCOPE,NONE,NONE,NONE,NONE,EXCLUDED_OUT_OF_SCOPE,1,21,21,false,NONE,UI_OR_FORMATTING_NOISE,NOT_VALIDATED_STEP07,NOT_EVALUATED_STEP07,NOT_STARTED_STEP07,NONE
S07C000547,"Если нечто очевидно, оно становится символом веры и не подвергается сомнению.","Если нечто очевидно, оно становится символом веры и не подвергается сомнению.","если нечто очевидно, оно становится символом веры и не подвергается сомнению.",RU,INFORMATIONAL_FORMULATION,NO_EXACT_UPSTREAM_MATCH,OUT_OF_SCOPE,NONE,NONE,NONE,NONE,EXCLUDED_OUT_OF_SCOPE,1,1,1,false,NONE,UNRELATED_SITE_BRANCH,NOT_VALIDATED_STEP07,NOT_EVALUATED_STEP07,NOT_STARTED_STEP07,NONE
S07C000548,Женские ассоциации к слову «ангел»,Женские ассоциации к слову «ангел»,женские ассоциации к слову «ангел»,RU,INFORMATIONAL_FORMULATION,NO_EXACT_UPSTREAM_MATCH,OUT_OF_SCOPE,NONE,NONE,NONE,NONE,EXCLUDED_OUT_OF_SCOPE,1,1,1,false,NONE,UNRELATED_SITE_BRANCH,NOT_VALIDATED_STEP07,NOT_EVALUATED_STEP07,NOT_STARTED_STEP07,NONE
S07C000549,Женские ассоциации к слову «Ангелина»,Женские ассоциации к слову «Ангелина»,женские ассоциации к слову «ангелина»,RU,INFORMATIONAL_FORMULATION,NO_EXACT_UPSTREAM_MATCH,OUT_OF_SCOPE,NONE,NONE,NONE,NONE,EXCLUDED_OUT_OF_SCOPE,1,1,1,false,NONE,FOREIGN_ENTITY,NOT_VALIDATED_STEP07,NOT_EVALUATED_STEP07,NOT_STARTED_STEP07,NONE
S07C000550,Женские ассоциации к слову «взлом»,Женские ассоциации к слову «взлом»,женские ассоциации к слову «взлом»,RU,USE_CASE,NO_EXACT_UPSTREAM_MATCH,OUT_OF_SCOPE,NONE,NONE,NONE,NONE,EXCLUDED_OUT_OF_SCOPE,1,1,1,false,NONE,FOREIGN_ENTITY,NOT_VALIDATED_STEP07,NOT_EVALUATED_STEP07,NOT_STARTED_STEP07,NONE
S07C000551,Женские ассоциации к слову «диплом»,Женские ассоциации к слову «диплом»,женские ассоциации к слову «диплом»,RU,INFORMATIONAL_FORMULATION,NO_EXACT_UPSTREAM_MATCH,OUT_OF_SCOPE,NONE,NONE,NONE,NONE,EXCLUDED_OUT_OF_SCOPE,1,1,1,false,NONE,FOREIGN_ENTITY,NOT_VALIDATED_STEP07,NOT_EVALUATED_STEP07,NOT_STARTED_STEP07,NONE
S07C000552,Женские ассоциации к слову «Евангелие»,Женские ассоциации к слову «Евангелие»,женские ассоциации к слову «евангелие»,RU,INFORMATIONAL_FORMULATION,NO_EXACT_UPSTREAM_MATCH,OUT_OF_SCOPE,NONE,NONE,NONE,NONE,EXCLUDED_OUT_OF_SCOPE,1,1,1,false,NONE,UNRELATED_SITE_BRANCH,NOT_VALIDATED_STEP07,NOT_EVALUATED_STEP07,NOT_STARTED_STEP07,NONE
S07C000553,Женские ассоциации к слову «ОМОН»,Женские ассоциации к слову «ОМОН»,женские ассоциации к слову «омон»,RU,INFORMATIONAL_FORMULATION,NO_EXACT_UPSTREAM_MATCH,OUT_OF_SCOPE,NONE,NONE,NONE,NONE,EXCLUDED_OUT_OF_SCOPE,1,1,1,false,NONE,FOREIGN_ENTITY,NOT_VALIDATED_STEP07,NOT_EVALUATED_STEP07,NOT_STARTED_STEP07,NONE
S07C000554,Женские ассоциации к слову «символ»,Женские ассоциации к слову «символ»,женские ассоциации к слову «символ»,RU,INFORMATIONAL_FORMULATION,NO_EXACT_UPSTREAM_MATCH,OUT_OF_SCOPE,NONE,NONE,NONE,NONE,EXCLUDED_OUT_OF_SCOPE,1,1,1,false,NONE,UNRELATED_SITE_BRANCH,NOT_VALIDATED_STEP07,NOT_EVALUATED_STEP07,NOT_STARTED_STEP07,NONE
S07C000555,Значение слова,Значение слова,значение слова,RU,INFORMATIONAL_FORMULATION,NO_EXACT_UPSTREAM_MATCH,OUT_OF_SCOPE,NONE,NONE,NONE,NONE,EXCLUDED_OUT_OF_SCOPE,1,24,24,false,NONE,UI_OR_FORMATTING_NOISE,NOT_VALIDATED_STEP07,NOT_EVALUATED_STEP07,NOT_STARTED_STEP07,NONE
S07C000556,Значение слова «ангел»,Значение слова «ангел»,значение слова «ангел»,RU,INFORMATIONAL_FORMULATION,NO_EXACT_UPSTREAM_MATCH,OUT_OF_SCOPE,NONE,NONE,NONE,NONE,EXCLUDED_OUT_OF_SCOPE,1,1,2,false,NONE,UNRELATED_SITE_BRANCH,NOT_VALIDATED_STEP07,NOT_EVALUATED_STEP07,NOT_STARTED_STEP07,NONE
S07C000557,Значение слова «буква»,Значение слова «буква»,значение слова «буква»,RU,INFORMATIONAL_FORMULATION,NO_EXACT_UPSTREAM_MATCH,OUT_OF_SCOPE,NONE,NONE,NONE,NONE,EXCLUDED_OUT_OF_SCOPE,1,1,1,false,NONE,FOREIGN_ENTITY,NOT_VALIDATED_STEP07,NOT_EVALUATED_STEP07,NOT_STARTED_STEP07,NONE
S07C000558,Значение слова «взлом»,Значение слова «взлом»,значение слова «взлом»,RU,USE_CASE,NO_EXACT_UPSTREAM_MATCH,OUT_OF_SCOPE,NONE,NONE,NONE,NONE,EXCLUDED_OUT_OF_SCOPE,1,1,2,false,NONE,FOREIGN_ENTITY,NOT_VALIDATED_STEP07,NOT_EVALUATED_STEP07,NOT_STARTED_STEP07,NONE
S07C000559,Значение слова «диплом»,Значение слова «диплом»,значение слова «диплом»,RU,INFORMATIONAL_FORMULATION,NO_EXACT_UPSTREAM_MATCH,OUT_OF_SCOPE,NONE,NONE,NONE,NONE,EXCLUDED_OUT_OF_SCOPE,1,1,2,false,NONE,FOREIGN_ENTITY,NOT_VALIDATED_STEP07,NOT_EVALUATED_STEP07,NOT_STARTED_STEP07,NONE
S07C000560,Значение слова «евангелие»,Значение слова «евангелие»,значение слова «евангелие»,RU,INFORMATIONAL_FORMULATION,NO_EXACT_UPSTREAM_MATCH,OUT_OF_SCOPE,NONE,NONE,NONE,NONE,EXCLUDED_OUT_OF_SCOPE,1,1,2,false,NONE,UNRELATED_SITE_BRANCH,NOT_VALIDATED_STEP07,NOT_EVALUATED_STEP07,NOT_STARTED_STEP07,NONE
S07C000561,Значение слова «знак»,Значение слова «знак»,значение слова «знак»,RU,INFORMATIONAL_FORMULATION,NO_EXACT_UPSTREAM_MATCH,OUT_OF_SCOPE,NONE,NONE,NONE,NONE,EXCLUDED_OUT_OF_SCOPE,1,1,2,false,NONE,UNRELATED_SITE_BRANCH,NOT_VALIDATED_STEP07,NOT_EVALUATED_STEP07,NOT_STARTED_STEP07,NONE
S07C000562,Значение слова «омон»,Значение слова «омон»,значение слова «омон»,RU,INFORMATIONAL_FORMULATION,NO_EXACT_UPSTREAM_MATCH,OUT_OF_SCOPE,NONE,NONE,NONE,NONE,EXCLUDED_OUT_OF_SCOPE,1,1,2,false,NONE,FOREIGN_ENTITY,NOT_VALIDATED_STEP07,NOT_EVALUATED_STEP07,NOT_STARTED_STEP07,NONE
S07C000563,Значение слова «символ»,Значение слова «символ»,значение слова «символ»,RU,INFORMATIONAL_FORMULATION,NO_EXACT_UPSTREAM_MATCH,OUT_OF_SCOPE,NONE,NONE,NONE,NONE,EXCLUDED_OUT_OF_SCOPE,1,1,2,false,NONE,UNRELATED_SITE_BRANCH,NOT_VALIDATED_STEP07,NOT_EVALUATED_STEP07,NOT_STARTED_STEP07,NONE
S07C000564,Значение слова БУКВА. Что такое БУКВА?,Значение слова БУКВА. Что такое БУКВА?,значение слова буква. что такое буква?,RU,INFORMATIONAL_FORMULATION,NO_EXACT_UPSTREAM_MATCH,OUT_OF_SCOPE,NONE,NONE,NONE,NONE,EXCLUDED_OUT_OF_SCOPE,1,1,1,false,NONE,FOREIGN_ENTITY,NOT_VALIDATED_STEP07,NOT_EVALUATED_STEP07,NOT_STARTED_STEP07,NONE
S07C000565,Значение словосочетания «авестийский язык»,Значение словосочетания «авестийский язык»,значение словосочетания «авестийский язык»,RU,ATTRIBUTE,NO_EXACT_UPSTREAM_MATCH,OUT_OF_SCOPE,NONE,NONE,NONE,NONE,EXCLUDED_OUT_OF_SCOPE,1,1,1,false,NONE,FOREIGN_ENTITY,NOT_VALIDATED_STEP07,NOT_EVALUATED_STEP07,NOT_STARTED_STEP07,NONE
S07C000566,Значение словосочетания АВЕСТИЙСКИЙ ЯЗЫК. Что такое АВЕСТИЙСКИЙ ЯЗЫК?,Значение словосочетания АВЕСТИЙСКИЙ ЯЗЫК. Что такое АВЕСТИЙСКИЙ ЯЗЫК?,значение словосочетания авестийский язык. что такое авестийский язык?,RU,ATTRIBUTE,NO_EXACT_UPSTREAM_MATCH,OUT_OF_SCOPE,NONE,NONE,NONE,NONE,EXCLUDED_OUT_OF_SCOPE,1,1,1,false,NONE,FOREIGN_ENTITY,NOT_VALIDATED_STEP07,NOT_EVALUATED_STEP07,NOT_STARTED_STEP07,NONE
S07C000567,"Значение, схемы и изготовление вышитых оберегов» предоставлен нашим книжным партнёром — компанией ЛитРес.","Значение, схемы и изготовление вышитых оберегов» предоставлен нашим книжным партнёром — компанией ЛитРес.","значение, схемы и изготовление вышитых оберегов» предоставлен нашим книжным партнёром — компанией литрес.",RU,INFORMATIONAL_FORMULATION,NO_EXACT_UPSTREAM_MATCH,OUT_OF_SCOPE,NONE,NONE,NONE,NONE,EXCLUDED_OUT_OF_SCOPE,1,1,2,false,NONE,UI_OR_FORMATTING_NOISE,NOT_VALIDATED_STEP07,NOT_EVALUATED_STEP07,NOT_STARTED_STEP07,NONE
S07C000568,"или сознанием невозможности изменить что-л., помочь в чем-л.","или сознанием невозможности изменить что-л., помочь в чем-л.","или сознанием невозможности изменить что-л., помочь в чем-л.",RU,INFORMATIONAL_FORMULATION,NO_EXACT_UPSTREAM_MATCH,OUT_OF_SCOPE,NONE,NONE,NONE,NONE,EXCLUDED_OUT_OF_SCOPE,1,1,1,false,NONE,UNRELATED_SITE_BRANCH,NOT_VALIDATED_STEP07,NOT_EVALUATED_STEP07,NOT_STARTED_STEP07,NONE
S07C000569,к руны1.,к руны1.,к руны1.,RU,TERMINOLOGY,NO_EXACT_UPSTREAM_MATCH,OUT_OF_SCOPE,NONE,NONE,NONE,NONE,EXCLUDED_OUT_OF_SCOPE,1,1,2,false,NONE,UNRELATED_SITE_BRANCH,NOT_VALIDATED_STEP07,NOT_EVALUATED_STEP07,NOT_STARTED_STEP07,NONE
S07C000570,Каким бывает «ангел»,Каким бывает «ангел»,каким бывает «ангел»,RU,INFORMATIONAL_FORMULATION,NO_EXACT_UPSTREAM_MATCH,OUT_OF_SCOPE,NONE,NONE,NONE,NONE,EXCLUDED_OUT_OF_SCOPE,1,1,2,false,NONE,UNRELATED_SITE_BRANCH,NOT_VALIDATED_STEP07,NOT_EVALUATED_STEP07,NOT_STARTED_STEP07,NONE
S07C000571,Каким бывает «взлом»,Каким бывает «взлом»,каким бывает «взлом»,RU,USE_CASE,NO_EXACT_UPSTREAM_MATCH,OUT_OF_SCOPE,NONE,NONE,NONE,NONE,EXCLUDED_OUT_OF_SCOPE,1,1,2,false,NONE,FOREIGN_ENTITY,NOT_VALIDATED_STEP07,NOT_EVALUATED_STEP07,NOT_STARTED_STEP07,NONE
S07C000572,Каким бывает «диплом»,Каким бывает «диплом»,каким бывает «диплом»,RU,INFORMATIONAL_FORMULATION,NO_EXACT_UPSTREAM_MATCH,OUT_OF_SCOPE,NONE,NONE,NONE,NONE,EXCLUDED_OUT_OF_SCOPE,1,1,2,false,NONE,FOREIGN_ENTITY,NOT_VALIDATED_STEP07,NOT_EVALUATED_STEP07,NOT_STARTED_STEP07,NONE
S07C000573,Каким бывает «евангелие»,Каким бывает «евангелие»,каким бывает «евангелие»,RU,INFORMATIONAL_FORMULATION,NO_EXACT_UPSTREAM_MATCH,OUT_OF_SCOPE,NONE,NONE,NONE,NONE,EXCLUDED_OUT_OF_SCOPE,1,1,2,false,NONE,UNRELATED_SITE_BRANCH,NOT_VALIDATED_STEP07,NOT_EVALUATED_STEP07,NOT_STARTED_STEP07,NONE
S07C000574,Каким бывает «омон»,Каким бывает «омон»,каким бывает «омон»,RU,INFORMATIONAL_FORMULATION,NO_EXACT_UPSTREAM_MATCH,OUT_OF_SCOPE,NONE,NONE,NONE,NONE,EXCLUDED_OUT_OF_SCOPE,1,1,2,false,NONE,FOREIGN_ENTITY,NOT_VALIDATED_STEP07,NOT_EVALUATED_STEP07,NOT_STARTED_STEP07,NONE
S07C000575,Каким бывает «символ»,Каким бывает «символ»,каким бывает «символ»,RU,INFORMATIONAL_FORMULATION,NO_EXACT_UPSTREAM_MATCH,OUT_OF_SCOPE,NONE,NONE,NONE,NONE,EXCLUDED_OUT_OF_SCOPE,1,1,2,false,NONE,UNRELATED_SITE_BRANCH,NOT_VALIDATED_STEP07,NOT_EVALUATED_STEP07,NOT_STARTED_STEP07,NONE
S07C000576,Какой бывает «буква»,Какой бывает «буква»,какой бывает «буква»,RU,INFORMATIONAL_FORMULATION,NO_EXACT_UPSTREAM_MATCH,OUT_OF_SCOPE,NONE,NONE,NONE,NONE,EXCLUDED_OUT_OF_SCOPE,1,1,2,false,NONE,FOREIGN_ENTITY,NOT_VALIDATED_STEP07,NOT_EVALUATED_STEP07,NOT_STARTED_STEP07,NONE
S07C000577,Карта слов и выражений русского языка,Карта слов и выражений русского языка,карта слов и выражений русского языка,RU,INFORMATIONAL_FORMULATION,NO_EXACT_UPSTREAM_MATCH,OUT_OF_SCOPE,NONE,NONE,NONE,NONE,EXCLUDED_OUT_OF_SCOPE,1,24,24,false,NONE,UI_OR_FORMATTING_NOISE,NOT_VALIDATED_STEP07,NOT_EVALUATED_STEP07,NOT_STARTED_STEP07,NONE
S07C000578,книги,книги,книги,RU,CATEGORY,NO_EXACT_UPSTREAM_MATCH,OUT_OF_SCOPE,NONE,NONE,NONE,NONE,EXCLUDED_OUT_OF_SCOPE,1,1,1,false,NONE,UI_OR_FORMATTING_NOISE,NOT_VALIDATED_STEP07,NOT_EVALUATED_STEP07,NOT_STARTED_STEP07,NONE
S07C000579,"Когда у тебя нет денег день за днём, ты, придя домой, не предполагаешь увидеть холодильник, наполненный заморскими яствами.","Когда у тебя нет денег день за днём, ты, придя домой, не предполагаешь увидеть холодильник, наполненный заморскими яствами.","когда у тебя нет денег день за днём, ты, придя домой, не предполагаешь увидеть холодильник, наполненный заморскими яствами.",RU,INFORMATIONAL_FORMULATION,NO_EXACT_UPSTREAM_MATCH,OUT_OF_SCOPE,NONE,NONE,NONE,NONE,EXCLUDED_OUT_OF_SCOPE,1,1,1,false,NONE,UNRELATED_SITE_BRANCH,NOT_VALIDATED_STEP07,NOT_EVALUATED_STEP07,NOT_STARTED_STEP07,NONE
S07C000580,комп.,комп.,комп.,RU,TERMINOLOGY,NO_EXACT_UPSTREAM_MATCH,OUT_OF_SCOPE,NONE,NONE,NONE,NONE,EXCLUDED_OUT_OF_SCOPE,1,1,1,false,NONE,UNRELATED_SITE_BRANCH,NOT_VALIDATED_STEP07,NOT_EVALUATED_STEP07,NOT_STARTED_STEP07,NONE
S07C000581,Купить книгу,Купить книгу,купить книгу,RU,TERMINOLOGY,NO_EXACT_UPSTREAM_MATCH,OUT_OF_SCOPE,NONE,NONE,NONE,NONE,EXCLUDED_OUT_OF_SCOPE,1,1,2,false,NONE,UI_OR_FORMATTING_NOISE,NOT_VALIDATED_STEP07,NOT_EVALUATED_STEP07,NOT_STARTED_STEP07,NONE
S07C000582,"Меня зовут Лампобот, я компьютерная программа, которая помогает делать Карту слов.","Меня зовут Лампобот, я компьютерная программа, которая помогает делать Карту слов.","меня зовут лампобот, я компьютерная программа, которая помогает делать карту слов.",RU,USE_CASE,NO_EXACT_UPSTREAM_MATCH,OUT_OF_SCOPE,NONE,NONE,NONE,NONE,EXCLUDED_OUT_OF_SCOPE,1,21,21,false,NONE,UI_OR_FORMATTING_NOISE,NOT_VALIDATED_STEP07,NOT_EVALUATED_STEP07,NOT_STARTED_STEP07,NONE
S07C000583,Морфология,Морфология,морфология,RU,TERMINOLOGY,NO_EXACT_UPSTREAM_MATCH,OUT_OF_SCOPE,NONE,NONE,NONE,NONE,EXCLUDED_OUT_OF_SCOPE,1,19,19,false,NONE,UI_OR_FORMATTING_NOISE,NOT_VALIDATED_STEP07,NOT_EVALUATED_STEP07,NOT_STARTED_STEP07,NONE
S07C000584,Мужские ассоциации к слову «ангел»,Мужские ассоциации к слову «ангел»,мужские ассоциации к слову «ангел»,RU,INFORMATIONAL_FORMULATION,NO_EXACT_UPSTREAM_MATCH,OUT_OF_SCOPE,NONE,NONE,NONE,NONE,EXCLUDED_OUT_OF_SCOPE,1,1,1,false,NONE,UNRELATED_SITE_BRANCH,NOT_VALIDATED_STEP07,NOT_EVALUATED_STEP07,NOT_STARTED_STEP07,NONE
S07C000585,Мужские ассоциации к слову «Ангелина»,Мужские ассоциации к слову «Ангелина»,мужские ассоциации к слову «ангелина»,RU,INFORMATIONAL_FORMULATION,NO_EXACT_UPSTREAM_MATCH,OUT_OF_SCOPE,NONE,NONE,NONE,NONE,EXCLUDED_OUT_OF_SCOPE,1,1,1,false,NONE,FOREIGN_ENTITY,NOT_VALIDATED_STEP07,NOT_EVALUATED_STEP07,NOT_STARTED_STEP07,NONE
S07C000586,Мужские ассоциации к слову «взлом»,Мужские ассоциации к слову «взлом»,мужские ассоциации к слову «взлом»,RU,USE_CASE,NO_EXACT_UPSTREAM_MATCH,OUT_OF_SCOPE,NONE,NONE,NONE,NONE,EXCLUDED_OUT_OF_SCOPE,1,1,1,false,NONE,FOREIGN_ENTITY,NOT_VALIDATED_STEP07,NOT_EVALUATED_STEP07,NOT_STARTED_STEP07,NONE
S07C000587,Мужские ассоциации к слову «диплом»,Мужские ассоциации к слову «диплом»,мужские ассоциации к слову «диплом»,RU,INFORMATIONAL_FORMULATION,NO_EXACT_UPSTREAM_MATCH,OUT_OF_SCOPE,NONE,NONE,NONE,NONE,EXCLUDED_OUT_OF_SCOPE,1,1,1,false,NONE,FOREIGN_ENTITY,NOT_VALIDATED_STEP07,NOT_EVALUATED_STEP07,NOT_STARTED_STEP07,NONE
S07C000588,Мужские ассоциации к слову «Евангелие»,Мужские ассоциации к слову «Евангелие»,мужские ассоциации к слову «евангелие»,RU,INFORMATIONAL_FORMULATION,NO_EXACT_UPSTREAM_MATCH,OUT_OF_SCOPE,NONE,NONE,NONE,NONE,EXCLUDED_OUT_OF_SCOPE,1,1,1,false,NONE,UNRELATED_SITE_BRANCH,NOT_VALIDATED_STEP07,NOT_EVALUATED_STEP07,NOT_STARTED_STEP07,NONE
S07C000589,Мужские ассоциации к слову «ОМОН»,Мужские ассоциации к слову «ОМОН»,мужские ассоциации к слову «омон»,RU,INFORMATIONAL_FORMULATION,NO_EXACT_UPSTREAM_MATCH,OUT_OF_SCOPE,NONE,NONE,NONE,NONE,EXCLUDED_OUT_OF_SCOPE,1,1,1,false,NONE,FOREIGN_ENTITY,NOT_VALIDATED_STEP07,NOT_EVALUATED_STEP07,NOT_STARTED_STEP07,NONE
S07C000590,Мужские ассоциации к слову «символ»,Мужские ассоциации к слову «символ»,мужские ассоциации к слову «символ»,RU,INFORMATIONAL_FORMULATION,NO_EXACT_UPSTREAM_MATCH,OUT_OF_SCOPE,NONE,NONE,NONE,NONE,EXCLUDED_OUT_OF_SCOPE,1,1,1,false,NONE,UNRELATED_SITE_BRANCH,NOT_VALIDATED_STEP07,NOT_EVALUATED_STEP07,NOT_STARTED_STEP07,NONE
S07C000591,На большом гладком белом камне лежала кошка и нежилась в оазисе васильков и ромашек.,На большом гладком белом камне лежала кошка и нежилась в оазисе васильков и ромашек.,на большом гладком белом камне лежала кошка и нежилась в оазисе васильков и ромашек.,RU,INFORMATIONAL_FORMULATION,NO_EXACT_UPSTREAM_MATCH,OUT_OF_SCOPE,NONE,NONE,NONE,NONE,EXCLUDED_OUT_OF_SCOPE,1,1,1,false,NONE,UNRELATED_SITE_BRANCH,NOT_VALIDATED_STEP07,NOT_EVALUATED_STEP07,NOT_STARTED_STEP07,NONE
S07C000592,Найти предложения со словом или выражением,Найти предложения со словом или выражением,найти предложения со словом или выражением,RU,INFORMATIONAL_FORMULATION,NO_EXACT_UPSTREAM_MATCH,OUT_OF_SCOPE,NONE,NONE,NONE,NONE,EXCLUDED_OUT_OF_SCOPE,1,24,24,false,NONE,UI_OR_FORMATTING_NOISE,NOT_VALIDATED_STEP07,NOT_EVALUATED_STEP07,NOT_STARTED_STEP07,NONE
S07C000593,Наталья Солнце,Наталья Солнце,наталья солнце,RU,CATEGORY,NO_EXACT_UPSTREAM_MATCH,OUT_OF_SCOPE,NONE,NONE,NONE,NONE,EXCLUDED_OUT_OF_SCOPE,1,1,1,false,NONE,UI_OR_FORMATTING_NOISE,NOT_VALIDATED_STEP07,NOT_EVALUATED_STEP07,NOT_STARTED_STEP07,NONE
S07C000594,"Не ждите, что увидите меня за завтраком, эту пищу лишь ангелам небесным следует вкушать в компании.","Не ждите, что увидите меня за завтраком, эту пищу лишь ангелам небесным следует вкушать в компании.","не ждите, что увидите меня за завтраком, эту пищу лишь ангелам небесным следует вкушать в компании.",RU,INFORMATIONAL_FORMULATION,NO_EXACT_UPSTREAM_MATCH,OUT_OF_SCOPE,NONE,NONE,NONE,NONE,EXCLUDED_OUT_OF_SCOPE,1,1,1,false,NONE,UNRELATED_SITE_BRANCH,NOT_VALIDATED_STEP07,NOT_EVALUATED_STEP07,NOT_STARTED_STEP07,NONE
S07C000595,"Небольшой IT-стартап или индивидуальный блогер могут заработать денег больше, чем руководитель крупного предприятия или даже владелец компании.","Небольшой IT-стартап или индивидуальный блогер могут заработать денег больше, чем руководитель крупного предприятия или даже владелец компании.","небольшой it-стартап или индивидуальный блогер могут заработать денег больше, чем руководитель крупного предприятия или даже владелец компании.",MIXED,INFORMATIONAL_FORMULATION,NO_EXACT_UPSTREAM_MATCH,OUT_OF_SCOPE,NONE,NONE,NONE,NONE,EXCLUDED_OUT_OF_SCOPE,1,1,1,false,NONE,UNRELATED_SITE_BRANCH,NOT_VALIDATED_STEP07,NOT_EVALUATED_STEP07,NOT_STARTED_STEP07,NONE
S07C000596,Нейтральные ассоциации к слову «ангел»,Нейтральные ассоциации к слову «ангел»,нейтральные ассоциации к слову «ангел»,RU,INFORMATIONAL_FORMULATION,NO_EXACT_UPSTREAM_MATCH,OUT_OF_SCOPE,NONE,NONE,NONE,NONE,EXCLUDED_OUT_OF_SCOPE,1,1,1,false,NONE,UNRELATED_SITE_BRANCH,NOT_VALIDATED_STEP07,NOT_EVALUATED_STEP07,NOT_STARTED_STEP07,NONE
S07C000597,Нейтральные ассоциации к слову «Ангелина»,Нейтральные ассоциации к слову «Ангелина»,нейтральные ассоциации к слову «ангелина»,RU,INFORMATIONAL_FORMULATION,NO_EXACT_UPSTREAM_MATCH,OUT_OF_SCOPE,NONE,NONE,NONE,NONE,EXCLUDED_OUT_OF_SCOPE,1,1,1,false,NONE,FOREIGN_ENTITY,NOT_VALIDATED_STEP07,NOT_EVALUATED_STEP07,NOT_STARTED_STEP07,NONE
S07C000598,Нейтральные ассоциации к слову «взлом»,Нейтральные ассоциации к слову «взлом»,нейтральные ассоциации к слову «взлом»,RU,USE_CASE,NO_EXACT_UPSTREAM_MATCH,OUT_OF_SCOPE,NONE,NONE,NONE,NONE,EXCLUDED_OUT_OF_SCOPE,1,1,1,false,NONE,FOREIGN_ENTITY,NOT_VALIDATED_STEP07,NOT_EVALUATED_STEP07,NOT_STARTED_STEP07,NONE
S07C000599,Нейтральные ассоциации к слову «диплом»,Нейтральные ассоциации к слову «диплом»,нейтральные ассоциации к слову «диплом»,RU,INFORMATIONAL_FORMULATION,NO_EXACT_UPSTREAM_MATCH,OUT_OF_SCOPE,NONE,NONE,NONE,NONE,EXCLUDED_OUT_OF_SCOPE,1,1,1,false,NONE,FOREIGN_ENTITY,NOT_VALIDATED_STEP07,NOT_EVALUATED_STEP07,NOT_STARTED_STEP07,NONE
S07C000600,Нейтральные ассоциации к слову «Евангелие»,Нейтральные ассоциации к слову «Евангелие»,нейтральные ассоциации к слову «евангелие»,RU,INFORMATIONAL_FORMULATION,NO_EXACT_UPSTREAM_MATCH,OUT_OF_SCOPE,NONE,NONE,NONE,NONE,EXCLUDED_OUT_OF_SCOPE,1,1,1,false,NONE,UNRELATED_SITE_BRANCH,NOT_VALIDATED_STEP07,NOT_EVALUATED_STEP07,NOT_STARTED_STEP07,NONE
S07C000601,Нейтральные ассоциации к слову «ОМОН»,Нейтральные ассоциации к слову «ОМОН»,нейтральные ассоциации к слову «омон»,RU,INFORMATIONAL_FORMULATION,NO_EXACT_UPSTREAM_MATCH,OUT_OF_SCOPE,NONE,NONE,NONE,NONE,EXCLUDED_OUT_OF_SCOPE,1,1,1,false,NONE,FOREIGN_ENTITY,NOT_VALIDATED_STEP07,NOT_EVALUATED_STEP07,NOT_STARTED_STEP07,NONE
S07C000602,Нейтральные ассоциации к слову «символ»,Нейтральные ассоциации к слову «символ»,нейтральные ассоциации к слову «символ»,RU,INFORMATIONAL_FORMULATION,NO_EXACT_UPSTREAM_MATCH,OUT_OF_SCOPE,NONE,NONE,NONE,NONE,EXCLUDED_OUT_OF_SCOPE,1,1,1,false,NONE,UNRELATED_SITE_BRANCH,NOT_VALIDATED_STEP07,NOT_EVALUATED_STEP07,NOT_STARTED_STEP07,NONE
S07C000603,"О том, что полно бесчувственности, равнодушия, жестокости.","О том, что полно бесчувственности, равнодушия, жестокости.","о том, что полно бесчувственности, равнодушия, жестокости.",RU,INFORMATIONAL_FORMULATION,NO_EXACT_UPSTREAM_MATCH,OUT_OF_SCOPE,NONE,NONE,NONE,NONE,EXCLUDED_OUT_OF_SCOPE,1,1,1,false,NONE,UNRELATED_SITE_BRANCH,NOT_VALIDATED_STEP07,NOT_EVALUATED_STEP07,NOT_STARTED_STEP07,NONE
S07C000604,"Объективной причиной грехопадения, лежащей вне самого человека, стал падший ангел – диавол.","Объективной причиной грехопадения, лежащей вне самого человека, стал падший ангел – диавол.","объективной причиной грехопадения, лежащей вне самого человека, стал падший ангел – диавол.",RU,INFORMATIONAL_FORMULATION,NO_EXACT_UPSTREAM_MATCH,OUT_OF_SCOPE,NONE,NONE,NONE,NONE,EXCLUDED_OUT_OF_SCOPE,1,1,1,false,NONE,UNRELATED_SITE_BRANCH,NOT_VALIDATED_STEP07,NOT_EVALUATED_STEP07,NOT_STARTED_STEP07,NONE
S07C000605,Оглавление,Оглавление,оглавление,RU,TERMINOLOGY,NO_EXACT_UPSTREAM_MATCH,OUT_OF_SCOPE,NONE,NONE,NONE,NONE,EXCLUDED_OUT_OF_SCOPE,1,1,2,false,NONE,UI_OR_FORMATTING_NOISE,NOT_VALIDATED_STEP07,NOT_EVALUATED_STEP07,NOT_STARTED_STEP07,NONE
S07C000606,Однако особенно часто в этом качестве выступают драгоценные и полудрагоценные камни.,Однако особенно часто в этом качестве выступают драгоценные и полудрагоценные камни.,однако особенно часто в этом качестве выступают драгоценные и полудрагоценные камни.,RU,INFORMATIONAL_FORMULATION,NO_EXACT_UPSTREAM_MATCH,OUT_OF_SCOPE,NONE,NONE,NONE,NONE,EXCLUDED_OUT_OF_SCOPE,1,1,1,false,NONE,UNRELATED_SITE_BRANCH,NOT_VALIDATED_STEP07,NOT_EVALUATED_STEP07,NOT_STARTED_STEP07,NONE
S07C000607,Ом (санскр.,Ом (санскр.,ом (санскр.,RU,TERMINOLOGY,NO_EXACT_UPSTREAM_MATCH,OUT_OF_SCOPE,NONE,NONE,NONE,NONE,EXCLUDED_OUT_OF_SCOPE,1,1,1,false,NONE,UNRELATED_SITE_BRANCH,NOT_VALIDATED_STEP07,NOT_EVALUATED_STEP07,NOT_STARTED_STEP07,NONE
S07C000608,ОМОН,ОМОН,омон,RU,TERMINOLOGY,NO_EXACT_UPSTREAM_MATCH,OUT_OF_SCOPE,NONE,NONE,NONE,NONE,EXCLUDED_OUT_OF_SCOPE,1,1,11,false,NONE,FOREIGN_ENTITY,NOT_VALIDATED_STEP07,NOT_EVALUATED_STEP07,NOT_STARTED_STEP07,NONE
S07C000609,Омон (фр.,Омон (фр.,омон (фр.,RU,TERMINOLOGY,NO_EXACT_UPSTREAM_MATCH,OUT_OF_SCOPE,NONE,NONE,NONE,NONE,EXCLUDED_OUT_OF_SCOPE,1,1,2,false,NONE,FOREIGN_ENTITY,NOT_VALIDATED_STEP07,NOT_EVALUATED_STEP07,NOT_STARTED_STEP07,NONE
S07C000610,ОМОН прибыл в центр «Байкал» через десять минут после взрыва гранаты.,ОМОН прибыл в центр «Байкал» через десять минут после взрыва гранаты.,омон прибыл в центр «байкал» через десять минут после взрыва гранаты.,RU,INFORMATIONAL_FORMULATION,NO_EXACT_UPSTREAM_MATCH,OUT_OF_SCOPE,NONE,NONE,NONE,NONE,EXCLUDED_OUT_OF_SCOPE,1,1,1,false,NONE,FOREIGN_ENTITY,NOT_VALIDATED_STEP07,NOT_EVALUATED_STEP07,NOT_STARTED_STEP07,NONE
S07C000611,"ОМОН расчленил бы площадь, в образовавшиеся коридоры хлынула бы «Альфа».","ОМОН расчленил бы площадь, в образовавшиеся коридоры хлынула бы «Альфа».","омон расчленил бы площадь, в образовавшиеся коридоры хлынула бы «альфа».",RU,INFORMATIONAL_FORMULATION,NO_EXACT_UPSTREAM_MATCH,OUT_OF_SCOPE,NONE,NONE,NONE,NONE,EXCLUDED_OUT_OF_SCOPE,1,1,1,false,NONE,FOREIGN_ENTITY,NOT_VALIDATED_STEP07,NOT_EVALUATED_STEP07,NOT_STARTED_STEP07,NONE
S07C000612,"Она, очевидно, и не почувствовала, как близко от неё пролетел ангел смерти.","Она, очевидно, и не почувствовала, как близко от неё пролетел ангел смерти.","она, очевидно, и не почувствовала, как близко от неё пролетел ангел смерти.",RU,INFORMATIONAL_FORMULATION,NO_EXACT_UPSTREAM_MATCH,OUT_OF_SCOPE,NONE,NONE,NONE,NONE,EXCLUDED_OUT_OF_SCOPE,1,1,1,false,NONE,UNRELATED_SITE_BRANCH,NOT_VALIDATED_STEP07,NOT_EVALUATED_STEP07,NOT_STARTED_STEP07,NONE
S07C000613,Отправить комментарий,Отправить комментарий,отправить комментарий,RU,TERMINOLOGY,NO_EXACT_UPSTREAM_MATCH,OUT_OF_SCOPE,NONE,NONE,NONE,NONE,EXCLUDED_OUT_OF_SCOPE,1,22,22,false,NONE,UI_OR_FORMATTING_NOISE,NOT_VALIDATED_STEP07,NOT_EVALUATED_STEP07,NOT_STARTED_STEP07,NONE
S07C000614,"п., служащие для обозначения чего-л., указания на что-л.","п., служащие для обозначения чего-л., указания на что-л.","п., служащие для обозначения чего-л., указания на что-л.",RU,USE_CASE,NO_EXACT_UPSTREAM_MATCH,OUT_OF_SCOPE,NONE,NONE,NONE,NONE,EXCLUDED_OUT_OF_SCOPE,1,1,2,false,NONE,UNRELATED_SITE_BRANCH,NOT_VALIDATED_STEP07,NOT_EVALUATED_STEP07,NOT_STARTED_STEP07,NONE
S07C000615,"п., служащие условным обозначением какого-л.","п., служащие условным обозначением какого-л.","п., служащие условным обозначением какого-л.",RU,TERMINOLOGY,NO_EXACT_UPSTREAM_MATCH,OUT_OF_SCOPE,NONE,NONE,NONE,NONE,EXCLUDED_OUT_OF_SCOPE,1,1,2,false,NONE,UNRELATED_SITE_BRANCH,NOT_VALIDATED_STEP07,NOT_EVALUATED_STEP07,NOT_STARTED_STEP07,NONE
S07C000616,Первая представляет собой сборник молитв на так называемом сакральном авестийском языке.,Первая представляет собой сборник молитв на так называемом сакральном авестийском языке.,первая представляет собой сборник молитв на так называемом сакральном авестийском языке.,RU,ATTRIBUTE,NO_EXACT_UPSTREAM_MATCH,OUT_OF_SCOPE,NONE,NONE,NONE,NONE,EXCLUDED_OUT_OF_SCOPE,1,1,1,false,NONE,FOREIGN_ENTITY,NOT_VALIDATED_STEP07,NOT_EVALUATED_STEP07,NOT_STARTED_STEP07,NONE
S07C000617,"Письменный знак в азбуке данного языка, обычно соответствующий определенному звуку.","Письменный знак в азбуке данного языка, обычно соответствующий определенному звуку.","письменный знак в азбуке данного языка, обычно соответствующий определенному звуку.",RU,INFORMATIONAL_FORMULATION,NO_EXACT_UPSTREAM_MATCH,OUT_OF_SCOPE,NONE,NONE,NONE,NONE,EXCLUDED_OUT_OF_SCOPE,1,1,1,false,NONE,FOREIGN_ENTITY,NOT_VALIDATED_STEP07,NOT_EVALUATED_STEP07,NOT_STARTED_STEP07,NONE
S07C000618,"Подстаницкий, «Мурманск вечером», 1940 г.","Подстаницкий, «Мурманск вечером», 1940 г.","подстаницкий, «мурманск вечером», 1940 г.",RU,TERMINOLOGY,NO_EXACT_UPSTREAM_MATCH,OUT_OF_SCOPE,NONE,NONE,NONE,NONE,EXCLUDED_OUT_OF_SCOPE,1,1,1,false,NONE,UNRELATED_SITE_BRANCH,NOT_VALIDATED_STEP07,NOT_EVALUATED_STEP07,NOT_STARTED_STEP07,NONE
S07C000619,Помоги мне разобраться!,Помоги мне разобраться!,помоги мне разобраться!,RU,TERMINOLOGY,NO_EXACT_UPSTREAM_MATCH,OUT_OF_SCOPE,NONE,NONE,NONE,NONE,EXCLUDED_OUT_OF_SCOPE,1,21,21,false,NONE,UI_OR_FORMATTING_NOISE,NOT_VALIDATED_STEP07,NOT_EVALUATED_STEP07,NOT_STARTED_STEP07,NONE
S07C000620,Понятия со словом «буква»,Понятия со словом «буква»,понятия со словом «буква»,RU,TERMINOLOGY,NO_EXACT_UPSTREAM_MATCH,OUT_OF_SCOPE,NONE,NONE,NONE,NONE,EXCLUDED_OUT_OF_SCOPE,1,1,1,false,NONE,FOREIGN_ENTITY,NOT_VALIDATED_STEP07,NOT_EVALUATED_STEP07,NOT_STARTED_STEP07,NONE
S07C000621,Понятия со словосочетанием «авестийский язык»,Понятия со словосочетанием «авестийский язык»,понятия со словосочетанием «авестийский язык»,RU,ATTRIBUTE,NO_EXACT_UPSTREAM_MATCH,OUT_OF_SCOPE,NONE,NONE,NONE,NONE,EXCLUDED_OUT_OF_SCOPE,1,1,1,false,NONE,FOREIGN_ENTITY,NOT_VALIDATED_STEP07,NOT_EVALUATED_STEP07,NOT_STARTED_STEP07,NONE
S07C000622,Правописание,Правописание,правописание,RU,CATEGORY,NO_EXACT_UPSTREAM_MATCH,OUT_OF_SCOPE,NONE,NONE,NONE,NONE,EXCLUDED_OUT_OF_SCOPE,1,24,45,false,NONE,UI_OR_FORMATTING_NOISE,NOT_VALIDATED_STEP07,NOT_EVALUATED_STEP07,NOT_STARTED_STEP07,NONE
S07C000623,Предложения со словом «ангел»,Предложения со словом «ангел»,предложения со словом «ангел»,RU,INFORMATIONAL_FORMULATION,NO_EXACT_UPSTREAM_MATCH,OUT_OF_SCOPE,NONE,NONE,NONE,NONE,EXCLUDED_OUT_OF_SCOPE,1,1,2,false,NONE,UNRELATED_SITE_BRANCH,NOT_VALIDATED_STEP07,NOT_EVALUATED_STEP07,NOT_STARTED_STEP07,NONE
S07C000624,Предложения со словом «ангелина»,Предложения со словом «ангелина»,предложения со словом «ангелина»,RU,INFORMATIONAL_FORMULATION,NO_EXACT_UPSTREAM_MATCH,OUT_OF_SCOPE,NONE,NONE,NONE,NONE,EXCLUDED_OUT_OF_SCOPE,1,1,2,false,NONE,FOREIGN_ENTITY,NOT_VALIDATED_STEP07,NOT_EVALUATED_STEP07,NOT_STARTED_STEP07,NONE
S07C000625,Предложения со словом «буква»,Предложения со словом «буква»,предложения со словом «буква»,RU,INFORMATIONAL_FORMULATION,NO_EXACT_UPSTREAM_MATCH,OUT_OF_SCOPE,NONE,NONE,NONE,NONE,EXCLUDED_OUT_OF_SCOPE,1,1,2,false,NONE,FOREIGN_ENTITY,NOT_VALIDATED_STEP07,NOT_EVALUATED_STEP07,NOT_STARTED_STEP07,NONE
S07C000626,Предложения со словом «взлом»,Предложения со словом «взлом»,предложения со словом «взлом»,RU,USE_CASE,NO_EXACT_UPSTREAM_MATCH,OUT_OF_SCOPE,NONE,NONE,NONE,NONE,EXCLUDED_OUT_OF_SCOPE,1,1,2,false,NONE,FOREIGN_ENTITY,NOT_VALIDATED_STEP07,NOT_EVALUATED_STEP07,NOT_STARTED_STEP07,NONE
S07C000627,Предложения со словом «диплом»,Предложения со словом «диплом»,предложения со словом «диплом»,RU,INFORMATIONAL_FORMULATION,NO_EXACT_UPSTREAM_MATCH,OUT_OF_SCOPE,NONE,NONE,NONE,NONE,EXCLUDED_OUT_OF_SCOPE,1,1,2,false,NONE,FOREIGN_ENTITY,NOT_VALIDATED_STEP07,NOT_EVALUATED_STEP07,NOT_STARTED_STEP07,NONE
S07C000628,Предложения со словом «евангелие»,Предложения со словом «евангелие»,предложения со словом «евангелие»,RU,INFORMATIONAL_FORMULATION,NO_EXACT_UPSTREAM_MATCH,OUT_OF_SCOPE,NONE,NONE,NONE,NONE,EXCLUDED_OUT_OF_SCOPE,1,1,2,false,NONE,UNRELATED_SITE_BRANCH,NOT_VALIDATED_STEP07,NOT_EVALUATED_STEP07,NOT_STARTED_STEP07,NONE
S07C000629,Предложения со словом «омон»,Предложения со словом «омон»,предложения со словом «омон»,RU,INFORMATIONAL_FORMULATION,NO_EXACT_UPSTREAM_MATCH,OUT_OF_SCOPE,NONE,NONE,NONE,NONE,EXCLUDED_OUT_OF_SCOPE,1,1,2,false,NONE,FOREIGN_ENTITY,NOT_VALIDATED_STEP07,NOT_EVALUATED_STEP07,NOT_STARTED_STEP07,NONE
S07C000630,Предложения со словом «символ»,Предложения со словом «символ»,предложения со словом «символ»,RU,INFORMATIONAL_FORMULATION,NO_EXACT_UPSTREAM_MATCH,OUT_OF_SCOPE,NONE,NONE,NONE,NONE,EXCLUDED_OUT_OF_SCOPE,1,1,2,false,NONE,UNRELATED_SITE_BRANCH,NOT_VALIDATED_STEP07,NOT_EVALUATED_STEP07,NOT_STARTED_STEP07,NONE
S07C000631,Предложения со словосочетанием «авестийский язык»,Предложения со словосочетанием «авестийский язык»,предложения со словосочетанием «авестийский язык»,RU,ATTRIBUTE,NO_EXACT_UPSTREAM_MATCH,OUT_OF_SCOPE,NONE,NONE,NONE,NONE,EXCLUDED_OUT_OF_SCOPE,1,1,2,false,NONE,FOREIGN_ENTITY,NOT_VALIDATED_STEP07,NOT_EVALUATED_STEP07,NOT_STARTED_STEP07,NONE
S07C000632,Приведённый ознакомительный фрагмент книги «Славянские символы в обережной вышивке.,Приведённый ознакомительный фрагмент книги «Славянские символы в обережной вышивке.,приведённый ознакомительный фрагмент книги «славянские символы в обережной вышивке.,RU,ATTRIBUTE,NO_EXACT_UPSTREAM_MATCH,OUT_OF_SCOPE,NONE,NONE,NONE,NONE,EXCLUDED_OUT_OF_SCOPE,1,1,2,false,NONE,UI_OR_FORMATTING_NOISE,NOT_VALIDATED_STEP07,NOT_EVALUATED_STEP07,NOT_STARTED_STEP07,NONE
S07C000633,"прямой, явно прописанный смысл какого-либо официального документа, закона и т.","прямой, явно прописанный смысл какого-либо официального документа, закона и т.","прямой, явно прописанный смысл какого-либо официального документа, закона и т.",RU,INFORMATIONAL_FORMULATION,NO_EXACT_UPSTREAM_MATCH,OUT_OF_SCOPE,NONE,NONE,NONE,NONE,EXCLUDED_OUT_OF_SCOPE,1,1,1,false,NONE,FOREIGN_ENTITY,NOT_VALIDATED_STEP07,NOT_EVALUATED_STEP07,NOT_STARTED_STEP07,NONE
S07C000634,Руководства,Руководства,руководства,RU,CATEGORY,NO_EXACT_UPSTREAM_MATCH,OUT_OF_SCOPE,NONE,NONE,NONE,NONE,EXCLUDED_OUT_OF_SCOPE,1,1,1,false,NONE,UI_OR_FORMATTING_NOISE,NOT_VALIDATED_STEP07,NOT_EVALUATED_STEP07,NOT_STARTED_STEP07,NONE
S07C000635,Связанные понятия,Связанные понятия,связанные понятия,RU,TERMINOLOGY,NO_EXACT_UPSTREAM_MATCH,OUT_OF_SCOPE,NONE,NONE,NONE,NONE,EXCLUDED_OUT_OF_SCOPE,1,1,1,false,NONE,UNRELATED_SITE_BRANCH,NOT_VALIDATED_STEP07,NOT_EVALUATED_STEP07,NOT_STARTED_STEP07,NONE
S07C000636,Связанные понятия (продолжение),Связанные понятия (продолжение),связанные понятия (продолжение),RU,TERMINOLOGY,NO_EXACT_UPSTREAM_MATCH,OUT_OF_SCOPE,NONE,NONE,NONE,NONE,EXCLUDED_OUT_OF_SCOPE,1,1,1,false,NONE,UNRELATED_SITE_BRANCH,NOT_VALIDATED_STEP07,NOT_EVALUATED_STEP07,NOT_STARTED_STEP07,NONE
S07C000637,Сейчас у вас есть уникальная возможность проверить волшебную силу древних рун на практике.,Сейчас у вас есть уникальная возможность проверить волшебную силу древних рун на практике.,сейчас у вас есть уникальная возможность проверить волшебную силу древних рун на практике.,RU,INFORMATIONAL_FORMULATION,NO_EXACT_UPSTREAM_MATCH,OUT_OF_SCOPE,NONE,NONE,NONE,NONE,EXCLUDED_OUT_OF_SCOPE,1,2,2,false,NONE,UNRELATED_SITE_BRANCH,NOT_VALIDATED_STEP07,NOT_EVALUATED_STEP07,NOT_STARTED_STEP07,NONE
S07C000638,Синонимы к словосочетанию «авестийский язык»,Синонимы к словосочетанию «авестийский язык»,синонимы к словосочетанию «авестийский язык»,RU,ATTRIBUTE,NO_EXACT_UPSTREAM_MATCH,OUT_OF_SCOPE,NONE,NONE,NONE,NONE,EXCLUDED_OUT_OF_SCOPE,1,1,2,false,NONE,FOREIGN_ENTITY,NOT_VALIDATED_STEP07,NOT_EVALUATED_STEP07,NOT_STARTED_STEP07,NONE
S07C000639,Синонимы к слову «ангел»,Синонимы к слову «ангел»,синонимы к слову «ангел»,RU,INFORMATIONAL_FORMULATION,NO_EXACT_UPSTREAM_MATCH,OUT_OF_SCOPE,NONE,NONE,NONE,NONE,EXCLUDED_OUT_OF_SCOPE,1,1,2,false,NONE,UNRELATED_SITE_BRANCH,NOT_VALIDATED_STEP07,NOT_EVALUATED_STEP07,NOT_STARTED_STEP07,NONE
S07C000640,Синонимы к слову «ангелина»,Синонимы к слову «ангелина»,синонимы к слову «ангелина»,RU,INFORMATIONAL_FORMULATION,NO_EXACT_UPSTREAM_MATCH,OUT_OF_SCOPE,NONE,NONE,NONE,NONE,EXCLUDED_OUT_OF_SCOPE,1,1,2,false,NONE,FOREIGN_ENTITY,NOT_VALIDATED_STEP07,NOT_EVALUATED_STEP07,NOT_STARTED_STEP07,NONE
S07C000641,Синонимы к слову «буква»,Синонимы к слову «буква»,синонимы к слову «буква»,RU,INFORMATIONAL_FORMULATION,NO_EXACT_UPSTREAM_MATCH,OUT_OF_SCOPE,NONE,NONE,NONE,NONE,EXCLUDED_OUT_OF_SCOPE,1,1,2,false,NONE,FOREIGN_ENTITY,NOT_VALIDATED_STEP07,NOT_EVALUATED_STEP07,NOT_STARTED_STEP07,NONE
S07C000642,Синонимы к слову «взлом»,Синонимы к слову «взлом»,синонимы к слову «взлом»,RU,USE_CASE,NO_EXACT_UPSTREAM_MATCH,OUT_OF_SCOPE,NONE,NONE,NONE,NONE,EXCLUDED_OUT_OF_SCOPE,1,1,2,false,NONE,FOREIGN_ENTITY,NOT_VALIDATED_STEP07,NOT_EVALUATED_STEP07,NOT_STARTED_STEP07,NONE
S07C000643,Синонимы к слову «диплом»,Синонимы к слову «диплом»,синонимы к слову «диплом»,RU,INFORMATIONAL_FORMULATION,NO_EXACT_UPSTREAM_MATCH,OUT_OF_SCOPE,NONE,NONE,NONE,NONE,EXCLUDED_OUT_OF_SCOPE,1,1,2,false,NONE,FOREIGN_ENTITY,NOT_VALIDATED_STEP07,NOT_EVALUATED_STEP07,NOT_STARTED_STEP07,NONE
S07C000644,Синонимы к слову «Евангелие»,Синонимы к слову «Евангелие»,синонимы к слову «евангелие»,RU,INFORMATIONAL_FORMULATION,NO_EXACT_UPSTREAM_MATCH,OUT_OF_SCOPE,NONE,NONE,NONE,NONE,EXCLUDED_OUT_OF_SCOPE,1,1,4,false,NONE,UNRELATED_SITE_BRANCH,NOT_VALIDATED_STEP07,NOT_EVALUATED_STEP07,NOT_STARTED_STEP07,NONE
S07C000645,Синонимы к слову «омон»,Синонимы к слову «омон»,синонимы к слову «омон»,RU,INFORMATIONAL_FORMULATION,NO_EXACT_UPSTREAM_MATCH,OUT_OF_SCOPE,NONE,NONE,NONE,NONE,EXCLUDED_OUT_OF_SCOPE,1,1,2,false,NONE,FOREIGN_ENTITY,NOT_VALIDATED_STEP07,NOT_EVALUATED_STEP07,NOT_STARTED_STEP07,NONE
S07C000646,Синонимы к слову «символ»,Синонимы к слову «символ»,синонимы к слову «символ»,RU,INFORMATIONAL_FORMULATION,NO_EXACT_UPSTREAM_MATCH,OUT_OF_SCOPE,NONE,NONE,NONE,NONE,EXCLUDED_OUT_OF_SCOPE,1,1,2,false,NONE,UNRELATED_SITE_BRANCH,NOT_VALIDATED_STEP07,NOT_EVALUATED_STEP07,NOT_STARTED_STEP07,NONE
S07C000647,Словарь афоризмов русских писателей,Словарь афоризмов русских писателей,словарь афоризмов русских писателей,RU,TERMINOLOGY,NO_EXACT_UPSTREAM_MATCH,OUT_OF_SCOPE,NONE,NONE,NONE,NONE,EXCLUDED_OUT_OF_SCOPE,1,24,24,false,NONE,UI_OR_FORMATTING_NOISE,NOT_VALIDATED_STEP07,NOT_EVALUATED_STEP07,NOT_STARTED_STEP07,NONE
S07C000648,Слово «ангел» ассоциируется со словами,Слово «ангел» ассоциируется со словами,слово «ангел» ассоциируется со словами,RU,TERMINOLOGY,NO_EXACT_UPSTREAM_MATCH,OUT_OF_SCOPE,NONE,NONE,NONE,NONE,EXCLUDED_OUT_OF_SCOPE,1,1,1,false,NONE,UNRELATED_SITE_BRANCH,NOT_VALIDATED_STEP07,NOT_EVALUATED_STEP07,NOT_STARTED_STEP07,NONE
S07C000649,Слово «Ангелина» ассоциируется со словами,Слово «Ангелина» ассоциируется со словами,слово «ангелина» ассоциируется со словами,RU,TERMINOLOGY,NO_EXACT_UPSTREAM_MATCH,OUT_OF_SCOPE,NONE,NONE,NONE,NONE,EXCLUDED_OUT_OF_SCOPE,1,1,1,false,NONE,FOREIGN_ENTITY,NOT_VALIDATED_STEP07,NOT_EVALUATED_STEP07,NOT_STARTED_STEP07,NONE
S07C000650,Слово «взлом» ассоциируется со словами,Слово «взлом» ассоциируется со словами,слово «взлом» ассоциируется со словами,RU,USE_CASE,NO_EXACT_UPSTREAM_MATCH,OUT_OF_SCOPE,NONE,NONE,NONE,NONE,EXCLUDED_OUT_OF_SCOPE,1,1,1,false,NONE,FOREIGN_ENTITY,NOT_VALIDATED_STEP07,NOT_EVALUATED_STEP07,NOT_STARTED_STEP07,NONE
S07C000651,Слово «диплом» ассоциируется со словами,Слово «диплом» ассоциируется со словами,слово «диплом» ассоциируется со словами,RU,TERMINOLOGY,NO_EXACT_UPSTREAM_MATCH,OUT_OF_SCOPE,NONE,NONE,NONE,NONE,EXCLUDED_OUT_OF_SCOPE,1,1,1,false,NONE,FOREIGN_ENTITY,NOT_VALIDATED_STEP07,NOT_EVALUATED_STEP07,NOT_STARTED_STEP07,NONE
S07C000652,Слово «Евангелие» ассоциируется со словами,Слово «Евангелие» ассоциируется со словами,слово «евангелие» ассоциируется со словами,RU,TERMINOLOGY,NO_EXACT_UPSTREAM_MATCH,OUT_OF_SCOPE,NONE,NONE,NONE,NONE,EXCLUDED_OUT_OF_SCOPE,1,1,1,false,NONE,UNRELATED_SITE_BRANCH,NOT_VALIDATED_STEP07,NOT_EVALUATED_STEP07,NOT_STARTED_STEP07,NONE
S07C000653,Слово «ОМОН» ассоциируется со словами,Слово «ОМОН» ассоциируется со словами,слово «омон» ассоциируется со словами,RU,TERMINOLOGY,NO_EXACT_UPSTREAM_MATCH,OUT_OF_SCOPE,NONE,NONE,NONE,NONE,EXCLUDED_OUT_OF_SCOPE,1,1,1,false,NONE,FOREIGN_ENTITY,NOT_VALIDATED_STEP07,NOT_EVALUATED_STEP07,NOT_STARTED_STEP07,NONE
S07C000654,Слово «символ» ассоциируется со словами,Слово «символ» ассоциируется со словами,слово «символ» ассоциируется со словами,RU,TERMINOLOGY,NO_EXACT_UPSTREAM_MATCH,OUT_OF_SCOPE,NONE,NONE,NONE,NONE,EXCLUDED_OUT_OF_SCOPE,1,1,1,false,NONE,UNRELATED_SITE_BRANCH,NOT_VALIDATED_STEP07,NOT_EVALUATED_STEP07,NOT_STARTED_STEP07,NONE
S07C000655,Со словом «ангел» ассоциируются слова,Со словом «ангел» ассоциируются слова,со словом «ангел» ассоциируются слова,RU,TERMINOLOGY,NO_EXACT_UPSTREAM_MATCH,OUT_OF_SCOPE,NONE,NONE,NONE,NONE,EXCLUDED_OUT_OF_SCOPE,1,1,1,false,NONE,UNRELATED_SITE_BRANCH,NOT_VALIDATED_STEP07,NOT_EVALUATED_STEP07,NOT_STARTED_STEP07,NONE
S07C000656,Со словом «ангел» ассоциируются фразы,Со словом «ангел» ассоциируются фразы,со словом «ангел» ассоциируются фразы,RU,TERMINOLOGY,NO_EXACT_UPSTREAM_MATCH,OUT_OF_SCOPE,NONE,NONE,NONE,NONE,EXCLUDED_OUT_OF_SCOPE,1,1,1,false,NONE,UNRELATED_SITE_BRANCH,NOT_VALIDATED_STEP07,NOT_EVALUATED_STEP07,NOT_STARTED_STEP07,NONE
S07C000657,Со словом «Ангелина» ассоциируются слова,Со словом «Ангелина» ассоциируются слова,со словом «ангелина» ассоциируются слова,RU,TERMINOLOGY,NO_EXACT_UPSTREAM_MATCH,OUT_OF_SCOPE,NONE,NONE,NONE,NONE,EXCLUDED_OUT_OF_SCOPE,1,1,1,false,NONE,FOREIGN_ENTITY,NOT_VALIDATED_STEP07,NOT_EVALUATED_STEP07,NOT_STARTED_STEP07,NONE
S07C000658,Со словом «взлом» ассоциируются слова,Со словом «взлом» ассоциируются слова,со словом «взлом» ассоциируются слова,RU,USE_CASE,NO_EXACT_UPSTREAM_MATCH,OUT_OF_SCOPE,NONE,NONE,NONE,NONE,EXCLUDED_OUT_OF_SCOPE,1,1,1,false,NONE,FOREIGN_ENTITY,NOT_VALIDATED_STEP07,NOT_EVALUATED_STEP07,NOT_STARTED_STEP07,NONE
S07C000659,Со словом «диплом» ассоциируются слова,Со словом «диплом» ассоциируются слова,со словом «диплом» ассоциируются слова,RU,TERMINOLOGY,NO_EXACT_UPSTREAM_MATCH,OUT_OF_SCOPE,NONE,NONE,NONE,NONE,EXCLUDED_OUT_OF_SCOPE,1,1,1,false,NONE,FOREIGN_ENTITY,NOT_VALIDATED_STEP07,NOT_EVALUATED_STEP07,NOT_STARTED_STEP07,NONE
S07C000660,Со словом «диплом» ассоциируются фразы,Со словом «диплом» ассоциируются фразы,со словом «диплом» ассоциируются фразы,RU,TERMINOLOGY,NO_EXACT_UPSTREAM_MATCH,OUT_OF_SCOPE,NONE,NONE,NONE,NONE,EXCLUDED_OUT_OF_SCOPE,1,1,1,false,NONE,FOREIGN_ENTITY,NOT_VALIDATED_STEP07,NOT_EVALUATED_STEP07,NOT_STARTED_STEP07,NONE
S07C000661,Со словом «Евангелие» ассоциируются слова,Со словом «Евангелие» ассоциируются слова,со словом «евангелие» ассоциируются слова,RU,TERMINOLOGY,NO_EXACT_UPSTREAM_MATCH,OUT_OF_SCOPE,NONE,NONE,NONE,NONE,EXCLUDED_OUT_OF_SCOPE,1,1,1,false,NONE,UNRELATED_SITE_BRANCH,NOT_VALIDATED_STEP07,NOT_EVALUATED_STEP07,NOT_STARTED_STEP07,NONE
S07C000662,Со словом «ОМОН» ассоциируются слова,Со словом «ОМОН» ассоциируются слова,со словом «омон» ассоциируются слова,RU,TERMINOLOGY,NO_EXACT_UPSTREAM_MATCH,OUT_OF_SCOPE,NONE,NONE,NONE,NONE,EXCLUDED_OUT_OF_SCOPE,1,1,1,false,NONE,FOREIGN_ENTITY,NOT_VALIDATED_STEP07,NOT_EVALUATED_STEP07,NOT_STARTED_STEP07,NONE
S07C000663,Со словом «символ» ассоциируются слова,Со словом «символ» ассоциируются слова,со словом «символ» ассоциируются слова,RU,TERMINOLOGY,NO_EXACT_UPSTREAM_MATCH,OUT_OF_SCOPE,NONE,NONE,NONE,NONE,EXCLUDED_OUT_OF_SCOPE,1,1,1,false,NONE,UNRELATED_SITE_BRANCH,NOT_VALIDATED_STEP07,NOT_EVALUATED_STEP07,NOT_STARTED_STEP07,NONE
S07C000664,Сочетаемость слова «авестийский»,Сочетаемость слова «авестийский»,сочетаемость слова «авестийский»,RU,ATTRIBUTE,NO_EXACT_UPSTREAM_MATCH,OUT_OF_SCOPE,NONE,NONE,NONE,NONE,EXCLUDED_OUT_OF_SCOPE,1,1,2,false,NONE,FOREIGN_ENTITY,NOT_VALIDATED_STEP07,NOT_EVALUATED_STEP07,NOT_STARTED_STEP07,NONE
S07C000665,Сочетаемость слова «ангел»,Сочетаемость слова «ангел»,сочетаемость слова «ангел»,RU,INFORMATIONAL_FORMULATION,NO_EXACT_UPSTREAM_MATCH,OUT_OF_SCOPE,NONE,NONE,NONE,NONE,EXCLUDED_OUT_OF_SCOPE,1,1,2,false,NONE,UNRELATED_SITE_BRANCH,NOT_VALIDATED_STEP07,NOT_EVALUATED_STEP07,NOT_STARTED_STEP07,NONE
S07C000666,Сочетаемость слова «буква»,Сочетаемость слова «буква»,сочетаемость слова «буква»,RU,INFORMATIONAL_FORMULATION,NO_EXACT_UPSTREAM_MATCH,OUT_OF_SCOPE,NONE,NONE,NONE,NONE,EXCLUDED_OUT_OF_SCOPE,1,1,2,false,NONE,FOREIGN_ENTITY,NOT_VALIDATED_STEP07,NOT_EVALUATED_STEP07,NOT_STARTED_STEP07,NONE
S07C000667,Сочетаемость слова «взлом»,Сочетаемость слова «взлом»,сочетаемость слова «взлом»,RU,USE_CASE,NO_EXACT_UPSTREAM_MATCH,OUT_OF_SCOPE,NONE,NONE,NONE,NONE,EXCLUDED_OUT_OF_SCOPE,1,1,2,false,NONE,FOREIGN_ENTITY,NOT_VALIDATED_STEP07,NOT_EVALUATED_STEP07,NOT_STARTED_STEP07,NONE
S07C000668,Сочетаемость слова «диплом»,Сочетаемость слова «диплом»,сочетаемость слова «диплом»,RU,INFORMATIONAL_FORMULATION,NO_EXACT_UPSTREAM_MATCH,OUT_OF_SCOPE,NONE,NONE,NONE,NONE,EXCLUDED_OUT_OF_SCOPE,1,1,2,false,NONE,FOREIGN_ENTITY,NOT_VALIDATED_STEP07,NOT_EVALUATED_STEP07,NOT_STARTED_STEP07,NONE
S07C000669,Сочетаемость слова «евангелие»,Сочетаемость слова «евангелие»,сочетаемость слова «евангелие»,RU,INFORMATIONAL_FORMULATION,NO_EXACT_UPSTREAM_MATCH,OUT_OF_SCOPE,NONE,NONE,NONE,NONE,EXCLUDED_OUT_OF_SCOPE,1,1,2,false,NONE,UNRELATED_SITE_BRANCH,NOT_VALIDATED_STEP07,NOT_EVALUATED_STEP07,NOT_STARTED_STEP07,NONE
S07C000670,Сочетаемость слова «знак»,Сочетаемость слова «знак»,сочетаемость слова «знак»,RU,INFORMATIONAL_FORMULATION,NO_EXACT_UPSTREAM_MATCH,OUT_OF_SCOPE,NONE,NONE,NONE,NONE,EXCLUDED_OUT_OF_SCOPE,1,1,2,false,NONE,UNRELATED_SITE_BRANCH,NOT_VALIDATED_STEP07,NOT_EVALUATED_STEP07,NOT_STARTED_STEP07,NONE
S07C000671,Сочетаемость слова «символ»,Сочетаемость слова «символ»,сочетаемость слова «символ»,RU,INFORMATIONAL_FORMULATION,NO_EXACT_UPSTREAM_MATCH,OUT_OF_SCOPE,NONE,NONE,NONE,NONE,EXCLUDED_OUT_OF_SCOPE,1,1,2,false,NONE,UNRELATED_SITE_BRANCH,NOT_VALIDATED_STEP07,NOT_EVALUATED_STEP07,NOT_STARTED_STEP07,NONE
S07C000672,Сочетаемость слова «язык»,Сочетаемость слова «язык»,сочетаемость слова «язык»,RU,INFORMATIONAL_FORMULATION,NO_EXACT_UPSTREAM_MATCH,OUT_OF_SCOPE,NONE,NONE,NONE,NONE,EXCLUDED_OUT_OF_SCOPE,1,1,2,false,NONE,FOREIGN_ENTITY,NOT_VALIDATED_STEP07,NOT_EVALUATED_STEP07,NOT_STARTED_STEP07,NONE
S07C000673,"Спустя два века после своего появления и алебарда, и протазан утратили боевое значение и стали символами власти.","Спустя два века после своего появления и алебарда, и протазан утратили боевое значение и стали символами власти.","спустя два века после своего появления и алебарда, и протазан утратили боевое значение и стали символами власти.",RU,INFORMATIONAL_FORMULATION,NO_EXACT_UPSTREAM_MATCH,OUT_OF_SCOPE,NONE,NONE,NONE,NONE,EXCLUDED_OUT_OF_SCOPE,1,1,1,false,NONE,UNRELATED_SITE_BRANCH,NOT_VALIDATED_STEP07,NOT_EVALUATED_STEP07,NOT_STARTED_STEP07,NONE
S07C000674,Упоминания в литературе,Упоминания в литературе,упоминания в литературе,RU,TERMINOLOGY,NO_EXACT_UPSTREAM_MATCH,OUT_OF_SCOPE,NONE,NONE,NONE,NONE,EXCLUDED_OUT_OF_SCOPE,1,1,1,false,NONE,UNRELATED_SITE_BRANCH,NOT_VALIDATED_STEP07,NOT_EVALUATED_STEP07,NOT_STARTED_STEP07,NONE
S07C000675,Фразеологизмы и устойчивые сочетания,Фразеологизмы и устойчивые сочетания,фразеологизмы и устойчивые сочетания,RU,TERMINOLOGY,NO_EXACT_UPSTREAM_MATCH,OUT_OF_SCOPE,NONE,NONE,NONE,NONE,EXCLUDED_OUT_OF_SCOPE,1,2,2,false,NONE,FOREIGN_ENTITY,NOT_VALIDATED_STEP07,NOT_EVALUATED_STEP07,NOT_STARTED_STEP07,NONE
S07C000676,"Часто интерпретируется как символ божественной триады Брахмы, Вишну и Шивы.","Часто интерпретируется как символ божественной триады Брахмы, Вишну и Шивы.","часто интерпретируется как символ божественной триады брахмы, вишну и шивы.",RU,INFORMATIONAL_FORMULATION,NO_EXACT_UPSTREAM_MATCH,OUT_OF_SCOPE,NONE,NONE,NONE,NONE,EXCLUDED_OUT_OF_SCOPE,1,1,1,false,NONE,UNRELATED_SITE_BRANCH,NOT_VALIDATED_STEP07,NOT_EVALUATED_STEP07,NOT_STARTED_STEP07,NONE
S07C000677,"Это первая буква русского алфавита, и поэтому она всегда показывает на всё главенствующее.","Это первая буква русского алфавита, и поэтому она всегда показывает на всё главенствующее.","это первая буква русского алфавита, и поэтому она всегда показывает на всё главенствующее.",RU,INFORMATIONAL_FORMULATION,NO_EXACT_UPSTREAM_MATCH,OUT_OF_SCOPE,NONE,NONE,NONE,NONE,EXCLUDED_OUT_OF_SCOPE,1,1,1,false,NONE,FOREIGN_ENTITY,NOT_VALIDATED_STEP07,NOT_EVALUATED_STEP07,NOT_STARTED_STEP07,NONE
S07C000678,Этот древний символ означал у многих народов абсолютно разные вещи.,Этот древний символ означал у многих народов абсолютно разные вещи.,этот древний символ означал у многих народов абсолютно разные вещи.,RU,INFORMATIONAL_FORMULATION,NO_EXACT_UPSTREAM_MATCH,OUT_OF_SCOPE,NONE,NONE,NONE,NONE,EXCLUDED_OUT_OF_SCOPE,1,1,1,false,NONE,UNRELATED_SITE_BRANCH,NOT_VALIDATED_STEP07,NOT_EVALUATED_STEP07,NOT_STARTED_STEP07,NONE
S07C000679,"Я надеялась, что нарисовать руну может любой человек, а не только одарённый.","Я надеялась, что нарисовать руну может любой человек, а не только одарённый.","я надеялась, что нарисовать руну может любой человек, а не только одарённый.",RU,INFORMATIONAL_FORMULATION,NO_EXACT_UPSTREAM_MATCH,OUT_OF_SCOPE,NONE,NONE,NONE,NONE,EXCLUDED_OUT_OF_SCOPE,1,2,2,false,NONE,UNRELATED_SITE_BRANCH,NOT_VALIDATED_STEP07,NOT_EVALUATED_STEP07,NOT_STARTED_STEP07,NONE
S07C000680,"Я писал записки красной ручкой, выводя крупные буквы красивым почерком, чтобы их заметили в ворохе других бумажек.","Я писал записки красной ручкой, выводя крупные буквы красивым почерком, чтобы их заметили в ворохе других бумажек.","я писал записки красной ручкой, выводя крупные буквы красивым почерком, чтобы их заметили в ворохе других бумажек.",RU,INFORMATIONAL_FORMULATION,NO_EXACT_UPSTREAM_MATCH,OUT_OF_SCOPE,NONE,NONE,NONE,NONE,EXCLUDED_OUT_OF_SCOPE,1,1,1,false,NONE,FOREIGN_ENTITY,NOT_VALIDATED_STEP07,NOT_EVALUATED_STEP07,NOT_STARTED_STEP07,NONE
S07C000681,"Я поговорил с ними, ОМОН вызывать не стал, и даже не потому, что они старались вести себя прилично.","Я поговорил с ними, ОМОН вызывать не стал, и даже не потому, что они старались вести себя прилично.","я поговорил с ними, омон вызывать не стал, и даже не потому, что они старались вести себя прилично.",RU,ATTRIBUTE,NO_EXACT_UPSTREAM_MATCH,OUT_OF_SCOPE,NONE,NONE,NONE,NONE,EXCLUDED_OUT_OF_SCOPE,1,1,1,false,NONE,FOREIGN_ENTITY,NOT_VALIDATED_STEP07,NOT_EVALUATED_STEP07,NOT_STARTED_STEP07,NONE
S07C000682,язык,язык,язык,RU,TERMINOLOGY,NO_EXACT_UPSTREAM_MATCH,OUT_OF_SCOPE,NONE,NONE,NONE,NONE,EXCLUDED_OUT_OF_SCOPE,1,1,5,false,NONE,FOREIGN_ENTITY,NOT_VALIDATED_STEP07,NOT_EVALUATED_STEP07,NOT_STARTED_STEP07,NONE
S07C000683,– Следов взлома нет.,– Следов взлома нет.,– следов взлома нет.,RU,USE_CASE,NO_EXACT_UPSTREAM_MATCH,OUT_OF_SCOPE,NONE,NONE,NONE,NONE,EXCLUDED_OUT_OF_SCOPE,1,1,1,false,NONE,FOREIGN_ENTITY,NOT_VALIDATED_STEP07,NOT_EVALUATED_STEP07,NOT_STARTED_STEP07,NONE
S07C000684,амуле́т,амуле́т,амуле́т,RU,TERMINOLOGY,AMBIGUOUS_MATCH,POSSIBLE_VARIANT,NP00001,STEP03A,S07C000002,SPELLING_VARIANT_OF,ELIGIBLE_POSSIBLE_VARIANT,1,1,1,true,Non-semantic punctuation/diacritic comparison suggests one upstream spelling variant; exact equivalence is not asserted.,NONE,NOT_VALIDATED_STEP07,NOT_EVALUATED_STEP07,NOT_STARTED_STEP07,NONE
S07C000685,Славянские обереги.,Славянские обереги.,славянские обереги.,RU,TERMINOLOGY,AMBIGUOUS_MATCH,POSSIBLE_VARIANT,NP02021,STEP03A,S07C000009,SPELLING_VARIANT_OF,ELIGIBLE_POSSIBLE_VARIANT,1,1,1,true,Non-semantic punctuation/diacritic comparison suggests one upstream spelling variant; exact equivalence is not asserted.,NONE,NOT_VALIDATED_STEP07,NOT_EVALUATED_STEP07,NOT_STARTED_STEP07,NONE
S07C000686,талисма́н,талисма́н,талисма́н,RU,TERMINOLOGY,AMBIGUOUS_MATCH,POSSIBLE_VARIANT,NP02016,STEP03A,S07C000010,SPELLING_VARIANT_OF,ELIGIBLE_POSSIBLE_VARIANT,1,1,1,true,Non-semantic punctuation/diacritic comparison suggests one upstream spelling variant; exact equivalence is not asserted.,NONE,NOT_VALIDATED_STEP07,NOT_EVALUATED_STEP07,NOT_STARTED_STEP07,NONE
