query_id,query,serp_class,rank,url,display_site,domain_raw,title,snippet,modtime,source_file,rank_bucket,target_relevance,page_type,content_format,market_surface,entity_collision,classification_basis,classification_confidence
S06Q001,амулет,COMMERCIAL_LED,1,https://happywitch.ru/catalog/products/amulety_i_talismany/,happywitch.ru,happywitch.ru,Амулеты и талисманы купить в интернет-магазине Ведьмино...,,,search-kw002-s06q001-r1-20260915-r5-0-0.json,TOP3,TARGET,CATEGORY,UNKNOWN,INDEPENDENT_SHOP,FALSE,The title/snippet directly addresses amulets or their meaning. The domain/title and catalog-like URL identify an independent-site category.,HIGH
S06Q001,амулет,COMMERCIAL_LED,2,https://www.ozon.ru/category/amulety-i-oberegi/,ozon.ru,www.ozon.ru,Амулеты и обереги купить на OZON по низкой цене,,,search-kw002-s06q001-r1-20260915-r5-0-0.json,TOP3,TARGET,MARKETPLACE_CATEGORY,UNKNOWN,OZON,FALSE,The title/snippet directly addresses amulets or their meaning. ozon.ru and the listing/category URL identify a marketplace category or search-results page.,HIGH
S06Q001,амулет,COMMERCIAL_LED,3,https://leonardo.ru/ishop/tree_9538925124/,leonardo.ru,leonardo.ru,Амулеты и обереги купить в интернет-магазине Леонардо,,,search-kw002-s06q001-r1-20260915-r5-0-0.json,TOP3,TARGET,CATEGORY,UNKNOWN,INDEPENDENT_SHOP,FALSE,The title/snippet directly addresses amulets or their meaning. The domain/title and catalog-like URL identify an independent-site category.,HIGH
S06Q001,амулет,COMMERCIAL_LED,4,https://www.livemaster.ru/itemlist/amuletioberegitalismani,livemaster.ru,www.livemaster.ru,"Амулеты, обереги, талисманы - купить в интернет-магазине...",,,search-kw002-s06q001-r1-20260915-r5-0-0.json,TOP10,TARGET,MARKETPLACE_CATEGORY,UNKNOWN,LIVEMASTER,FALSE,The title/snippet directly addresses amulets or their meaning. livemaster.ru and the listing/category URL identify a marketplace category or search-results page.,HIGH
S06Q001,амулет,COMMERCIAL_LED,5,https://slavyanskieoberegi.ru/,slavyanskieoberegi.ru,slavyanskieoberegi.ru,Славянские обереги из серебра 925 — Мастерская Ярило,,,search-kw002-s06q001-r1-20260915-r5-0-0.json,TOP10,TARGET,HOMEPAGE,UNKNOWN,INDEPENDENT_SHOP,FALSE,The title/snippet directly addresses amulets or their meaning. The root URL identifies a homepage.,HIGH
S06Q001,амулет,COMMERCIAL_LED,6,https://www.wildberries.ru/catalog/tags/amulet-i-obereg,wildberries.ru,www.wildberries.ru,Амулет и оберег - Купить в интернет магазине WildBerries.ru,,,search-kw002-s06q001-r1-20260915-r5-0-0.json,TOP10,TARGET,MARKETPLACE_CATEGORY,UNKNOWN,WILDBERRIES,FALSE,The title/snippet directly addresses amulets or their meaning. wildberries.ru and the listing/category URL identify a marketplace category or search-results page.,HIGH
S06Q001,амулет,COMMERCIAL_LED,7,https://ru.wikipedia.org/wiki/%D0%90%D0%BC%D1%83%D0%BB%D0%B5%D1%82,ru.wikipedia.org,ru.wikipedia.org,Амулет — Википедия,,,search-kw002-s06q001-r1-20260915-r5-0-0.json,TOP10,TARGET,ENCYCLOPEDIA,REFERENCE,ENCYCLOPEDIA,FALSE,The title/snippet directly addresses amulets or their meaning. ru.wikipedia.org identifies an encyclopedia/reference entry.,HIGH
S06Q001,амулет,COMMERCIAL_LED,8,https://aliexpress.ru/popular/%D0%B0%D0%BC%D1%83%D0%BB%D0%B5%D1%82%D1%8B-%D0%B8-%D1%82%D0%B0%D0%BB%D0%B8%D1%81%D0%BC%D0%B0%D0%BD%D1%8B,aliexpress.ru,aliexpress.ru,Амулеты и талисманы - купить недорого | AliExpress,,,search-kw002-s06q001-r1-20260915-r5-0-0.json,TOP10,TARGET,MARKETPLACE_CATEGORY,UNKNOWN,OTHER,FALSE,The title/snippet directly addresses amulets or their meaning. aliexpress.ru and the listing/category URL identify a marketplace category or search-results page.,HIGH
S06Q001,амулет,COMMERCIAL_LED,9,https://www.giftman.ru/blog/amulety-dlya-chego-nuzhny-i-kak-vybrat-svoy/,giftman.ru,www.giftman.ru,Для чего нужны амулеты и как правильно их выбрать: советы...,,,search-kw002-s06q001-r1-20260915-r5-0-0.json,TOP10,TARGET,ARTICLE,GUIDE,INDEPENDENT_SHOP,FALSE,The title/snippet directly addresses amulets or their meaning. The title/snippet and article-like URL identify informational content.,HIGH
S06Q001,амулет,COMMERCIAL_LED,10,https://natilash-amulets.ru/,natilash-amulets.ru,natilash-amulets.ru,NATILASH amulets украшения,,,search-kw002-s06q001-r1-20260915-r5-0-0.json,TOP10,TARGET,HOMEPAGE,UNKNOWN,INDEPENDENT_SHOP,FALSE,The title/snippet directly addresses amulets or their meaning. The root URL identifies a homepage.,HIGH
S06Q001,амулет,COMMERCIAL_LED,11,https://market.yandex.ru/category/amulety-i-oberegi,market.yandex.ru,market.yandex.ru,Амулеты и обереги - купить по низкой цене на Яндекс Маркете,,,search-kw002-s06q001-r1-20260915-r5-0-0.json,POS11_20,TARGET,MARKETPLACE_CATEGORY,UNKNOWN,YANDEX_MARKET,FALSE,The title/snippet directly addresses amulets or their meaning. market.yandex.ru and the listing/category URL identify a marketplace category or search-results page.,HIGH
S06Q001,амулет,COMMERCIAL_LED,12,https://znanierussia.ru/articles/%D0%90%D0%BC%D1%83%D0%BB%D0%B5%D1%82,znanierussia.ru,znanierussia.ru,Амулет — энциклопедия «Знание.Вики»,,,search-kw002-s06q001-r1-20260915-r5-0-0.json,POS11_20,TARGET,ENCYCLOPEDIA,REFERENCE,ENCYCLOPEDIA,FALSE,The title/snippet directly addresses amulets or their meaning. znanierussia.ru identifies an encyclopedia/reference entry.,HIGH
S06Q001,амулет,COMMERCIAL_LED,13,https://market.yandex.ru/category/oberegi-i-talismany,market.yandex.ru,market.yandex.ru,Обереги и талисманы - купить по низкой цене на Яндекс Маркете,,,search-kw002-s06q001-r1-20260915-r5-0-0.json,POS11_20,TARGET,MARKETPLACE_CATEGORY,UNKNOWN,YANDEX_MARKET,FALSE,The title/snippet directly addresses amulets or their meaning. market.yandex.ru and the listing/category URL identify a marketplace category or search-results page.,HIGH
S06Q001,амулет,COMMERCIAL_LED,14,https://www.joom.ru/ru/best/oberegi-i-amulety,joom.ru,www.joom.ru,"Обереги и амулеты купить дешево - низкие цены, бесплатная...",,,search-kw002-s06q001-r1-20260915-r5-0-0.json,POS11_20,TARGET,MARKETPLACE_CATEGORY,UNKNOWN,OTHER,FALSE,The title/snippet directly addresses amulets or their meaning. joom.ru and the listing/category URL identify a marketplace category or search-results page.,HIGH
S06Q001,амулет,COMMERCIAL_LED,15,https://ru.wikiquote.org/wiki/%D0%90%D0%BC%D1%83%D0%BB%D0%B5%D1%82,ru.wikiquote.org,ru.wikiquote.org,Амулет — Викицитатник,,,search-kw002-s06q001-r1-20260915-r5-0-0.json,POS11_20,ADJACENT,ARTICLE,OTHER,INFORMATION_SITE,FALSE,"The result is a quotations page for the word “амулет”, related to the term but not a direct product or explanatory result. The title/snippet and article-like URL identify informational content.",MEDIUM
S06Q001,амулет,COMMERCIAL_LED,16,https://www.livemaster.ru/topic/89553-article-amulety-talismany-oberegi-v-chem-raznitsa,livemaster.ru,www.livemaster.ru,"Амулеты, талисманы и обереги: в чем разница и как их различать",,,search-kw002-s06q001-r1-20260915-r5-0-0.json,POS11_20,TARGET,ARTICLE,GUIDE,LIVEMASTER,FALSE,The title/snippet directly addresses amulets or their meaning. The title/snippet and article-like URL identify informational content.,HIGH
S06Q001,амулет,COMMERCIAL_LED,17,https://market.yandex.ru/category/oberegi,market.yandex.ru,market.yandex.ru,Обереги - купить по низкой цене на Яндекс Маркете,,,search-kw002-s06q001-r1-20260915-r5-0-0.json,POS11_20,TARGET,MARKETPLACE_CATEGORY,UNKNOWN,YANDEX_MARKET,FALSE,The title/snippet directly addresses amulets or their meaning. market.yandex.ru and the listing/category URL identify a marketplace category or search-results page.,HIGH
S06Q001,амулет,COMMERCIAL_LED,18,https://market.yandex.ru/category/amulety-yuvelirnyye,market.yandex.ru,market.yandex.ru,Амулеты ювелирные - купить по низкой цене на Яндекс Маркете,,,search-kw002-s06q001-r1-20260915-r5-0-0.json,POS11_20,TARGET,MARKETPLACE_CATEGORY,UNKNOWN,YANDEX_MARKET,FALSE,The title/snippet directly addresses amulets or their meaning. market.yandex.ru and the listing/category URL identify a marketplace category or search-results page.,HIGH
S06Q001,амулет,COMMERCIAL_LED,19,https://market.yandex.ru/search?text=%D0%B0%D0%BC%D1%83%D0%BB%D0%B5%D1%82%D1%8B%20%D0%B8%20%D1%82%D0%B0%D0%BB%D0%B8%D1%81%D0%BC%D0%B0%D0%BD%D1%8B%20%D0%B8%D0%BD%D1%82%D0%B5%D1%80%D0%BD%D0%B5%D1%82%20%D0%BC%D0%B0%D0%B3%D0%B0%D0%B7%D0%B8%D0%BD,market.yandex.ru,market.yandex.ru,Амулеты и талисманы интернет магазин — купить по низкой цене...,,,search-kw002-s06q001-r1-20260915-r5-0-0.json,POS11_20,TARGET,MARKETPLACE_CATEGORY,UNKNOWN,YANDEX_MARKET,FALSE,The title/snippet directly addresses amulets or their meaning. market.yandex.ru and the listing/category URL identify a marketplace category or search-results page.,HIGH
S06Q001,амулет,COMMERCIAL_LED,20,https://tr-page.yandex.ru/translate?lang=en-ru&url=https%3A%2F%2Fen.wikipedia.org%2Fwiki%2FAmulet,tr-page.yandex.ru,tr-page.yandex.ru,Амулет - Amulet - Википедия,,,search-kw002-s06q001-r1-20260915-r5-0-0.json,POS11_20,TARGET,ENCYCLOPEDIA,REFERENCE,ENCYCLOPEDIA,FALSE,The title/snippet directly addresses amulets or their meaning. tr-page.yandex.ru identifies an encyclopedia/reference entry.,HIGH
S06Q002,оберег,COMMERCIAL_LED,1,https://www.ozon.ru/category/slavyanskie-oberegi/,ozon.ru,www.ozon.ru,Славянские обереги купить на OZON по низкой цене,,,search-kw002-s06q002-r1-20260916-r5-0-0.json,TOP3,TARGET,MARKETPLACE_CATEGORY,UNKNOWN,OZON,FALSE,The title/snippet directly addresses protective charms or their meaning. ozon.ru and the listing/category URL identify a marketplace category or search-results page.,HIGH
S06Q002,оберег,COMMERCIAL_LED,2,https://www.wildberries.ru/catalog/tags/oberegi-i-amulety-slavjanskie,wildberries.ru,www.wildberries.ru,Обереги и амулеты славянские - Купить в интернет магазине...,,,search-kw002-s06q002-r1-20260916-r5-0-0.json,TOP3,TARGET,MARKETPLACE_CATEGORY,UNKNOWN,WILDBERRIES,FALSE,The title/snippet directly addresses protective charms or their meaning. wildberries.ru and the listing/category URL identify a marketplace category or search-results page.,HIGH
S06Q002,оберег,COMMERCIAL_LED,3,https://slavyanskieoberegi.ru/slavyanskie-oberegi/,slavyanskieoberegi.ru,slavyanskieoberegi.ru,Славянские обереги — значение символов | Ярило,,,search-kw002-s06q002-r1-20260916-r5-0-0.json,TOP3,TARGET,ARTICLE,REFERENCE,INDEPENDENT_SHOP,FALSE,The title/snippet directly addresses protective charms or their meaning. The title/snippet and article-like URL identify informational content.,HIGH
S06Q002,оберег,COMMERCIAL_LED,4,https://blog.beregy.ru/slavyanskie-oberegi-i-ikh-znachenie/,blog.beregy.ru,blog.beregy.ru,Славянские обереги и их значение читайте в этой статье,,,search-kw002-s06q002-r1-20260916-r5-0-0.json,TOP10,TARGET,ARTICLE,REFERENCE,INFORMATION_SITE,FALSE,The title/snippet directly addresses protective charms or their meaning. The title/snippet and article-like URL identify informational content.,HIGH
S06Q002,оберег,COMMERCIAL_LED,5,https://market.yandex.ru/category/amulety-i-oberegi,market.yandex.ru,market.yandex.ru,Амулеты и обереги - купить по низкой цене на Яндекс Маркете,,,search-kw002-s06q002-r1-20260916-r5-0-0.json,TOP10,TARGET,MARKETPLACE_CATEGORY,UNKNOWN,YANDEX_MARKET,FALSE,The title/snippet directly addresses protective charms or their meaning. market.yandex.ru and the listing/category URL identify a marketplace category or search-results page.,HIGH
S06Q002,оберег,COMMERCIAL_LED,6,https://dzen.ru/a/Z7zpqFGVMiY1ZO71,dzen.ru,dzen.ru,"Чем отличаются амулет, талисман и оберег? | Аргументы... | Дзен",,,search-kw002-s06q002-r1-20260916-r5-0-0.json,TOP10,TARGET,SOCIAL,OTHER,SOCIAL_VIDEO,FALSE,The title/snippet directly addresses protective charms or their meaning. dzen.ru identifies a social-content page.,HIGH
S06Q002,оберег,COMMERCIAL_LED,7,https://www.ozon.ru/category/slavyanskie-kulony/,ozon.ru,www.ozon.ru,Славянские кулоны купить на OZON по низкой цене,,,search-kw002-s06q002-r1-20260916-r5-0-0.json,TOP10,TARGET,MARKETPLACE_CATEGORY,UNKNOWN,OZON,FALSE,The title/snippet directly addresses protective charms or their meaning. ozon.ru and the listing/category URL identify a marketplace category or search-results page.,HIGH
S06Q002,оберег,COMMERCIAL_LED,8,https://www.wildberries.ru/catalog/tags/slavjanskie-oberegi-amulety-iz-dereva,wildberries.ru,www.wildberries.ru,Славянские обереги амулеты из дерева - Купить в интернет...,,,search-kw002-s06q002-r1-20260916-r5-0-0.json,TOP10,TARGET,MARKETPLACE_CATEGORY,UNKNOWN,WILDBERRIES,FALSE,The title/snippet directly addresses protective charms or their meaning. wildberries.ru and the listing/category URL identify a marketplace category or search-results page.,HIGH
S06Q002,оберег,COMMERCIAL_LED,9,https://www.wildberries.ru/catalog/tags/oberegi-slavjanskie,wildberries.ru,www.wildberries.ru,Обереги славянские - Купить в интернет магазине WildBerries.ru,,,search-kw002-s06q002-r1-20260916-r5-0-0.json,TOP10,TARGET,MARKETPLACE_CATEGORY,UNKNOWN,WILDBERRIES,FALSE,The title/snippet directly addresses protective charms or their meaning. wildberries.ru and the listing/category URL identify a marketplace category or search-results page.,HIGH
S06Q002,оберег,COMMERCIAL_LED,10,https://www.wildberries.ru/catalog/tags/obereg-ot-zlyh-ludei,wildberries.ru,www.wildberries.ru,Оберег от злых людей - Купить в интернет магазине WildBerries.ru,,,search-kw002-s06q002-r1-20260916-r5-0-0.json,TOP10,TARGET,MARKETPLACE_CATEGORY,UNKNOWN,WILDBERRIES,FALSE,The title/snippet directly addresses protective charms or their meaning. wildberries.ru and the listing/category URL identify a marketplace category or search-results page.,HIGH
S06Q002,оберег,COMMERCIAL_LED,11,https://www.wildberries.ru/catalog/tags/domashnii-obereg-na-udaczu,wildberries.ru,www.wildberries.ru,Домашний оберег на удачу - Купить в интернет магазине...,,,search-kw002-s06q002-r1-20260916-r5-0-0.json,POS11_20,TARGET,MARKETPLACE_CATEGORY,UNKNOWN,WILDBERRIES,FALSE,The title/snippet directly addresses protective charms or their meaning. wildberries.ru and the listing/category URL identify a marketplace category or search-results page.,HIGH
S06Q002,оберег,COMMERCIAL_LED,12,https://www.wildberries.ru/catalog/dom-i-dacha/tags/obereg-dlja-doma-pravoslavnyi,wildberries.ru,www.wildberries.ru,Оберег для дома православный - Купить в интернет магазине...,,,search-kw002-s06q002-r1-20260916-r5-0-0.json,POS11_20,TARGET,MARKETPLACE_CATEGORY,UNKNOWN,WILDBERRIES,FALSE,The title/snippet directly addresses protective charms or their meaning. wildberries.ru and the listing/category URL identify a marketplace category or search-results page.,HIGH
S06Q002,оберег,COMMERCIAL_LED,13,https://www.wildberries.ru/catalog/tags/obereg-ot-zavisti-i-sglaza,wildberries.ru,www.wildberries.ru,Оберег от зависти и сглаза - Купить в интернет магазине...,,,search-kw002-s06q002-r1-20260916-r5-0-0.json,POS11_20,TARGET,MARKETPLACE_CATEGORY,UNKNOWN,WILDBERRIES,FALSE,The title/snippet directly addresses protective charms or their meaning. wildberries.ru and the listing/category URL identify a marketplace category or search-results page.,HIGH
S06Q002,оберег,COMMERCIAL_LED,14,https://www.ozon.ru/category/slavyanskiy-obereg-kulon/,ozon.ru,www.ozon.ru,Славянский оберег кулон купить на OZON по низкой цене,,,search-kw002-s06q002-r1-20260916-r5-0-0.json,POS11_20,TARGET,MARKETPLACE_CATEGORY,UNKNOWN,OZON,FALSE,The title/snippet directly addresses protective charms or their meaning. ozon.ru and the listing/category URL identify a marketplace category or search-results page.,HIGH
S06Q002,оберег,COMMERCIAL_LED,15,https://www.wildberries.ru/catalog/dom-i-dacha/tags/oberegi-dlja-doma,wildberries.ru,www.wildberries.ru,Обереги для дома - Купить в интернет магазине WildBerries.ru,,,search-kw002-s06q002-r1-20260916-r5-0-0.json,POS11_20,TARGET,MARKETPLACE_CATEGORY,UNKNOWN,WILDBERRIES,FALSE,The title/snippet directly addresses protective charms or their meaning. wildberries.ru and the listing/category URL identify a marketplace category or search-results page.,HIGH
S06Q002,оберег,COMMERCIAL_LED,16,https://www.ozon.ru/category/slavyanskie-oberegi-na-sheyu/,ozon.ru,www.ozon.ru,Славянские обереги на шею купить на OZON по низкой цене,,,search-kw002-s06q002-r1-20260916-r5-0-0.json,POS11_20,TARGET,MARKETPLACE_CATEGORY,UNKNOWN,OZON,FALSE,The title/snippet directly addresses protective charms or their meaning. ozon.ru and the listing/category URL identify a marketplace category or search-results page.,HIGH
S06Q002,оберег,COMMERCIAL_LED,17,https://www.ozon.ru/category/oberegi-amulety-kamni/,ozon.ru,www.ozon.ru,Обереги и амулеты из камней купить на OZON по низкой цене,,,search-kw002-s06q002-r1-20260916-r5-0-0.json,POS11_20,TARGET,MARKETPLACE_CATEGORY,UNKNOWN,OZON,FALSE,The title/snippet directly addresses protective charms or their meaning. ozon.ru and the listing/category URL identify a marketplace category or search-results page.,HIGH
S06Q002,оберег,COMMERCIAL_LED,18,https://www.ozon.ru/category/obereg-dlya-semi/,ozon.ru,www.ozon.ru,Оберег для семьи купить на OZON по низкой цене,,,search-kw002-s06q002-r1-20260916-r5-0-0.json,POS11_20,TARGET,MARKETPLACE_CATEGORY,UNKNOWN,OZON,FALSE,The title/snippet directly addresses protective charms or their meaning. ozon.ru and the listing/category URL identify a marketplace category or search-results page.,HIGH
S06Q002,оберег,COMMERCIAL_LED,19,https://www.ozon.ru/category/obereg-ot-zlyh/,ozon.ru,www.ozon.ru,Оберег от злых купить на OZON по низкой цене,,,search-kw002-s06q002-r1-20260916-r5-0-0.json,POS11_20,TARGET,MARKETPLACE_CATEGORY,UNKNOWN,OZON,FALSE,The title/snippet directly addresses protective charms or their meaning. ozon.ru and the listing/category URL identify a marketplace category or search-results page.,HIGH
S06Q002,оберег,COMMERCIAL_LED,20,https://www.ozon.ru/category/amulety/,ozon.ru,www.ozon.ru,Амулеты купить на OZON по низкой цене,,,search-kw002-s06q002-r1-20260916-r5-0-0.json,POS11_20,TARGET,MARKETPLACE_CATEGORY,UNKNOWN,OZON,FALSE,The title/snippet directly addresses protective charms or their meaning. ozon.ru and the listing/category URL identify a marketplace category or search-results page.,HIGH
S06Q003,талисман,COLLISION_OR_MISMATCH,1,https://ru.wikipedia.org/wiki/%D0%A2%D0%B0%D0%BB%D0%B8%D1%81%D0%BC%D0%B0%D0%BD,ru.wikipedia.org,ru.wikipedia.org,Талисман — Википедия,,20130731T222413,search-kw002-s06q003-q022-20260916-r100-0-19.json,TOP3,TARGET,ENCYCLOPEDIA,REFERENCE,ENCYCLOPEDIA,FALSE,The title/snippet directly addresses talismans in the amulet/symbol sense. ru.wikipedia.org identifies an encyclopedia/reference entry.,HIGH
S06Q003,талисман,COLLISION_OR_MISMATCH,2,https://gramota.ru/poisk?query=%D1%82%D0%B0%D0%BB%D0%B8%D1%81%D0%BC%D0%B0%D0%BD&mode=slovari&dicts[]=42,gramota.ru,gramota.ru,талисман | Большой толковый словарь русского языка,,20170911T075340,search-kw002-s06q003-q022-20260916-r100-0-19.json,TOP3,TARGET,DICTIONARY,DEFINITION,ENCYCLOPEDIA,FALSE,The title/snippet directly addresses talismans in the amulet/symbol sense. gramota.ru and the title/URL identify a dictionary entry.,HIGH
S06Q003,талисман,COLLISION_OR_MISMATCH,3,https://kartaslov.ru/%D0%B7%D0%BD%D0%B0%D1%87%D0%B5%D0%BD%D0%B8%D0%B5-%D1%81%D0%BB%D0%BE%D0%B2%D0%B0/%D1%82%D0%B0%D0%BB%D0%B8%D1%81%D0%BC%D0%B0%D0%BD,kartaslov.ru,kartaslov.ru,Значение слова ТАЛИСМАН. Что такое ТАЛИСМАН?,,20170511T193707,search-kw002-s06q003-q022-20260916-r100-0-19.json,TOP3,TARGET,DICTIONARY,DEFINITION,ENCYCLOPEDIA,FALSE,The title/snippet directly addresses talismans in the amulet/symbol sense. kartaslov.ru and the title/URL identify a dictionary entry.,HIGH
S06Q003,талисман,COLLISION_OR_MISMATCH,4,https://www.talisman-online.ru/,talisman-online.ru,www.talisman-online.ru,Языковая школа - курсы английского и китайского в Екатеринбурге,"Хочу поблагодарить всех сотрудников Талисман и в частности нашего педагога Елену Владимировну, всегда объяснит если что-то непонятно. Старший сын здесь учился и проблем в школе не было, теперь младший учится, бежит на занятия с удовольствием и в школе сам все задания делает и контрольные на хорошо и отлично.",20100917T102835,search-kw002-s06q003-q022-20260916-r100-0-19.json,TOP10,COLLISION,HOMEPAGE,UNKNOWN,OTHER,TRUE,"The title and snippet identify a language school named “Талисман”, a different business entity. The root URL identifies a homepage.",HIGH
S06Q003,талисман,COLLISION_OR_MISMATCH,5,https://ru.wiktionary.org/wiki/%D1%82%D0%B0%D0%BB%D0%B8%D1%81%D0%BC%D0%B0%D0%BD,ru.wiktionary.org,ru.wiktionary.org,талисман — Викисловарь,,20170418T060021,search-kw002-s06q003-q022-20260916-r100-0-19.json,TOP10,TARGET,DICTIONARY,DEFINITION,ENCYCLOPEDIA,FALSE,The title/snippet directly addresses talismans in the amulet/symbol sense. ru.wiktionary.org and the title/URL identify a dictionary entry.,HIGH
S06Q003,талисман,COLLISION_OR_MISMATCH,6,https://ru.ruwiki.ru/wiki/%D0%A2%D0%B0%D0%BB%D0%B8%D1%81%D0%BC%D0%B0%D0%BD,ru.ruwiki.ru,ru.ruwiki.ru,Талисман — Рувики: Интернет-энциклопедия,"Талисман (греч. τέλεσμα[11] — посвящение, чары, заклинание) — предмет, который, по суеверным представлениям, приносит счастье, удачу. Служит также оберегом[4]. В словарях Ожегова[5] и Ушакова[6] также упомянута удача.",20230630T065336,search-kw002-s06q003-q022-20260916-r100-0-19.json,TOP10,TARGET,ENCYCLOPEDIA,REFERENCE,ENCYCLOPEDIA,FALSE,The title/snippet directly addresses talismans in the amulet/symbol sense. ru.ruwiki.ru identifies an encyclopedia/reference entry.,HIGH
S06Q003,талисман,COLLISION_OR_MISMATCH,7,https://ru.wikipedia.org/wiki/%D0%A2%D0%B0%D0%BB%D0%B8%D1%81%D0%BC%D0%B0%D0%BD_(%D0%B7%D0%BD%D0%B0%D1%87%D0%B5%D0%BD%D0%B8%D1%8F),ru.wikipedia.org,ru.wikipedia.org,Талисман (значения) — Википедия,,20121226T203548,search-kw002-s06q003-q022-20260916-r100-0-19.json,TOP10,ADJACENT,ENCYCLOPEDIA,REFERENCE,ENCYCLOPEDIA,FALSE,The title identifies a disambiguation page containing multiple meanings rather than the target talisman meaning. ru.wikipedia.org identifies an encyclopedia/reference entry.,MEDIUM
S06Q003,талисман,COLLISION_OR_MISMATCH,8,https://gramota.ru/poisk?query=%D1%82%D0%B0%D0%BB%D0%B8%D1%81%D0%BC%D0%B0%D0%BD&mode=slovari,gramota.ru,gramota.ru,«талисман» в словарях портала | Поиск по Грамоте,,20150423T060837,search-kw002-s06q003-q022-20260916-r100-0-19.json,TOP10,TARGET,DICTIONARY,DEFINITION,ENCYCLOPEDIA,FALSE,The title/snippet directly addresses talismans in the amulet/symbol sense. gramota.ru and the title/URL identify a dictionary entry.,HIGH
S06Q003,талисман,COLLISION_OR_MISMATCH,9,https://kartaslov.ru/%D0%BA%D0%B0%D1%80%D1%82%D0%B0-%D0%B7%D0%BD%D0%B0%D0%BD%D0%B8%D0%B9/%D0%A2%D0%B0%D0%BB%D0%B8%D1%81%D0%BC%D0%B0%D0%BD,kartaslov.ru,kartaslov.ru,Талисман — Карта знаний,"Например, талисманом черного мага часто являются кости человеческого или животного происхождения, именно они связывают мага с миром умерших или, как говорят древние учения, с ""миром теней"". Материалы, из которых изготавливает свой талисман белый маг, благородного происхождения, они символизирут взаимосвязь человека и природы.",20190519T154716,search-kw002-s06q003-q022-20260916-r100-0-19.json,TOP10,TARGET,ENCYCLOPEDIA,REFERENCE,ENCYCLOPEDIA,FALSE,The title/snippet directly addresses talismans in the amulet/symbol sense. kartaslov.ru identifies an encyclopedia/reference entry.,HIGH
S06Q003,талисман,COLLISION_OR_MISMATCH,10,https://www.ozon.ru/category/talismany/,ozon.ru,www.ozon.ru,Талисманы купить на OZON по низкой цене,"Талисманы – покупайте на OZON по выгодным ценам! Быстрая и бесплатная доставка, большой ассортимент, бонусы, рассрочка и кэшбэк. Распродажи, скидки и акции. Реальные отзывы покупателей.",20190530T120613,search-kw002-s06q003-q022-20260916-r100-0-19.json,TOP10,TARGET,MARKETPLACE_CATEGORY,UNKNOWN,OZON,FALSE,The title/snippet directly addresses talismans in the amulet/symbol sense. ozon.ru and the listing/category URL identify a marketplace category or search-results page.,HIGH
S06Q003,талисман,COLLISION_OR_MISMATCH,11,https://www.wildberries.ru/catalog/dlya-doma/predmety-religii/tags/talismany,wildberries.ru,www.wildberries.ru,Талисманы - Купить в интернет магазине WildBerries.ru,"Талисманы - Большой выбор в интернет-магазине WildBerries.ru. Бесплатная доставка и постоянные скидки! … BrelokTalis / брелок талисман Коза символ 2027 года. 4,9 2 818 оценок.",20250328T173056,search-kw002-s06q003-q022-20260916-r100-0-19.json,POS11_20,TARGET,MARKETPLACE_CATEGORY,UNKNOWN,WILDBERRIES,FALSE,The title/snippet directly addresses talismans in the amulet/symbol sense. wildberries.ru and the listing/category URL identify a marketplace category or search-results page.,HIGH
S06Q003,талисман,COLLISION_OR_MISMATCH,12,https://ntagil.talisman-online.ru/,ntagil.talisman-online.ru,ntagil.talisman-online.ru,Курсы английского языка в Нижнем Тагиле | Языковой центр...,"Дочь с огромным удовольствием посещает ваши занятия. Мы видим положительную динамику в изучении английского языка, все тесты по школьной программе пишем на отлично, хорошие навыки чтения письма и аудирования. большое спасибо Талисман за вашу работу.",20130731T034241,search-kw002-s06q003-q022-20260916-r100-0-19.json,POS11_20,COLLISION,HOMEPAGE,UNKNOWN,OTHER,TRUE,"The title and snippet identify a regional language center named “Талисман”, a different business entity. The root URL identifies a homepage.",HIGH
S06Q003,талисман,COLLISION_OR_MISMATCH,13,https://dic.academic.ru/dic.nsf/bse/137980/%D0%A2%D0%B0%D0%BB%D0%B8%D1%81%D0%BC%D0%B0%D0%BD,dic.academic.ru,dic.academic.ru,Талисман | это... Что такое Талисман?,"ТАЛИСМАН — ТАЛИСМАН, талисмана, муж. (франц. talisman с араб.). По суеверным представлениям предмет, приносящий обладателю его счастье, удачу и наделяющий его чудодейственной силой. «Сохрани мой талисман, в нем таинственная сила.»",20150820T111023,search-kw002-s06q003-q022-20260916-r100-0-19.json,POS11_20,TARGET,DICTIONARY,DEFINITION,ENCYCLOPEDIA,FALSE,The title/snippet directly addresses talismans in the amulet/symbol sense. dic.academic.ru and the title/URL identify a dictionary entry.,HIGH
S06Q003,талисман,COLLISION_OR_MISMATCH,14,https://network.talisman-online.ru/,network.talisman-online.ru,network.talisman-online.ru,Ссылка на network.talisman-online.ru,,20171126T031805,search-kw002-s06q003-q022-20260916-r100-0-19.json,POS11_20,UNCERTAIN,UNKNOWN,UNKNOWN,OTHER,FALSE,The generic link title and empty snippet do not establish what the network.talisman-online.ru page contains. The URL/title/snippet do not establish a supported page type.,LOW
S06Q003,талисман,COLLISION_OR_MISMATCH,15,https://market.yandex.ru/category/oberegi-i-talismany,market.yandex.ru,market.yandex.ru,Обереги и талисманы - купить по низкой цене на Яндекс Маркете,,20161027T190446,search-kw002-s06q003-q022-20260916-r100-0-19.json,POS11_20,TARGET,MARKETPLACE_CATEGORY,UNKNOWN,YANDEX_MARKET,FALSE,The title/snippet directly addresses talismans in the amulet/symbol sense. market.yandex.ru and the listing/category URL identify a marketplace category or search-results page.,HIGH
S06Q003,талисман,COLLISION_OR_MISMATCH,16,https://eldenring.fandom.com/ru/wiki/%D0%A2%D0%B0%D0%BB%D0%B8%D1%81%D0%BC%D0%B0%D0%BD%D1%8B,eldenring.fandom.com,eldenring.fandom.com,Талисманы | Elden Ring вики | Fandom,Талисманы (англ. Talismans) — специальные предметы в игре Elden Ring. Их можно экипировать для получения различных эффектов.,20220301T225142,search-kw002-s06q003-q022-20260916-r100-0-19.json,POS11_20,COLLISION,ENCYCLOPEDIA,REFERENCE,ENCYCLOPEDIA,TRUE,"The title and snippet identify in-game Elden Ring items, a different entertainment meaning. eldenring.fandom.com identifies an encyclopedia/reference entry.",HIGH
S06Q003,талисман,COLLISION_OR_MISMATCH,17,https://www.talisman-online.ru/contacts/,talisman-online.ru,www.talisman-online.ru,Адреса центров в Екатеринбурге – Сеть лингвистических центров...,Наши центры в Екатеринбурге работают с 9:00 до 21:00 →Школа английского языка «Талисман» для всех уровней и возрастов →Практика с носителем! … Коммерческий директор. Наташина Наталья Васильевна. Тел. 8-800 -7-800-800 n.natashina@talisman-online.ru.,20100917T064416,search-kw002-s06q003-q022-20260916-r100-0-19.json,POS11_20,COLLISION,LANDING,UNKNOWN,OTHER,TRUE,The title and snippet identify contact details for a language-center chain named “Талисман”. The domain/title and search or service URL identify a landing page.,HIGH
S06Q003,талисман,COLLISION_OR_MISMATCH,18,https://shop.talisman-online.ru/,shop.talisman-online.ru,shop.talisman-online.ru,Интернет-магазин иностранной литературы Талисман,"Интернет-магазин Талисман — иностранные учебники — это замечательная возможность купить книги зарубежных издательств, не выходя из дома или офиса по выгодным ценам!",20130731T033616,search-kw002-s06q003-q022-20260916-r100-0-19.json,POS11_20,COLLISION,HOMEPAGE,UNKNOWN,INDEPENDENT_SHOP,TRUE,"The title identifies a foreign-language book shop named “Талисман”, not talisman objects. The root URL identifies a homepage.",HIGH
S06Q003,талисман,COLLISION_OR_MISMATCH,19,https://yandex.ru/maps/54/yekaterinburg/chain/talisman/6003423/,yandex.ru,yandex.ru,Талисман: адреса в Екатеринбурге — Яндекс Карты,"Талисман (ул. Вильгельма де Геннина, 33), детский лагерь отдыха в Екатеринбурге. … Талисман (ул. Мамина-Сибиряка, 130), курсы иностранных языков в Екатеринбурге.",20170628T184022,search-kw002-s06q003-q022-20260916-r100-0-19.json,POS11_20,COLLISION,LANDING,UNKNOWN,OTHER,TRUE,The title and snippet identify organizations named “Талисман” in Yandex Maps. The domain/title and search or service URL identify a landing page.,HIGH
S06Q003,талисман,COLLISION_OR_MISMATCH,20,https://talisman-academy.ru/,talisman-academy.ru,talisman-academy.ru,Языковая академия Талисман - изучение языков онлайн,"В языковой академии Талисман Вы можете подготовиться и сдать Talisman Exam - объективный и комплексный экзамен по английскому языку. Сертификат Talisman Exam является документом, подтверждающим языковой уровень по международной шкале CEFR.",20200131T030000,search-kw002-s06q003-q022-20260916-r100-0-19.json,POS11_20,COLLISION,HOMEPAGE,UNKNOWN,OTHER,TRUE,"The title identifies a language academy named “Талисман”, a different business entity. The root URL identifies a homepage.",HIGH
S06Q004,аум,INFORMATIONAL_LED,1,https://ru.wikipedia.org/wiki/%D0%9E%D0%BC_(%D0%BC%D0%B0%D0%BD%D1%82%D1%80%D0%B0),ru.wikipedia.org,ru.wikipedia.org,Ом (мантра) — Википедия,"Мантра «Ом» используется в различных йогических практиках (пранаяма, наданусадхана, двадашанта[16], дхарана[5]). Собственно практика произношения мантры условно разбивается на три временных отрезка, каждый из трех составляющих слог Аум звуков последовательно создается в определённой части тела.",20100301T005007,search-kw002-s06q003-q022-20260916-r100-0-19.json,TOP3,TARGET,ENCYCLOPEDIA,REFERENCE,ENCYCLOPEDIA,FALSE,The title/snippet directly addresses Aum/Om as a mantra or sacred symbol. ru.wikipedia.org identifies an encyclopedia/reference entry.,HIGH
S06Q004,аум,INFORMATIONAL_LED,2,https://ru.ruwiki.ru/wiki/%D0%9E%D0%BC_(%D0%BC%D0%B0%D0%BD%D1%82%D1%80%D0%B0),ru.ruwiki.ru,ru.ruwiki.ru,Ом (мантра) — Рувики: Интернет-энциклопедия,"Владыка Аум/Ом вознесёт вас наверх, в свою Обитель». В Тарасара-упанишаде группы «вайшнава» из буквы «а» явился Брахма по имени Джамбаван, из буквы «у» явился Упендра по имени Хари, из буквы «м» явился Шива, известный как Хануман.",20230702T035647,search-kw002-s06q003-q022-20260916-r100-0-19.json,TOP3,TARGET,ENCYCLOPEDIA,REFERENCE,ENCYCLOPEDIA,FALSE,The title/snippet directly addresses Aum/Om as a mantra or sacred symbol. ru.ruwiki.ru identifies an encyclopedia/reference entry.,HIGH
S06Q004,аум,INFORMATIONAL_LED,3,https://m.pravenc.ru/text/%D0%BE%D0%BC.html,m.pravenc.ru,m.pravenc.ru,ОМ • Православная Энциклопедия под редакцией Патриарха...,"[санскр. аум; в графике деванагари обозначается лигатурой ; также омкара, удгита, пранава мантра, мула мантра], священный звук или совокупность звуков, выступающие как концепция, инструмент, символ; важнейшая мантра в инд. религиях (индуизм, буддизм, джайнизм, сикхизм).",20181212T063619,search-kw002-s06q003-q022-20260916-r100-0-19.json,TOP3,TARGET,ENCYCLOPEDIA,REFERENCE,ENCYCLOPEDIA,FALSE,The title/snippet directly addresses Aum/Om as a mantra or sacred symbol. m.pravenc.ru identifies an encyclopedia/reference entry.,HIGH
S06Q004,аум,INFORMATIONAL_LED,4,https://mantra.study/articles/bidzha-mantry/mantra-om/,mantra.study,mantra.study,Сакральный смысл мантры Ом. Основные источники.,"Мантра «Ом» (или «Аум») — это по своей сути звук Вселенной, фундаментальный вибрационный код, который в ведической традиции считается первоосновой мироздания.",20260509T200647,search-kw002-s06q003-q022-20260916-r100-0-19.json,TOP10,TARGET,ARTICLE,OTHER,INFORMATION_SITE,FALSE,The title/snippet directly addresses Aum/Om as a mantra or sacred symbol. The title/snippet and article-like URL identify informational content.,HIGH
S06Q004,аум,INFORMATIONAL_LED,5,https://rishikesh.info/yoga-wiki/mantra/om-mantra/,rishikesh.info,rishikesh.info,"Мантра ОМ (АУМ): значение, история и как произносить","На санскрите это записывается как АУМ (три звука: a-u-m). По правилам санскрита сочетание «а+у» сливается в долгий звук «о», поэтому звучит как протяжное «О-У-М-м-м», переходящее в носовой призвук. Запись «ОМ» отражает звучание, «АУМ» — структуру. Точное произношение и интонирование традиционно ставят с учителем.",20260708T195047,search-kw002-s06q003-q022-20260916-r100-0-19.json,TOP10,TARGET,ARTICLE,GUIDE,INFORMATION_SITE,FALSE,The title/snippet directly addresses Aum/Om as a mantra or sacred symbol. The title/snippet and article-like URL identify informational content.,HIGH
S06Q004,аум,INFORMATIONAL_LED,6,https://roerich-lib.ru/zhivaya-etika/aum,roerich-lib.ru,roerich-lib.ru,Аум,"Аум, или в звучании Ом, было таким синтезом звуковых устремлений. Молитва, умное делание являются превосходными достижениями, оздоровляющими состояние духа. … Аум – Благодать, и помощь готова каждому, готовому отплыть от берега плоти. Нужно ценить даже малейшее приобщение к мысли пространственной.",20210710T150403,search-kw002-s06q003-q022-20260916-r100-0-19.json,TOP10,TARGET,ARTICLE,OTHER,INFORMATION_SITE,FALSE,The title/snippet directly addresses Aum/Om as a mantra or sacred symbol. The title/snippet and article-like URL identify informational content.,HIGH
S06Q004,аум,INFORMATIONAL_LED,7,https://www.oum.ru/yoga/mantry/velikaya-mantra-polnostyu-ochishchayushchaya-chakry/,oum.ru,www.oum.ru,"Великая мантра, полностью очищающая чакры","Великая мантра «АУМ», полностью очищающая чакры. Занимаясь практикой йоги, нужно в первую очередь обратить внимание на великую мантру «ОМ», или «АУМ», прародительницу всех мантр. Она стоит в основе многих мантр, таких как «Гаятри-мантра», «Ом Мани Падме Хум» и др. «ОМ» — это не просто слог, биджа.",20180407T205441,search-kw002-s06q003-q022-20260916-r100-0-19.json,TOP10,TARGET,ARTICLE,GUIDE,INFORMATION_SITE,FALSE,The title/snippet directly addresses Aum/Om as a mantra or sacred symbol. The title/snippet and article-like URL identify informational content.,HIGH
S06Q004,аум,INFORMATIONAL_LED,8,https://nathas.org/dictionary/aum/,nathas.org,nathas.org,АУМ | Nathas tradition,"АУМ ॐ, auṃ (oṃ). Первичный звук; высшая мантра; пранава. ОМ, или АУМ — это первое проявление безличного Брахмана в форме звука (Шабда-Брахман), символ Абсолюта.",20120624T000544,search-kw002-s06q003-q022-20260916-r100-0-19.json,TOP10,TARGET,DICTIONARY,DEFINITION,ENCYCLOPEDIA,FALSE,The title/snippet directly addresses Aum/Om as a mantra or sacred symbol. nathas.org and the title/URL identify a dictionary entry.,HIGH
S06Q004,аум,INFORMATIONAL_LED,9,https://ramayoga.ru/blog/philosophy/simvol-om-aum---oboznacheniye-i-obyasneniye-proiskhozhdeniya/,ramayoga.ru,ramayoga.ru,Символ Ом (Аум) - обозначение... - статья от компании RamaYoga,"Ом (Аум, Сохам) - сакральный и священный звук, изначальная мантра, давшая своей вибрацией начало всей Вселенной. … Звук Аум состоит из трех частей ""А"" - Создание, ""У"" - Поддержание"", ""М"" - Разрушение. Также существует теория о расшифровке символа как трех уровнях существования - Рае, Земле и Подземном царстве.",20121117T003954,search-kw002-s06q003-q022-20260916-r100-0-19.json,TOP10,TARGET,ARTICLE,GUIDE,INDEPENDENT_SHOP,FALSE,The title/snippet directly addresses Aum/Om as a mantra or sacred symbol. The title/snippet and article-like URL identify informational content.,HIGH
S06Q004,аум,INFORMATIONAL_LED,10,https://ashaindia.ru/aum-om/,ashaindia.ru,ashaindia.ru,"Аум (ОМ): как используют, как выглядит знак, толкование","Различные толкования знака «Ом». Знак «Ом» иначе называют «Сохам» или «Аум», его можно рассматривать как графический символ для написания или комбинацию нескольких звуков для пения. В Индии наука гласит, что мир был сформирован из первого сакрального звука, созданного Богом.",20211101T112142,search-kw002-s06q003-q022-20260916-r100-0-19.json,TOP10,TARGET,ARTICLE,GUIDE,INDEPENDENT_SHOP,FALSE,The title/snippet directly addresses Aum/Om as a mantra or sacred symbol. The title/snippet and article-like URL identify informational content.,HIGH
S06Q004,аум,INFORMATIONAL_LED,11,https://my.mail.ru/music/search/%D0%9C%D0%B0%D0%BD%D1%82%D1%80%D0%B0%20%D0%90%D1%83%D0%BC,my.mail.ru,my.mail.ru,Мантра Аум слушать онлайн. Музыка Mail.Ru,,20200504T092010,search-kw002-s06q003-q022-20260916-r100-0-19.json,POS11_20,ADJACENT,OTHER,OTHER,SOCIAL_VIDEO,FALSE,The title identifies a Mail.ru music search for the Aum mantra; it is related audio consumption rather than explanatory or product evidence. The supplied evidence identifies a non-page-specific audio or other content surface.,MEDIUM
S06Q004,аум,INFORMATIONAL_LED,12,https://www.oum.ru/yoga/mantry/mantra_OM/,oum.ru,www.oum.ru,"Мантра ОМ. Всё о мантре ОМ, практика мантры ОМ","Ришами [достигается] этот [мир], яджусами - воздушное пространство, саманами - тот [мир], что возвещают мудрецы. Благодаря опоре - этому звуку Аум, знающий достигает того [мира], что наделен спокойствием, лишен старости, смерти, страха, наивысший"".",20130922T201057,search-kw002-s06q003-q022-20260916-r100-0-19.json,POS11_20,TARGET,ARTICLE,OTHER,INFORMATION_SITE,FALSE,The title/snippet directly addresses Aum/Om as a mantra or sacred symbol. The title/snippet and article-like URL identify informational content.,HIGH
S06Q004,аум,INFORMATIONAL_LED,13,https://ru.wikihow.com/%D0%BC%D0%B5%D0%B4%D0%B8%D1%82%D0%B8%D1%80%D0%BE%D0%B2%D0%B0%D1%82%D1%8C-%D1%81%D0%BE-%D0%B7%D0%B2%D1%83%D0%BA%D0%BE%D0%BC-%C2%AB%D0%BE%D0%BC%C2%BB,ru.wikihow.com,ru.wikihow.com,Как медитировать со звуком «ом» (с иллюстрациями),"Глаза, уши и другие органы чувств не должны быть напряжены. Не пейте алкоголь как минимум за 8-10 часов до начала медитации. Если у вас нет опыта, произнесение «Аум» может вызвать головокружение. Лучше всего делать все медленно, осваивая каждое действие по порядку. Это поможет подготовить ум и тело для дальнейших действий.",20100520T180741,search-kw002-s06q003-q022-20260916-r100-0-19.json,POS11_20,TARGET,ARTICLE,GUIDE,INFORMATION_SITE,FALSE,The title/snippet directly addresses Aum/Om as a mantra or sacred symbol. The title/snippet and article-like URL identify informational content.,HIGH
S06Q004,аум,INFORMATIONAL_LED,14,https://www.oum.ru/yoga/mantry/chto-oznachaet-simvol-om/,oum.ru,www.oum.ru,Символ ОМ (АУМ) - значение и происхождение,"Ом или Аум —паниндуистский символ, олицетворяющий Высшую Реальность, или Высшее Существо. Буква гурмукхи, используемая для написания Onkār, также эквивалентна написанию Ом в деванагари и в других индийских письменностях.",20121027T202303,search-kw002-s06q003-q022-20260916-r100-0-19.json,POS11_20,TARGET,ARTICLE,GUIDE,INFORMATION_SITE,FALSE,The title/snippet directly addresses Aum/Om as a mantra or sacred symbol. The title/snippet and article-like URL identify informational content.,HIGH
S06Q004,аум,INFORMATIONAL_LED,15,https://ru.teopedia.org/hpb/%D0%90%D1%83%D0%BC,ru.teopedia.org,ru.teopedia.org,Аум — Блаватская Е.П. - Теопедия,"АУМ содержит вызывание ведической триады, Тримурти – Брахма, Вишну, Шива, – говорят востоковеды;[5] он содержит вызывание чего-то более реального и объективного, чем эта триединая абстракция, – говорим мы, почтительно возражая выдающимся ученым.",20120517T093108,search-kw002-s06q003-q022-20260916-r100-0-19.json,POS11_20,TARGET,ENCYCLOPEDIA,REFERENCE,ENCYCLOPEDIA,FALSE,The title/snippet directly addresses Aum/Om as a mantra or sacred symbol. ru.teopedia.org identifies an encyclopedia/reference entry.,HIGH
S06Q004,аум,INFORMATIONAL_LED,16,https://vk.ru/wall-47710451_341724,vk.ru,vk.ru,"Таинственный символ “Аум”, который узнала вся планета.","Значение знака «Ом» или «Аум» рассматривается в разных учениях с некоторыми отличиями, но в этих подходах, безусловно, есть много общего. 1. Буква «А» понимается как начало чего-то, рождение (адиматва). Буква «У» – развитие, движение, трансформация (уткарша). Буква «М» олицетворяет разрушение, распад (мити).",20220407T223040,search-kw002-s06q003-q022-20260916-r100-0-19.json,POS11_20,TARGET,SOCIAL,OTHER,SOCIAL_VIDEO,FALSE,The title/snippet directly addresses Aum/Om as a mantra or sacred symbol. vk.ru identifies a social-content page.,HIGH
S06Q004,аум,INFORMATIONAL_LED,17,https://meditation.study/meditation/vidy-meditatsii/kak-meditirovat-so-zvukom-om/,meditation.study,meditation.study,Медитация ом: как медитировать со звуком «Ом»,"Мантру «Ом» можно пропевать с помощью 4 звуков «А-О-У-М», где «А» и «О» примерно 70% от всей мантры, «У» и «М» примерно 30%. Чем длиннее мантра, тем она эффективнее, петь мантру желательно на одном дыхании. Существуют и другие варианты медитации на звук «Ом»: протяжное «Аааооууммм», растягивание трёх звуков «АУМ».",20220609T080808,search-kw002-s06q003-q022-20260916-r100-0-19.json,POS11_20,TARGET,ARTICLE,GUIDE,INFORMATION_SITE,FALSE,The title/snippet directly addresses Aum/Om as a mantra or sacred symbol. The title/snippet and article-like URL identify informational content.,HIGH
S06Q004,аум,INFORMATIONAL_LED,18,https://dic.academic.ru/dic.nsf/relig/1281,dic.academic.ru,dic.academic.ru,Аум | это... Что такое Аум?,,20100112T065401,search-kw002-s06q003-q022-20260916-r100-0-19.json,POS11_20,TARGET,DICTIONARY,DEFINITION,ENCYCLOPEDIA,FALSE,The title/snippet directly addresses Aum/Om as a mantra or sacred symbol. dic.academic.ru and the title/URL identify a dictionary entry.,HIGH
S06Q004,аум,INFORMATIONAL_LED,19,https://proza.ru/2024/11/03/1369,proza.ru,proza.ru,АУМ - Божественный ключ к Освобождению души... / Проза.ру,"АУМ – ПРАНАВА, ИЛИ ОМКАРА Веды в форме Самхит (сборников – прим. пер.) являют собой введение в предмет, рассматриваемый в Веданте или Упанишадах. Упанишады - это тайные учения, содержащие мудрость за пределами сферы земли и раскрывающие провозглашения великих мудрецов прошлого о природе Реальности.",20241103T171338,search-kw002-s06q003-q022-20260916-r100-0-19.json,POS11_20,TARGET,ARTICLE,OTHER,INFORMATION_SITE,FALSE,The title/snippet directly addresses Aum/Om as a mantra or sacred symbol. The title/snippet and article-like URL identify informational content.,HIGH
S06Q004,аум,INFORMATIONAL_LED,20,https://mantri-online.com/mantry/samye-moschnye-mantry/mantra-om,mantri-online.com,mantri-online.com,Мантра ОМ слушать онлайн - mantri-online.com,,20200201T165009,search-kw002-s06q003-q022-20260916-r100-0-19.json,POS11_20,ADJACENT,OTHER,OTHER,OTHER,FALSE,The title identifies an online-listening page for the Om mantra; it is related audio consumption rather than explanatory or product evidence. The supplied evidence identifies a non-page-specific audio or other content surface.,MEDIUM
S06Q005,буддийский символ,INFORMATIONAL_LED,1,https://ru.wikipedia.org/wiki/%D0%91%D1%83%D0%B4%D0%B4%D0%B8%D0%B9%D1%81%D0%BA%D0%B8%D0%B9_%D1%81%D0%B8%D0%BC%D0%B2%D0%BE%D0%BB%D0%B8%D0%B7%D0%BC,ru.wikipedia.org,ru.wikipedia.org,Буддийский символизм — Википедия,"Буддийский символизм — это метод буддийского искусства для передачи некоторых аспектов дхармы, возникший в IV веке до н.э. Антропоморфный символизм появился примерно в I в. н.э. в искусстве Матхуры и греко-буддийском искусстве Гандхары в результате объединения с существовавшими ранее символами.",20200216T142419,search-kw002-s06q003-q022-20260916-r100-0-19.json,TOP3,TARGET,ENCYCLOPEDIA,REFERENCE,ENCYCLOPEDIA,FALSE,The title/snippet directly addresses Buddhist symbols and their meanings. ru.wikipedia.org identifies an encyclopedia/reference entry.,HIGH
S06Q005,буддийский символ,INFORMATIONAL_LED,2,https://happywitch.ru/blog/simvoly-buddizma/,happywitch.ru,happywitch.ru,Символы буддизма: основные знаки и их значение - Блог...,"Лотос (падме). Главный символ буддизма в Индии. Олицетворяет полное очищение тела, речи, сознания. Белый цвет – символ чистоты в буддизме, стебель – буддийские практики, возвышающие разум над земной жизнью. Конечно же, среди знаков аштамангалы обязательно присутствует лотос.",20190626T035000,search-kw002-s06q003-q022-20260916-r100-0-19.json,TOP3,TARGET,ARTICLE,REFERENCE,INDEPENDENT_SHOP,FALSE,The title/snippet directly addresses Buddhist symbols and their meanings. The title/snippet and article-like URL identify informational content.,HIGH
S06Q005,буддийский символ,INFORMATIONAL_LED,3,https://ru.ruwiki.ru/wiki/%D0%91%D1%83%D0%B4%D0%B4%D0%B8%D0%B9%D1%81%D0%BA%D0%B8%D0%B9_%D1%81%D0%B8%D0%BC%D0%B2%D0%BE%D0%BB%D0%B8%D0%B7%D0%BC,ru.ruwiki.ru,ru.ruwiki.ru,Буддийский символизм — Рувики: Интернет-энциклопедия,"Буддийский символизм — это метод буддийского искусства для передачи некоторых аспектов дхармы, возникший в IV веке до н.э. Антропоморфный символизм появился примерно в I в. н.э. в искусстве Матхуры и греко-буддийском искусстве Гандхары в результате объединения с существовавшими ранее символами.",20230702T085910,search-kw002-s06q003-q022-20260916-r100-0-19.json,TOP3,TARGET,ENCYCLOPEDIA,REFERENCE,ENCYCLOPEDIA,FALSE,The title/snippet directly addresses Buddhist symbols and their meanings. ru.ruwiki.ru identifies an encyclopedia/reference entry.,HIGH
S06Q005,буддийский символ,INFORMATIONAL_LED,4,http://lib.eioskuimvd.ru/jirbis2/_docs_file/%D0%AD%D0%BB.%20%D0%B1%D0%B8%D0%B1%D0%BB.%20%D0%B4%D0%BB%D1%8F%20%D1%83%D1%87%D0%B5%D0%B1%D1%8B/%D0%AD%D0%BB%D0%B5%D0%BA%D1%82%D1%80%D0%BE%D0%BD%D0%BD%D0%B0%D1%8F%20%D0%B1%D0%B8%D0%B1%D0%BB%D0%B8%D0%BE%D1%82%D0%B5%D0%BA%D0%B0%20%D0%9A%D0%AE%D0%98/%D0%A0%D0%B5%D0%BB%D0%B8%D0%B3%D0%B8%D0%BE%D0%B2%D0%B5%D0%B4%D0%BB%D0%B5%D0%BD%D0%B8%D0%B5/2013%20%D0%95%D0%BD%D0%B8%D0%B5%D0%B5%D0%B2%D0%B0%20%D0%91%D1%83%D0%B4%D0%B4%D0%B8%D0%B7%D0%BC/11%20%D0%A1%D0%B8%D0%BC%D0%B2%D0%BE%D0%BB%D1%8B.pdf,lib.eioskuimvd.ru,lib.eioskuimvd.ru,Восемь Благоприятных Символов,"Символы в буддизме. Дхармачакра или колесо закона. Центр колеса — ступица, символизирует светящуюся точку сознания, излучающую душевный свет. В ее проекции легко угадывается символ инь-ян — единство женского и мужского начала, восемь спиц — символизируют суть буддийского учения...",20250527T010852,search-kw002-s06q003-q022-20260916-r100-0-19.json,TOP10,TARGET,OTHER,LIST,OTHER,FALSE,The title/snippet directly addresses Buddhist symbols and their meanings. The supplied evidence identifies a non-page-specific audio or other content surface.,HIGH
S06Q005,буддийский символ,INFORMATIONAL_LED,5,https://ru.ruwiki.ru/wiki/%D0%90%D1%88%D1%82%D0%B0%D0%BC%D0%B0%D0%BD%D0%B3%D0%B0%D0%BB%D0%B0,ru.ruwiki.ru,ru.ruwiki.ru,Аштамангала — Рувики: Интернет-энциклопедия,"Символ представляет победу Будды над четырьмя марами, или препятствиями на пути просветления. Эти препятствия - гордость, желание, беспокоящие эмоции и страх смерти. В тибетской традиции есть список из одиннадцати различных форм знамени победы, символизирующих одиннадцать конкретных методов преодоления осквернения.",20230703T212804,search-kw002-s06q003-q022-20260916-r100-0-19.json,TOP10,TARGET,ENCYCLOPEDIA,REFERENCE,ENCYCLOPEDIA,FALSE,The title/snippet directly addresses Buddhist symbols and their meanings. ru.ruwiki.ru identifies an encyclopedia/reference entry.,HIGH
S06Q005,буддийский символ,INFORMATIONAL_LED,6,https://www.litres.ru/get_pdf_trial/8892643.pdf,litres.ru,www.litres.ru,Тибетские буддийские символы. Справочник/ Роберт Бир; пер....,"его как символ верховенства учений Будды. Здесь раковина символизирует бесстрашие Будды в провозглашении истины Дхармы и его призыв к про-буждению и работе на благо других. Один из тридцати двух главных зна-ков тела Будды — это его глубокий и звучный голос, подобный звучанию раковины и оглашающий все десять направлений пространства.",20211012T160647,search-kw002-s06q003-q022-20260916-r100-0-19.json,TOP10,TARGET,PRODUCT,UNKNOWN,OTHER,FALSE,The title/snippet directly addresses Buddhist symbols and their meanings. The domain/title and item-specific URL identify a product or book page.,HIGH
S06Q005,буддийский символ,INFORMATIONAL_LED,7,https://ru.pinterest.com/ideas/%D0%B1%D1%83%D0%B4%D0%B4%D0%B8%D1%81%D1%82%D1%81%D0%BA%D0%B8%D0%B5-%D1%81%D0%B8%D0%BC%D0%B2%D0%BE%D0%BB%D1%8B/955927171779/,ru.pinterest.com,ru.pinterest.com,Буддистские Символы,"Ознакомьтесь с наилучшими идеями на тему «Буддистские символы» от Pinterest. Обретайте вдохновение и экспериментируйте. Будда эскиз | Тату буддизм, Буддийские татуировки, Невероятные татуировки.",20221103T035458,search-kw002-s06q003-q022-20260916-r100-0-19.json,TOP10,ADJACENT,SOCIAL,OTHER,SOCIAL_VIDEO,FALSE,"The Pinterest result provides visual ideas for Buddhist symbols, related but not a direct explanatory or product result. ru.pinterest.com identifies a social-content page.",MEDIUM
S06Q005,буддийский символ,INFORMATIONAL_LED,8,https://www.oum.ru/literature/buddizm/vosem-blagorodnykh-simvolov-buddizma-ashtamangala/,oum.ru,www.oum.ru,Восемь благородных символов Буддизма. АШТАМАНГАЛА.,,20151103T184336,search-kw002-s06q003-q022-20260916-r100-0-19.json,TOP10,TARGET,ARTICLE,LIST,INFORMATION_SITE,FALSE,The title/snippet directly addresses Buddhist symbols and their meanings. The title/snippet and article-like URL identify informational content.,HIGH
S06Q005,буддийский символ,INFORMATIONAL_LED,9,https://ivolgdatsan.ru/about/souvenir-shop/514/,ivolgdatsan.ru,ivolgdatsan.ru,Пять сильнейших символов буддизма - Иволгинский дацан...,"Пять сильнейших символов буддизма вместе - это защита, уничтожающая любую негативную энергию. Сверху находятся скрещенные ваджры - в таком положении они называются нацагдорж или нацагдоржо (вишваваджра - санскрит), т. е. «вселенский алмаз».",20250522T075801,search-kw002-s06q003-q022-20260916-r100-0-19.json,TOP10,TARGET,ARTICLE,LIST,INFORMATION_SITE,FALSE,The title/snippet directly addresses Buddhist symbols and their meanings. The title/snippet and article-like URL identify informational content.,HIGH
S06Q005,буддийский символ,INFORMATIONAL_LED,10,https://ru.pinterest.com/ideas/buddhism-symbols/953588605594/,ru.pinterest.com,ru.pinterest.com,Ищите и сохраняйте идеи на тему «buddhism symbols» в Pinterest.,"Символы Буддизма. Тибетский Буддизм. … Буддийский Символ. Thailand national symbols illustration | Buddhist symbols collection, Buddhist symbols and their importance, Buddhism religion.",20180719T120735,search-kw002-s06q003-q022-20260916-r100-0-19.json,TOP10,ADJACENT,SOCIAL,LIST,SOCIAL_VIDEO,FALSE,"The Pinterest result provides visual ideas for Buddhist symbols, related but not a direct explanatory or product result. ru.pinterest.com identifies a social-content page.",MEDIUM
S06Q005,буддийский символ,INFORMATIONAL_LED,11,https://ru.freepik.com/free-photos-vectors/%D0%B1%D1%83%D0%B4%D0%B4%D0%B8%D0%B9%D1%81%D0%BA%D0%B8%D0%B5-%D1%81%D0%B8%D0%BC%D0%B2%D0%BE%D0%BB%D1%8B,ru.freepik.com,ru.freepik.com,ru.freepik.com/free-photos-vectors/буддийские-символы,буддийские символы буддийские символы.,20230324T213409,search-kw002-s06q003-q022-20260916-r100-0-19.json,POS11_20,ADJACENT,LANDING,UNKNOWN,OTHER,FALSE,"The Freepik result is an asset-search surface for Buddhist-symbol graphics, related but not a direct explanatory result. The domain/title and search or service URL identify a landing page.",MEDIUM
S06Q005,буддийский символ,INFORMATIONAL_LED,12,https://mos.gallery/blog/ashtamangala-8-blagopriyatnykh-simvolov/,mos.gallery,mos.gallery,Аштамангала - 8 благоприятных символов,"Изначально восемь благоприятных символов составляли древнеиндийское собрание даров, которые подносились царю во время коронации, в буддийскую символику они были включены в концепции «даров, которые поднесли ведические боги Будде Шакьямуни в честь его Просветления».",20230619T235333,search-kw002-s06q003-q022-20260916-r100-0-19.json,POS11_20,TARGET,ARTICLE,LIST,INFORMATION_SITE,FALSE,The title/snippet directly addresses Buddhist symbols and their meanings. The title/snippet and article-like URL identify informational content.,HIGH
S06Q005,буддийский символ,INFORMATIONAL_LED,13,https://www.greattibettour.com/ru/tibetan-culture/8-auspicious-symbols-of-tibetan-buddhism.html,greattibettour.com,www.greattibettour.com,Понимание 8 Благоприятных Символов Тибетского Буддизма,"Вы также посетите некоторые из его выдающихся монастырей и религиозных святынь. Если вы попробуете пройти внутрь этих известных буддийских святынь, то заметите различные художественные изображения. Самые известные из этих эстетических символов – восемь благоприятных символов буддизма.",20190317T075626,search-kw002-s06q003-q022-20260916-r100-0-19.json,POS11_20,TARGET,ARTICLE,LIST,INFORMATION_SITE,FALSE,The title/snippet directly addresses Buddhist symbols and their meanings. The title/snippet and article-like URL identify informational content.,HIGH
S06Q005,буддийский символ,INFORMATIONAL_LED,14,https://www.ancient-symbols.com/russian/buddhist-symbols.html,ancient-symbols.com,www.ancient-symbols.com,"Буддистские символы – Лотос, Зонт и другие","Существует восемь благоприятных символов буддизма, которые, по мнению большинства, Будда получил в дар от бога после того, как достиг просветления. Буддистские символы. Купол или зонт. The parasol or umbrella.",20120811T184759,search-kw002-s06q003-q022-20260916-r100-0-19.json,POS11_20,TARGET,ARTICLE,LIST,INFORMATION_SITE,FALSE,The title/snippet directly addresses Buddhist symbols and their meanings. The title/snippet and article-like URL identify informational content.,HIGH
S06Q005,буддийский символ,INFORMATIONAL_LED,15,https://khurul.ru/news/8-blagih-buddiyskih-simvola,khurul.ru,khurul.ru,8 благих буддийских символа — Золотая обитель,"Сегодня в своем материале хотим вам рассказать о 8 благих буддийских символах… Вы знаете о них, об их значениях и интерпретациях? Давайте рассмотрим каждый из них. Считается, что их преподнесли Будде Шакьямуни после обретения им Просветления. Их называют еще символами удачи. Итак, начнем: ✅Колесо Дхармы.",20240812T084913,search-kw002-s06q003-q022-20260916-r100-0-19.json,POS11_20,TARGET,ARTICLE,NEWS,INFORMATION_SITE,FALSE,The title/snippet directly addresses Buddhist symbols and their meanings. The title/snippet and article-like URL identify informational content.,HIGH
S06Q005,буддийский символ,INFORMATIONAL_LED,16,https://www.wildberries.ru/catalog/dom-i-dacha/tags/buddiiskie-simvoly,wildberries.ru,www.wildberries.ru,Буддийские символы - Купить в интернет магазине WildBerries.ru,"Буддийские символы - Большой выбор в интернет-магазине WildBerries.ru. Бесплатная доставка и постоянные скидки! … Золотая Черепаха / Статуэтка ""Будда Кшитигарбха"" бронза (3.2*2 см.)",20250321T214410,search-kw002-s06q003-q022-20260916-r100-0-19.json,POS11_20,TARGET,MARKETPLACE_CATEGORY,UNKNOWN,WILDBERRIES,FALSE,The title/snippet directly addresses Buddhist symbols and their meanings. wildberries.ru and the listing/category URL identify a marketplace category or search-results page.,HIGH
S06Q005,буддийский символ,INFORMATIONAL_LED,17,https://tr-page.yandex.ru/translate?lang=en-ru&url=https%3A%2F%2Freligion.fandom.com%2Fwiki%2FBuddhist_symbolism,tr-page.yandex.ru,tr-page.yandex.ru,Буддийская символика | Религия Wiki | Фэндом,"[1] Антропоморфная символика появилась примерно в 1 веке нашей эры вместе с искусством Матхуры и греко-буддийским искусством Гандхары и была объединена с предыдущими символами. Позже были введены различные символические новшества, особенно в тибетском буддизме .",20211123T165744,search-kw002-s06q003-q022-20260916-r100-0-19.json,POS11_20,TARGET,ENCYCLOPEDIA,REFERENCE,ENCYCLOPEDIA,FALSE,The title/snippet directly addresses Buddhist symbols and their meanings. tr-page.yandex.ru identifies an encyclopedia/reference entry.,HIGH
S06Q005,буддийский символ,INFORMATIONAL_LED,18,https://nsportal.ru/shkola/kraevedenie/library/2022/08/22/simvoly-buddizma-osnovnye-znaki-i-ih-znachenie,nsportal.ru,nsportal.ru,"""символы буддизма: основные знаки и их значение""",,20220822T030630,search-kw002-s06q003-q022-20260916-r100-0-19.json,POS11_20,TARGET,ARTICLE,REFERENCE,INFORMATION_SITE,FALSE,The title/snippet directly addresses Buddhist symbols and their meanings. The title/snippet and article-like URL identify informational content.,HIGH
S06Q005,буддийский символ,INFORMATIONAL_LED,19,https://naked-science.ru/article/history/religioznye-simvoly,naked-science.ru,naked-science.ru,Религиозные символы | Naked Science,"Символ веры Бахаи — девятиконечная звезда / ©Flickr. Буддизм. Дхармачакра, или «колесо драхмы», а также «колесо закона», является символом учения Будды и изображается в виде колеса с пятью, шестью или восемью спицами. … Иногда по бокам колеса изображаются две газели, которые являются символом буддистской проповеди.",20160524T191740,search-kw002-s06q003-q022-20260916-r100-0-19.json,POS11_20,TARGET,ARTICLE,LIST,INFORMATION_SITE,FALSE,The title/snippet directly addresses Buddhist symbols and their meanings. The title/snippet and article-like URL identify informational content.,HIGH
S06Q005,буддийский символ,INFORMATIONAL_LED,20,https://emojidb.org/buddhist-emojis,emojidb.org,emojidb.org,Buddhist Emojis | ૐ ︎;˚ ˚ | Copy & Paste,,20200202T184713,search-kw002-s06q003-q022-20260916-r100-0-19.json,POS11_20,ADJACENT,LANDING,UNKNOWN,OTHER,FALSE,The emoji-copy page is related to Buddhist symbol graphics but does not directly explain or sell the target objects. The domain/title and search or service URL identify a landing page.,MEDIUM
S06Q006,ваджра,COLLISION_OR_MISMATCH,1,https://www.youtube.com/channel/UCuf2fJtPnlZBuQrY0jwhlFA,youtube.com,www.youtube.com,АЛЬТЕРНАТИВА - YouTube,"Мол, Ваджра, ты ничего не понимаешь! Такая себе чисто украинская смесь глупости, злости и инфантильности. Вам опять кто-то чего-то должен? Ваджра, «который не понимает наши жизненные трудности», должен решить ваши проблемы? Я правильно понимаю?",20170820T070420,search-kw002-s06q003-q022-20260916-r100-0-19.json,TOP3,COLLISION,VIDEO,OTHER,SOCIAL_VIDEO,TRUE,"The title/snippet identifies Andrey Vajra or media about that person, a different named entity from the ritual symbol. youtube.com and the video/channel URL identify video content.",HIGH
S06Q006,ваджра,COLLISION_OR_MISMATCH,2,https://ru.wikipedia.org/wiki/%D0%92%D0%B0%D0%B4%D0%B6%D1%80%D0%B0,ru.wikipedia.org,ru.wikipedia.org,Ваджра — Википедия,"Ваджра (санскр. वज्र, по-тибетски: дорчже) — ритуальное и мифологическое оружие в индуизме, тибетском буддизме и джайнизме. … Ваджра — ритуальное и мифологическое оружие в индуизме, тибетском буддизме и джайнизме. Было создано божественным ремесленником Тваштаром из костей мудреца Дадхичи для Индры.",20061117T053102,search-kw002-s06q003-q022-20260916-r100-0-19.json,TOP3,TARGET,ENCYCLOPEDIA,REFERENCE,ENCYCLOPEDIA,FALSE,The title/snippet directly addresses vajra as the Buddhist/Hindu ritual symbol. ru.wikipedia.org identifies an encyclopedia/reference entry.,HIGH
S06Q006,ваджра,COLLISION_OR_MISMATCH,3,https://t.me/s/andreyVajra,t.me,t.me,АНДРЕЙ ВАДЖРА – Telegram,,20210127T162730,search-kw002-s06q003-q022-20260916-r100-0-19.json,TOP3,COLLISION,SOCIAL,OTHER,SOCIAL_VIDEO,TRUE,"The title/snippet identifies Andrey Vajra or media about that person, a different named entity from the ritual symbol. t.me identifies a social-content page.",HIGH
S06Q006,ваджра,COLLISION_OR_MISMATCH,4,https://rutube.ru/channel/1574544/,rutube.ru,rutube.ru,"Смотреть ""Альтернатива"" на RUTUBE: 342 подборки видео...",,20170920T143000,search-kw002-s06q003-q022-20260916-r100-0-19.json,TOP10,COLLISION,VIDEO,OTHER,SOCIAL_VIDEO,TRUE,"The title identifies a RUTUBE channel named “Альтернатива”, not evidence about the ritual vajra. rutube.ru and the video/channel URL identify video content.",MEDIUM
S06Q006,ваджра,COLLISION_OR_MISMATCH,5,https://vk.ru/club212029691,vk.ru,vk.ru,Андрей Ваджра 2026 | ВКонтакте,АНОНС: Андрей Ваджра. Почему украинцы предали Украину (№ 142). … Андрей Ваджра запись закреплена. вчера в 12:42. Уже привыкли к земле! Киевское метро обживается полным ходом! Андрей Ваджра — Оригинальный звук.,20220323T023743,search-kw002-s06q003-q022-20260916-r100-0-19.json,TOP10,COLLISION,SOCIAL,OTHER,SOCIAL_VIDEO,TRUE,"The title/snippet identifies Andrey Vajra or media about that person, a different named entity from the ritual symbol. vk.ru identifies a social-content page.",HIGH
S06Q006,ваджра,COLLISION_OR_MISMATCH,6,https://www.livelib.ru/author/196570-andrej-vadzhra,livelib.ru,www.livelib.ru,"Андрей Ваджра — биография, книги, отзывы, цитаты","Пренебрежительно отзывается о журналистах. Как ""Ваджра"", он известен крайне узкому кругу людей. Неоднозначная и противоречивая личность. Некоторые из его знакомых характеризуют Ваджру как ""человека тысячи масок"". На вопрос относительно своей национальности, усмехается и отвечает: ""Я последний русич Руси"".",20160110T004327,search-kw002-s06q003-q022-20260916-r100-0-19.json,TOP10,COLLISION,ARTICLE,BIOGRAPHY,INFORMATION_SITE,TRUE,"The title/snippet identifies Andrey Vajra or media about that person, a different named entity from the ritual symbol. The title/snippet and article-like URL identify informational content.",HIGH
S06Q006,ваджра,COLLISION_OR_MISMATCH,7,https://traditio.wiki/%D0%90%D0%BD%D0%B4%D1%80%D0%B5%D0%B9_%D0%92%D0%B0%D0%B4%D0%B6%D1%80%D0%B0,traditio.wiki,traditio.wiki,Андрей Ваджра — Традиция,"Как «Ваджра», он известен крайне узкому кругу людей. Неоднозначная и противоречивая личность. Некоторые из его знакомых характеризуют Ваджру как «человека тысячи масок». На вопрос относительно своей национальности, усмехается и отвечает: «Я последний русич Руси».",20150806T103127,search-kw002-s06q003-q022-20260916-r100-0-19.json,TOP10,COLLISION,ENCYCLOPEDIA,REFERENCE,ENCYCLOPEDIA,TRUE,"The title/snippet identifies Andrey Vajra or media about that person, a different named entity from the ritual symbol. traditio.wiki identifies an encyclopedia/reference entry.",HIGH
S06Q006,ваджра,COLLISION_OR_MISMATCH,8,https://svpressa.ru/persons/andrey-vadzhra/,svpressa.ru,svpressa.ru,Андрей Ваджра биография. Биография Андрей Ваджра.,Ранние годы и образование Андрея Ваджра. Андрей Ваджра (Денис Владимирович Шевчук) родился 29 января 1971 года на Волыни. Родители работали в военной сфере. Отец был офицером армейского спецназа и погиб в Афганистане уже после вывода советских войск.,20231025T104302,search-kw002-s06q003-q022-20260916-r100-0-19.json,TOP10,COLLISION,ARTICLE,BIOGRAPHY,INFORMATION_SITE,TRUE,"The title/snippet identifies Andrey Vajra or media about that person, a different named entity from the ritual symbol. The title/snippet and article-like URL identify informational content.",HIGH
S06Q006,ваджра,COLLISION_OR_MISMATCH,9,https://wikireality.ru/wiki/%D0%90%D0%BD%D0%B4%D1%80%D0%B5%D0%B9_%D0%92%D0%B0%D0%B4%D0%B6%D1%80%D0%B0,wikireality.ru,wikireality.ru,Андрей Ваджра — Викиреальность,Весной 2015 года Андрей Ваджра был вынужден покинуть Украину и стать политическим эмигрантом. На данный момент он находится в Санкт-Петербурге. В июне 2015 года в качестве эксперта вошел в группу по Украине при Российском институте стратегических исследований (РИСИ)[12].,20140507T074055,search-kw002-s06q003-q022-20260916-r100-0-19.json,TOP10,COLLISION,ENCYCLOPEDIA,REFERENCE,ENCYCLOPEDIA,TRUE,"The title/snippet identifies Andrey Vajra or media about that person, a different named entity from the ritual symbol. wikireality.ru identifies an encyclopedia/reference entry.",HIGH
S06Q006,ваджра,COLLISION_OR_MISMATCH,10,https://rutube.ru/video/038c1941e4cdfaf0268a4953be0e8c38/,rutube.ru,rutube.ru,Андрей Ваджра: работа в Совете безопасности Украины...,"Экс-сотрудник Совета национальной безопасности и обороны Украины Андрей Ваджра откровенно про работу в разведке, расцвет украинства после краха СССР, цинизм в высших эшелонах власти, заявление Леонида Кучмы о том, что Россия и Украина больше не братья, жадность Виктора Януковича, гонорары протестующих на Майдане, американских...",20240425T180304,search-kw002-s06q003-q022-20260916-r100-0-19.json,TOP10,COLLISION,VIDEO,OTHER,SOCIAL_VIDEO,TRUE,"The title/snippet identifies Andrey Vajra or media about that person, a different named entity from the ritual symbol. rutube.ru and the video/channel URL identify video content.",HIGH
S06Q006,ваджра,COLLISION_OR_MISMATCH,11,https://biographe.ru/znamenitosti/andrej-vadzhra/,biographe.ru,biographe.ru,Андрей Ваджра - биография и личная жизнь,"Андрей Ваджра (настоящее имя Денис Владимирович Шевчук) — украинский блогер, политолог, писатель и публицист. Ранние годы и образование. Андрей Ваджра родился в 1971 году на территории Волыни, в семье военнослужащих.",20250412T214951,search-kw002-s06q003-q022-20260916-r100-0-19.json,POS11_20,COLLISION,ARTICLE,BIOGRAPHY,INFORMATION_SITE,TRUE,"The title/snippet identifies Andrey Vajra or media about that person, a different named entity from the ritual symbol. The title/snippet and article-like URL identify informational content.",HIGH
S06Q006,ваджра,COLLISION_OR_MISMATCH,12,https://rutube.ru/channel/1574544/videos/,rutube.ru,rutube.ru,"""Альтернатива"" - смотреть онлайн все видео на RUTUBE. (1574544)","Андрей Ваджра. О мистике и вечности. 11,1 тыс.просмотров. 4 месяца назад. Скотт Риттер и Андрей Ваджра. Трамп — марионетка закулисных манипуляторов (20.04.2026.) 12,8 тыс.просмотров. 4 месяца назад. Андрей Ваджра. Почему рухнул Советский Союз. Часть третья 24.04.2026. (№ 148).",20210402T144810,search-kw002-s06q003-q022-20260916-r100-0-19.json,POS11_20,COLLISION,VIDEO,OTHER,SOCIAL_VIDEO,TRUE,"The title/snippet identifies Andrey Vajra or media about that person, a different named entity from the ritual symbol. rutube.ru and the video/channel URL identify video content.",HIGH
S06Q006,ваджра,COLLISION_OR_MISMATCH,13,https://bsmith.ru/articles/vajra,bsmith.ru,bsmith.ru,"Статья о Ваджра: история, конструкция и использование","Ваджра описывается как оружие Индры, главного среди богов. Индра описывается как владелец ваджры, убивающий грешников и невежественных людей. Ригведа утверждает, что это оружие было создано для Индры Тваштаром, создателем божественных инструментов.",20200220T101922,search-kw002-s06q003-q022-20260916-r100-0-19.json,POS11_20,TARGET,ARTICLE,GUIDE,INDEPENDENT_SHOP,FALSE,The title/snippet directly addresses vajra as the Buddhist/Hindu ritual symbol. The title/snippet and article-like URL identify informational content.,HIGH
S06Q006,ваджра,COLLISION_OR_MISMATCH,14,https://www.oum.ru/literature/raznoe/vadzhra-oruzhie-bogov/,oum.ru,www.oum.ru,"Ваджра — оружие богов. Значение символа ваджры, что означает...","Что же означает такой символ, как «Ваджра»? «Ваджра» — символ борьбы с внутренними врагами: привязанностью, ненавистью и неведением. Буддийская Ваджра символизирует решимость и твёрдость на пути постижения истины и преодоления омрачений и уловок Мары. Ваджра: значение символа — ‘мужское начало’.",20181101T005446,search-kw002-s06q003-q022-20260916-r100-0-19.json,POS11_20,TARGET,ARTICLE,GUIDE,INFORMATION_SITE,FALSE,The title/snippet directly addresses vajra as the Buddhist/Hindu ritual symbol. The title/snippet and article-like URL identify informational content.,HIGH
S06Q006,ваджра,COLLISION_OR_MISMATCH,15,https://rutube.ru/video/02d2edcffe20832de04526caf554f297/,rutube.ru,rutube.ru,Андрей Ваджра. О перспективах общества Спектакля,"Поддержать «Альтернативу» Вы можете, переведя любую сумму: Карта «Сбера» (₽): 2202 2063 9649 1578 ЮMoney (₽):... Смотрите видео онлайн «Андрей Ваджра. О перспективах общества Спектакля» на канале «""Альтернатива""» в хорошем качестве и бесплатно, опубликованное 18 июня 2026 года в 23:20, длительностью 00:39:56, на видеохостинге RUTUBE.",20260619T000320,search-kw002-s06q003-q022-20260916-r100-0-19.json,POS11_20,COLLISION,VIDEO,OTHER,SOCIAL_VIDEO,TRUE,"The title/snippet identifies Andrey Vajra or media about that person, a different named entity from the ritual symbol. rutube.ru and the video/channel URL identify video content.",HIGH
S06Q006,ваджра,COLLISION_OR_MISMATCH,16,https://24smi.org/celebrity/135446-andrei-vadzhra.html,24smi.org,24smi.org,"Андрей Ваджра — биография, личная жизнь, фото, новости, книги...","Биография. Андрей Ваджра — блогер, политолог, писатель, публицист, гражданин Украины, вынужденный жить на российской земле. В резкой и циничной форме он высказывается о Майдане, Беларуси, Армении и США.",20201014T174641,search-kw002-s06q003-q022-20260916-r100-0-19.json,POS11_20,COLLISION,ARTICLE,BIOGRAPHY,INFORMATION_SITE,TRUE,"The title/snippet identifies Andrey Vajra or media about that person, a different named entity from the ritual symbol. The title/snippet and article-like URL identify informational content.",HIGH
S06Q006,ваджра,COLLISION_OR_MISMATCH,17,https://rutube.ru/video/0045a1c71720994d4f6f7fb7cbdf32f4/,rutube.ru,rutube.ru,Андрей Ваджра. Без покаяния никто не спасется! - смотреть видео...,"Поддержать «Альтернативу» Вы можете, переведя любую сумму: Карта «Сбера» (₽): 2202 2063 9649 1578 ЮMoney (₽):... Смотрите видео онлайн «Андрей Ваджра. Без покаяния никто не спасется!» на канале «""Альтернатива""» в хорошем качестве и бесплатно, опубликованное 28 августа 2026 года в 12:11, длительностью 00:40:18, на видеохостинге RUTUBE.",20260828T122651,search-kw002-s06q003-q022-20260916-r100-0-19.json,POS11_20,COLLISION,VIDEO,OTHER,SOCIAL_VIDEO,TRUE,"The title/snippet identifies Andrey Vajra or media about that person, a different named entity from the ritual symbol. rutube.ru and the video/channel URL identify video content.",HIGH
S06Q006,ваджра,COLLISION_OR_MISMATCH,18,https://rutube.ru/video/afadb32f23107bd48feb22fb67adc476/,rutube.ru,rutube.ru,"Андрей Ваджра. Что будет, когда начнем? 19.08.2026.","Андрей Ваджра. Что будет, когда начнем?",20260819T195911,search-kw002-s06q003-q022-20260916-r100-0-19.json,POS11_20,COLLISION,VIDEO,OTHER,SOCIAL_VIDEO,TRUE,"The title/snippet identifies Andrey Vajra or media about that person, a different named entity from the ritual symbol. rutube.ru and the video/channel URL identify video content.",HIGH
S06Q006,ваджра,COLLISION_OR_MISMATCH,19,https://rutube.ru/video/fa78789d39a6113a8243db08ab3ecbf6/,rutube.ru,rutube.ru,Андрей Ваджра. О террариуме единомышленников,"Поддержать «Альтернативу» Вы можете, переведя любую сумму: Карта «Сбера» (₽): 2202 2063 9649 1578 ЮMoney (₽):... Смотрите видео онлайн «Андрей Ваджра. О террариуме единомышленников» на канале «""Альтернатива""» в хорошем качестве и бесплатно, опубликованное 17 июля 2026 года в 15:24, длительностью 00:40:27...",20260717T154524,search-kw002-s06q003-q022-20260916-r100-0-19.json,POS11_20,COLLISION,VIDEO,OTHER,SOCIAL_VIDEO,TRUE,"The title/snippet identifies Andrey Vajra or media about that person, a different named entity from the ritual symbol. rutube.ru and the video/channel URL identify video content.",HIGH
S06Q006,ваджра,COLLISION_OR_MISMATCH,20,https://www.tibet-sound.com/post/vishvavadzhra,tibet-sound.com,www.tibet-sound.com,Четырехконечная Ваджра - значение символа Ваджры,"Ваджр или ваджра - основной символ тибетского буддизма. Именно от этого слова произошло название всего этого учения — Ваджраяна. Переводится как алмазная, несокрушимая колесница.",20220525T171305,search-kw002-s06q003-q022-20260916-r100-0-19.json,POS11_20,TARGET,ARTICLE,GUIDE,INDEPENDENT_SHOP,FALSE,The title/snippet directly addresses vajra as the Buddhist/Hindu ritual symbol. The title/snippet and article-like URL identify informational content.,HIGH
S06Q007,лотос,COLLISION_OR_MISMATCH,1,https://www.lotos74.ru/,lotos74.ru,www.lotos74.ru,Медицинский центр «ЛОТОС» сеть клиник в Челябинске,,20071115T030000,search-kw002-s06q003-q022-20260916-r100-0-19.json,TOP3,COLLISION,HOMEPAGE,UNKNOWN,OTHER,TRUE,"The title identifies the “ЛОТОС” medical-center network, a different business entity. The root URL identifies a homepage.",HIGH
S06Q007,лотос,COLLISION_OR_MISMATCH,2,https://ru.wikipedia.org/wiki/%D0%9B%D0%BE%D1%82%D0%BE%D1%81,ru.wikipedia.org,ru.wikipedia.org,Лотос — Википедия,"Лотос относится к виду водных многолетних травянистых растений, корневище которых вырастает до высоты 150 сантиметров и в длину распространяется на 3 метра. Стебель округлый, длиной 60-90 сантиметров, голый, сизый, темно-зеленый, покрыт сетью микроскопических волосинок; черешки длинные, возвышаются над водой.",20130731T123020,search-kw002-s06q003-q022-20260916-r100-0-19.json,TOP3,ADJACENT,ENCYCLOPEDIA,REFERENCE,ENCYCLOPEDIA,FALSE,"The result describes the lotus as a biological plant, related to the motif but not its symbolic/product meaning. ru.wikipedia.org identifies an encyclopedia/reference entry.",MEDIUM
S06Q007,лотос,COLLISION_OR_MISMATCH,3,https://znanierussia.ru/articles/%D0%9B%D0%BE%D1%82%D0%BE%D1%81,znanierussia.ru,znanierussia.ru,Лотос — энциклопедия «Знание.Вики»,"В прошлом лотос часто относили к семейству Кувшинковые (Nymphaeaceae). Однако современные генетические исследования показали, что лотос стоит обособленно и является единственным родом в семействе Nelumbonaceae, которое входит в порядок Протеецветные (Proteales).",20251209T191328,search-kw002-s06q003-q022-20260916-r100-0-19.json,TOP3,ADJACENT,ENCYCLOPEDIA,REFERENCE,ENCYCLOPEDIA,FALSE,"The result is a botanical encyclopedia entry, related to the motif but not its symbolic/product meaning. znanierussia.ru identifies an encyclopedia/reference entry.",MEDIUM
S06Q007,лотос,COLLISION_OR_MISMATCH,4,https://www.lotos74.ru/departments/,lotos74.ru,www.lotos74.ru,"Где записаться на прием к врачу в Челябинске, Копейске...","ЛОТОС на ул. Труда, 183А. В нашем медицинском центре открылось новое современное медицинское пространство, где собраны ключевые направления диагностики и лечения, чтобы забота о здоровье была максимально комфортной и комплексной.",20140627T034212,search-kw002-s06q003-q022-20260916-r100-0-19.json,TOP10,COLLISION,LANDING,UNKNOWN,OTHER,TRUE,The title/snippet identify medical-center departments under the “ЛОТОС” brand. The domain/title and search or service URL identify a landing page.,HIGH
S06Q007,лотос,COLLISION_OR_MISMATCH,5,https://www.vpoxod.ru/page/nature/lotos_info,vpoxod.ru,www.vpoxod.ru,"Лотосы: фото, описание, где растут Лотосы в России?","Лотос — травянистое многолетнее растение, которое растет исключительно в воде. Глядя на крупные розовые цветы и широкие листья, которые едва возвышаются над водой, трудно поверить, что высота корневища может превышать полтора метра. Еще на три метра оно может вытягиваться в длину.",20240704T055709,search-kw002-s06q003-q022-20260916-r100-0-19.json,TOP10,ADJACENT,ARTICLE,GUIDE,INFORMATION_SITE,FALSE,"The result describes where lotus plants grow, related to the motif but not its symbolic/product meaning. The title/snippet and article-like URL identify informational content.",MEDIUM
S06Q007,лотос,COLLISION_OR_MISMATCH,6,https://dzen.ru/a/aIHkOOcY3HMK1K4Y,dzen.ru,dzen.ru,Священное растение буддистов: как изучают и сохраняют лотос...,"Священное растение буддистов, лотос орехоносный (Nelumbo nucifera Gaertn.), успешно растёт в дельте Волги — то ли принесённый птицами, то ли высаженный странствующими буддийскими монахами, то ли сохранившийся с древнейших тёплых времён. Изучением и сохранением этого растения, занесённого в Красную книгу России...",20250724T163204,search-kw002-s06q003-q022-20260916-r100-0-19.json,TOP10,ADJACENT,SOCIAL,OTHER,SOCIAL_VIDEO,FALSE,The result discusses the sacred lotus as a protected plant; it is related but not focused on the symbolic/product meaning. dzen.ru identifies a social-content page.,MEDIUM
S06Q007,лотос,COLLISION_OR_MISMATCH,7,https://www.lotos74.ru/specialists/,lotos74.ru,www.lotos74.ru,Врачи ЛОТОС в Челябинске: записаться на прием и консультацию,"Живу на Северке и часто обращаюсь в Лотос по 259 летЧелябин ка. На этом филиале всегда приятная, я бы даже сказала домашняя атмосфера, и создают её администраторы - приятные девушки, но сегодня хочу сказать добрые слова о Козловой Ксении. Она очень компетентный, заботливый, приятный сотрудник: подберёт удобное время...",20130731T040238,search-kw002-s06q003-q022-20260916-r100-0-19.json,TOP10,COLLISION,LANDING,UNKNOWN,OTHER,TRUE,The title/snippet identify doctors at the “ЛОТОС” medical-center network. The domain/title and search or service URL identify a landing page.,HIGH
S06Q007,лотос,COLLISION_OR_MISMATCH,8,https://experience.tripster.ru/journal/articles/cvetenie-lotosov-gde-lyubovatsya-vodnymi-rasteniyami/,experience.tripster.ru,experience.tripster.ru,"Цветение лотосов: когда начинается, сколько длится... — Tripster.ru","Увидеть цветение лотосов мечтают многие, и для этого вовсе не обязательно ехать в тёплые страны. В России посмотреть на лотосовые поля с крупными розовыми цветами можно в нескольких регионах. Рассказываем про самые популярные места для наблюдения за цветением лотосов.",20260325T135026,search-kw002-s06q003-q022-20260916-r100-0-19.json,TOP10,NON_TARGET,ARTICLE,GUIDE,INFORMATION_SITE,FALSE,"The result is a travel guide to viewing lotus blooms, outside the target symbolic/product meaning. The title/snippet and article-like URL identify informational content.",HIGH
S06Q007,лотос,COLLISION_OR_MISMATCH,9,https://ru.pinterest.com/ideas/%D0%BB%D0%BE%D1%82%D0%BE%D1%81-%D1%86%D0%B2%D0%B5%D1%82%D0%BE%D0%BA/894250358113/,ru.pinterest.com,ru.pinterest.com,Ищите и сохраняйте идеи на тему «лотос цветок» в Pinterest.,"Ознакомьтесь с наилучшими идеями на тему «Лотос цветок» от Pinterest. Обретайте вдохновение и экспериментируйте. 8 тыс. польз. искали эту идею. … Букет С Лотосом. Магический розовый лотос в сияющем пруду / Magical Pink Lotus in a Shimmering Pond | Лотосы на воде, Лилия водная, Цветы природа.",20231027T233534,search-kw002-s06q003-q022-20260916-r100-0-19.json,TOP10,ADJACENT,SOCIAL,LIST,SOCIAL_VIDEO,FALSE,"The Pinterest result provides lotus-flower imagery, related but not a direct symbolic/product result. ru.pinterest.com identifies a social-content page.",MEDIUM
S06Q007,лотос,COLLISION_OR_MISMATCH,10,https://travel.yandex.ru/journal/gde-cvetut-lotosy/,travel.yandex.ru,travel.yandex.ru,"Не только Астрахань: 5 регионов России, где цветут лотосы","Каждое лето в Калмыкии проходит фестиваль «Лотос — Каспия цветок», в 2026 году он состоится с 1 по 9 августа. Обычно праздничные мероприятия проходят одновременно в Лагани и в Джалыково, в программу входят турнир по сапсёрфингу, концерт, мастер-классы. Тюльпаны, солёный чай, буддизм и бескрайняя степь: 10 причин приехать в Калмыкию.",20260703T120020,search-kw002-s06q003-q022-20260916-r100-0-19.json,TOP10,NON_TARGET,ARTICLE,GUIDE,INFORMATION_SITE,FALSE,"The result is a travel article about regions where lotuses bloom, outside the target symbolic/product meaning. The title/snippet and article-like URL identify informational content.",HIGH
S06Q007,лотос,COLLISION_OR_MISMATCH,11,https://bigenc.ru/wiki/%D0%9B%D0%BE%D1%82%D0%BE%D1%81,bigenc.ru,bigenc.ru,Лотос — Большая российская энциклопедия (БРЭ),"Лотос жёлтый встречается в юго-восточной части Северной Америки, в Центральной Америке, на Гавайских, Больших и Малых Антильских о-вах. Оба вида широко культивируют в субтропиках и тропиках. Лотосы – пищевые (съедобны все части), лекарственные (успокаивающее, снотворное, общеукрепляющее действие) растения.",20170815T074104,search-kw002-s06q003-q022-20260916-r100-0-19.json,POS11_20,ADJACENT,ENCYCLOPEDIA,REFERENCE,ENCYCLOPEDIA,FALSE,"The result is a botanical encyclopedia entry, related to the motif but not its symbolic/product meaning. bigenc.ru identifies an encyclopedia/reference entry.",MEDIUM
S06Q007,лотос,COLLISION_OR_MISMATCH,12,https://www.lotos74.ru/price/,lotos74.ru,www.lotos74.ru,"Медицинские услуги «ЛОТОС» в Челябинске, цены на платные...",Цены на полный комплекс оказание платных медицинских услуг для взрослых и детей в медцентр «ЛОТОС» в Челябинске и Копейске.,20081116T021153,search-kw002-s06q003-q022-20260916-r100-0-19.json,POS11_20,COLLISION,LANDING,UNKNOWN,OTHER,TRUE,The title/snippet identify medical services and prices at the “ЛОТОС” medical-center network. The domain/title and search or service URL identify a landing page.,HIGH
S06Q007,лотос,COLLISION_OR_MISMATCH,13,https://www.lotos74.ru/price/statsionar/,lotos74.ru,www.lotos74.ru,Стационар медицинского центра «ЛОТОС» в Челябинске,"Многопрофильный хирургический стационар «Лотос» Сегодня медицинский центр «ЛОТОС» имеет один из лучших в регионе многопрофильных хирургических стационаров круглосуточного пребывания пациентов как по оборудованию, так и по наличию высококвалифицированных кадров. Клинику, расположенную по адресу ул. Труда, 187Б...",20151228T153047,search-kw002-s06q003-q022-20260916-r100-0-19.json,POS11_20,COLLISION,LANDING,UNKNOWN,OTHER,TRUE,The title/snippet identify a hospital unit at the “ЛОТОС” medical-center network. The domain/title and search or service URL identify a landing page.,HIGH
S06Q007,лотос,COLLISION_OR_MISMATCH,14,https://ru.wiktionary.org/wiki/%D0%BB%D0%BE%D1%82%D0%BE%D1%81,ru.wiktionary.org,ru.wiktionary.org,лотос — Викисловарь,,20170612T030000,search-kw002-s06q003-q022-20260916-r100-0-19.json,POS11_20,ADJACENT,DICTIONARY,DEFINITION,ENCYCLOPEDIA,FALSE,"The result is a dictionary entry for the botanical term, related but not focused on the symbolic/product meaning. ru.wiktionary.org and the title/URL identify a dictionary entry.",MEDIUM
S06Q007,лотос,COLLISION_OR_MISMATCH,15,https://gorbilet.ru/blog/puteshestvija/kogda-i-gde-tsvetut-lotosy-v-rossii,gorbilet.ru,gorbilet.ru,Когда и где цветут лотосы в России в 2026 году,"Когда цветут лотосы в России. Единственный вид лотоса, который встречается в нашей стране, — орехоносный. Он представлен двумя подвидами: каспийским и лотосом Комарова, который обосновался на Дальнем Востоке. Растение включено в Красную книгу России, поэтому собирать его запрещено: за это грозит от 2500 ₽ до 5000 ₽...",20260625T185734,search-kw002-s06q003-q022-20260916-r100-0-19.json,POS11_20,NON_TARGET,ARTICLE,GUIDE,INFORMATION_SITE,FALSE,"The result is a travel article about lotus flowering locations, outside the target symbolic/product meaning. The title/snippet and article-like URL identify informational content.",HIGH
S06Q007,лотос,COLLISION_OR_MISMATCH,16,https://lightwood.store/blog/entsiklopediya-tsvetov/lotos,lightwood.store,lightwood.store,Лотос: священный символ чистоты и гармонии | Light Wood,"Лотос (Nelumbo nucifera) — один из самых древних и почитаемых цветов в мире. Родом из Индии и Восточной Азии, он является символом духовности, перерождения и чистоты. Лотос растёт в воде, поднимаясь над её поверхностью, и поражает своей красотой: крупные бутоны с нежными лепестками раскрываются на фоне широких зелёных листьев.",20251003T221730,search-kw002-s06q003-q022-20260916-r100-0-19.json,POS11_20,TARGET,ARTICLE,REFERENCE,INDEPENDENT_SHOP,FALSE,The title and snippet explicitly explain lotus as a sacred symbol of purity and harmony. The title/snippet and article-like URL identify informational content.,HIGH
S06Q007,лотос,COLLISION_OR_MISMATCH,17,https://semenagavrish.ru/articles/svyashchennyy-tsvetok-vostoka/,semenagavrish.ru,semenagavrish.ru,Райский цветок – лотос / Виды лотосов / Выращивание...,"Розовый лотос в буддизме имеет большое значение. С ним связаны многие моменты из жизни Будды. Во время его рождения землю засыпал дождь розовых лепестков лотоса, таким же явлением отмечались и другие значимые эпизоды его жизни. Относительно недавно биологи стали выделять два подвида розового лотоса.",20190816T094908,search-kw002-s06q003-q022-20260916-r100-0-19.json,POS11_20,ADJACENT,ARTICLE,REFERENCE,INDEPENDENT_SHOP,FALSE,"The article concerns lotus cultivation and Buddhist associations, related but not focused on the symbolic/product meaning. The title/snippet and article-like URL identify informational content.",MEDIUM
S06Q007,лотос,COLLISION_OR_MISMATCH,18,https://astrakhanzapoved.ru/blog/2024/07/18/%D0%BC%D0%B8%D1%84-%D0%B8%D0%BB%D0%B8-%D0%B1%D1%8B%D0%BB%D1%8C-%D1%80%D0%B0%D0%B7%D0%B2%D0%B5%D0%BD%D1%87%D0%B8%D0%B2%D0%B0%D0%B5%D0%BC-%D1%81%D0%B0%D0%BC%D1%8B%D0%B5-%D0%BD%D0%B5%D0%B2%D0%B5%D1%80/,astrakhanzapoved.ru,astrakhanzapoved.ru,Миф или быль. Развенчиваем самые невероятные заблуждения...,"Лотос каспийский и лотос Комарова генетически идентичны лотосу орехоносному. Миф 3. Цветок лотоса считается символом чистоты, ведь он сохраняет свой чистый, ярко-нежный цвет, появляясь из болотной и илистой воды. У этого мифа корни в ошибочном убеждении, что лотос заболачивает водоёмы. Однако люди путают следствие и причину.",20240718T154757,search-kw002-s06q003-q022-20260916-r100-0-19.json,POS11_20,ADJACENT,ARTICLE,REFERENCE,INFORMATION_SITE,FALSE,"The article discusses lotus biology and the purity myth, related but not focused on the target motif. The title/snippet and article-like URL identify informational content.",MEDIUM
S06Q007,лотос,COLLISION_OR_MISMATCH,19,https://www.lotos74.ru/price/mrt/,lotos74.ru,www.lotos74.ru,"МРТ в Челябинске, цены на МРТ диагностику в МЦ «ЛОТОС»","В медицинском центре «ЛОТОС» МРТ-исследования проводятся на современном высокоточном оборудовании. Здесь установлен томограф Optima GE с силой магнитного поля 1,5 тесла. Оборудование соответствует самым высоким мировым стандартам, обеспечивающим качественную диагностику.",20140117T071512,search-kw002-s06q003-q022-20260916-r100-0-19.json,POS11_20,COLLISION,LANDING,UNKNOWN,OTHER,TRUE,The title/snippet identify MRI services at the “ЛОТОС” medical-center network. The domain/title and search or service URL identify a landing page.,HIGH
S06Q007,лотос,COLLISION_OR_MISMATCH,20,https://travel.yandex.ru/journal/cvetenie-lotosov-v-astrahani/,travel.yandex.ru,travel.yandex.ru,Как и когда увидеть цветение лотосов в Астрахани,"До Астрахани можно добраться на «Лотосе» — этот фирменный поезд связывает наш город с Москвой. Забронировать номер можно в бывшей гостинице «Лотос» — советскую гостиницу сейчас выкупил сетевой «Азимут». Однако многие астраханцы, особенно поколение постарше, до сих пор называют его «Лотосом».",20250718T194902,search-kw002-s06q003-q022-20260916-r100-0-19.json,POS11_20,NON_TARGET,ARTICLE,GUIDE,INFORMATION_SITE,FALSE,"The result is a travel article about viewing lotus blooms, outside the target symbolic/product meaning. The title/snippet and article-like URL identify informational content.",HIGH
S06Q008,мантра,INFORMATIONAL_LED,1,https://ru.wikipedia.org/wiki/%D0%9C%D0%B0%D0%BD%D1%82%D1%80%D0%B0,ru.wikipedia.org,ru.wikipedia.org,Мантра — Википедия,,20070212T070826,search-kw002-s06q003-q022-20260916-r100-0-19.json,TOP3,TARGET,ENCYCLOPEDIA,REFERENCE,ENCYCLOPEDIA,FALSE,The title/snippet directly addresses mantras as chants or a spiritual concept. ru.wikipedia.org identifies an encyclopedia/reference entry.,HIGH
S06Q008,мантра,INFORMATIONAL_LED,2,https://music.yandex.ru/playlists/8128d263-10d9-ae87-df23-a538297eeebf,music.yandex.ru,music.yandex.ru,Плейлист Мантры — слушать онлайн бесплатно на Яндекс Музыке,"А ещё включайте наш плейлист, в котором мы собрали известные мантры, — они помогут успокоиться и расслабиться.Яндекс Музыка обновил плейлист 18 января 2023 г.",20180228T170311,search-kw002-s06q003-q022-20260916-r100-0-19.json,TOP3,TARGET,OTHER,LIST,SOCIAL_VIDEO,FALSE,The title/snippet directly addresses mantras as chants or a spiritual concept. The supplied evidence identifies a non-page-specific audio or other content surface.,HIGH
S06Q008,мантра,INFORMATIONAL_LED,3,https://ru.ruwiki.ru/wiki/%D0%9C%D0%B0%D0%BD%D1%82%D1%80%D0%B0,ru.ruwiki.ru,ru.ruwiki.ru,Мантра — Рувики: Интернет-энциклопедия,"- мантры не являются содержательными предложениями — они не содержат значащих выражений, и они не создают язык, но они с очевидностью следуют грамматическим правилам (синтаксис доминирует над семантикой); - распространение и передача мантр происходит часто без традиции объяснения смысла этих формулировок.",20230630T220916,search-kw002-s06q003-q022-20260916-r100-0-19.json,TOP3,TARGET,ENCYCLOPEDIA,REFERENCE,ENCYCLOPEDIA,FALSE,The title/snippet directly addresses mantras as chants or a spiritual concept. ru.ruwiki.ru identifies an encyclopedia/reference entry.,HIGH
S06Q008,мантра,INFORMATIONAL_LED,4,https://my.mail.ru/music/search/%D0%BC%D0%B0%D0%BD%D1%82%D1%80%D1%8B,my.mail.ru,my.mail.ru,мантры слушать онлайн. Музыка Mail.Ru,"Мантра Очищения Ауры. Мантры. 09:44. … (Правдина, описание в теме ""МАНТРЫ"", пост №7). Айурдехи дхана дехи - динамическое процветание (cut). 07:38.",20150206T203711,search-kw002-s06q003-q022-20260916-r100-0-19.json,TOP10,TARGET,OTHER,REFERENCE,SOCIAL_VIDEO,FALSE,The title/snippet directly addresses mantras as chants or a spiritual concept. The supplied evidence identifies a non-page-specific audio or other content surface.,HIGH
S06Q008,мантра,INFORMATIONAL_LED,5,https://my.mail.ru/music/search/%D0%BC%D0%B0%D0%BD%D1%82%D1%80%D1%8B%20%D1%81%D0%BB%D1%83%D1%88%D0%B0%D1%82%D1%8C%20%D0%BE%D0%BD%D0%BB%D0%B0%D0%B9%D0%BD%20%D0%B1%D0%B5%D1%81%D0%BF%D0%BB%D0%B0%D1%82%D0%BD%D0%BE,my.mail.ru,my.mail.ru,мантры слушать онлайн бесплатно слушать онлайн. Музыка Mail.Ru,"(Правдина, описание в теме ""МАНТРЫ"", пост №7). Айурдехи дхана дехи - динамическое процветание (cut). 07:38. … Мантра нежности и любви. Буддийские Мантры. 07:00.",20170829T095755,search-kw002-s06q003-q022-20260916-r100-0-19.json,TOP10,TARGET,OTHER,REFERENCE,SOCIAL_VIDEO,FALSE,The title/snippet directly addresses mantras as chants or a spiritual concept. The supplied evidence identifies a non-page-specific audio or other content surface.,HIGH
S06Q008,мантра,INFORMATIONAL_LED,6,https://my.mail.ru/music/search/%D0%BA%D1%80%D0%B0%D1%81%D0%B8%D0%B2%D0%B0%D1%8F%20%D0%BC%D0%B0%D0%BD%D1%82%D1%80%D0%B0,my.mail.ru,my.mail.ru,красивая мантра слушать онлайн. Музыка Mail.Ru,красивая мантра слушать онлайн. Все 6 плейлистов 53 трека. … Харе Кришна Маха Мантра. Hare Krishna Maha Mantra (красивые мелодии). Дмитрий Альвар 2014.,20180504T173004,search-kw002-s06q003-q022-20260916-r100-0-19.json,TOP10,TARGET,OTHER,LIST,SOCIAL_VIDEO,FALSE,The title/snippet directly addresses mantras as chants or a spiritual concept. The supplied evidence identifies a non-page-specific audio or other content surface.,HIGH
S06Q008,мантра,INFORMATIONAL_LED,7,https://music.apple.com/ru/playlist/%D0%B2%D1%81%D0%B5%D0%BC%D0%BE%D0%B3%D1%83%D1%89%D0%B8%D0%B5-%D0%BC%D0%B0%D0%BD%D1%82%D1%80%D1%8B/pl.aec5a2dabb4a41aa827367e8e36029a2,music.apple.com,music.apple.com,Всемогущие мантры — плейлист — Apple Music,"В плейлист вошли самые важные записи этого жанра — могущественные мантры индуизма, которым под силу успокоить ум, очистить сознание и обострить восприятие.",20200617T030000,search-kw002-s06q003-q022-20260916-r100-0-19.json,TOP10,TARGET,OTHER,LIST,SOCIAL_VIDEO,FALSE,The title/snippet directly addresses mantras as chants or a spiritual concept. The supplied evidence identifies a non-page-specific audio or other content surface.,HIGH
S06Q008,мантра,INFORMATIONAL_LED,8,https://bigenc.ru/wiki/%D0%9C%D0%B0%D0%BD%D1%82%D1%80%D0%B0,bigenc.ru,bigenc.ru,Мантра — Большая российская энциклопедия (БРЭ),"В ведическую эпоху мантрами назывались гимны Ригведы, имевшие именно такое назначение. Ныне мантры являются обязательным компонентом тантрических методов йоги (садхан). Мантра не является молитвой, поскольку не предполагает обращения рецитирующего к кому-либо.",20220613T024357,search-kw002-s06q003-q022-20260916-r100-0-19.json,TOP10,TARGET,ENCYCLOPEDIA,REFERENCE,ENCYCLOPEDIA,FALSE,The title/snippet directly addresses mantras as chants or a spiritual concept. bigenc.ru identifies an encyclopedia/reference entry.,HIGH
S06Q008,мантра,INFORMATIONAL_LED,9,https://media.halvacard.ru/retrogradnyi-merkurii/chto-takoe-mantra-dlya-chego-nuzhna-i-kak-rabotaet,media.halvacard.ru,media.halvacard.ru,"Что такое мантра, для чего нужна и как работает","Что такое мантра. Мантра — это определенный набор звуков, слогов или слов на санскрите. Своего рода священные тексты, содержание которых не всегда можно четко сформулировать. При этом они имеют глубокий подтекст и несут особый смысл.",20240604T193647,search-kw002-s06q003-q022-20260916-r100-0-19.json,TOP10,TARGET,ARTICLE,GUIDE,INFORMATION_SITE,FALSE,The title/snippet directly addresses mantras as chants or a spiritual concept. The title/snippet and article-like URL identify informational content.,HIGH
S06Q008,мантра,INFORMATIONAL_LED,10,https://my.mail.ru/music/search/%D0%B8%D0%BD%D0%B4%D0%B8%D0%B9%D1%81%D0%BA%D0%B8%D0%B5%20%D0%BC%D0%B0%D0%BD%D1%82%D1%80%D1%8B,my.mail.ru,my.mail.ru,индийские мантры слушать онлайн. Музыка Mail.Ru,индийские мантры слушать онлайн. Все 12 плейлистов 82 трека. … Мантра Гайатри - мантра для всех целей. Индийские мантры. 02:35.,20160701T172455,search-kw002-s06q003-q022-20260916-r100-0-19.json,TOP10,TARGET,OTHER,LIST,SOCIAL_VIDEO,FALSE,The title/snippet directly addresses mantras as chants or a spiritual concept. The supplied evidence identifies a non-page-specific audio or other content surface.,HIGH
S06Q008,мантра,INFORMATIONAL_LED,11,https://proza.ru/2024/06/21/74,proza.ru,proza.ru,Перевод основных мантр с объяснениями (Марина...) / Проза.ру,"Эта мантра сострадательному Будде. Это очень мощная мантра: говорят, что любой пропевший эту мантру миллион раз (на что может уйти целый год) получит в дар ясновидение. Многие распевают эту мантру для вызова благословения сострадательного Будды. Также мантра хорошо очищает. Пропойте ее 108 раз для очищения дома.",20240621T014407,search-kw002-s06q003-q022-20260916-r100-0-19.json,POS11_20,TARGET,ARTICLE,OTHER,INFORMATION_SITE,FALSE,The title/snippet directly addresses mantras as chants or a spiritual concept. The title/snippet and article-like URL identify informational content.,HIGH
S06Q008,мантра,INFORMATIONAL_LED,12,https://my.mail.ru/music/search/%D0%BC%D0%B0%D0%BD%D1%82%D1%80%D0%B0%20%D0%9E%D0%BC,my.mail.ru,my.mail.ru,мантра Ом слушать онлайн. Музыка Mail.Ru,мантра ОМ ШРИ САРАСВАТЬЯ НАМАХ. Неизвестный Исполнитель. 06:58. Ом гам ганапатайе намаха шаранам ганеша. Мантра Ганеше. 14:08.,20161115T132502,search-kw002-s06q003-q022-20260916-r100-0-19.json,POS11_20,TARGET,OTHER,OTHER,SOCIAL_VIDEO,FALSE,The title/snippet directly addresses mantras as chants or a spiritual concept. The supplied evidence identifies a non-page-specific audio or other content surface.,HIGH
S06Q008,мантра,INFORMATIONAL_LED,13,https://azbyka.ru/otechnik/Sergej_Hudiev/v-chem-raznitsa-mezhdu-mantroj-i-molitvoj/,azbyka.ru,azbyka.ru,В чём разница между мантрой и молитвой? - Сергей Львович...,"«Мантра – это особые слова, фразы или звуковые формы, которые повторяются с определенной интонацией и ритмом в различных религиозных и духовных традициях. Считается, что при прослушивании и при произнесении мантры воздействуют на сознание человека, способствуют духовному росту и самопознанию.",20241031T211255,search-kw002-s06q003-q022-20260916-r100-0-19.json,POS11_20,TARGET,ARTICLE,DEFINITION,INFORMATION_SITE,FALSE,The title/snippet directly addresses mantras as chants or a spiritual concept. The title/snippet and article-like URL identify informational content.,HIGH
S06Q008,мантра,INFORMATIONAL_LED,14,https://ramayoga.ru/media/audio/mantry/,ramayoga.ru,ramayoga.ru,Мантры - слушать онлайн на сайте компании RamaYoga,"В этом разделе вы можете насладиться прослушиванием мантр, а также другими расслабляющими мелодиями на сайте компании RamaYoga. … Мантры для здоровья и исцеления.",20201125T185413,search-kw002-s06q003-q022-20260916-r100-0-19.json,POS11_20,TARGET,OTHER,OTHER,INDEPENDENT_SHOP,FALSE,The title/snippet directly addresses mantras as chants or a spiritual concept. The supplied evidence identifies a non-page-specific audio or other content surface.,HIGH
S06Q008,мантра,INFORMATIONAL_LED,15,https://my.mail.ru/music/search/%D0%9C%D0%B0%D0%BD%D1%82%D1%80%D0%B0%20%D0%97%D0%B4%D0%BE%D1%80%D0%BE%D0%B2%D1%8C%D1%8F,my.mail.ru,my.mail.ru,Мантра Здоровья слушать онлайн. Музыка Mail.Ru,"Мантра любви, счастья, красоты, здоровья. Буддийские Мантры. 07:57. … Любимая мантра Далай Ламы, посвящена богине Таре. Очищает ауру, улучшает здоровье, помогает исполнить заветные желания, обрести любовь, избавиться от страхов и сомнений, устраняет препятствия. Мантра Зеленой Тары.",20170909T030307,search-kw002-s06q003-q022-20260916-r100-0-19.json,POS11_20,TARGET,OTHER,OTHER,SOCIAL_VIDEO,FALSE,The title/snippet directly addresses mantras as chants or a spiritual concept. The supplied evidence identifies a non-page-specific audio or other content surface.,HIGH
S06Q008,мантра,INFORMATIONAL_LED,16,https://ru.wiktionary.org/wiki/%D0%BC%D0%B0%D0%BD%D1%82%D1%80%D0%B0,ru.wiktionary.org,ru.wiktionary.org,мантра — Викисловарь,,20170603T030000,search-kw002-s06q003-q022-20260916-r100-0-19.json,POS11_20,TARGET,DICTIONARY,DEFINITION,ENCYCLOPEDIA,FALSE,The title/snippet directly addresses mantras as chants or a spiritual concept. ru.wiktionary.org and the title/URL identify a dictionary entry.,HIGH
S06Q008,мантра,INFORMATIONAL_LED,17,https://mantri-online.com/,mantri-online.com,mantri-online.com,Мантры (1005 штук) слушать онлайн - mantri-online.com,"Мантры - это священные заклинания, обладающие волшебной силой исцеления и одухотворения. … Мантры открывающие сердце (105). Мантры для победы над страхами (20). Мантры для обретения силы (22). Мантры для процветания бизнеса (18). Мантры для успеха в карьере (27).",20190915T124815,search-kw002-s06q003-q022-20260916-r100-0-19.json,POS11_20,TARGET,OTHER,LIST,OTHER,FALSE,The title/snippet directly addresses mantras as chants or a spiritual concept. The supplied evidence identifies a non-page-specific audio or other content surface.,HIGH
S06Q008,мантра,INFORMATIONAL_LED,18,https://mantri-online.com/mantry,mantri-online.com,mantri-online.com,Все мантры подряд - mantri-online.com,Мантры открывающие сердце (105). Мантры для победы над страхами (20). Мантры для обретения силы (22). Мантры для процветания бизнеса (18). Мантры для успеха в карьере (27). … Мантры для привлечения удачи (164). Мантры для исполнения желаний (163). Мантры для здоровья и исцеления (101). Мантры для ума и успехов в учебе (23).,20191226T030000,search-kw002-s06q003-q022-20260916-r100-0-19.json,POS11_20,TARGET,OTHER,OTHER,OTHER,FALSE,The title/snippet directly addresses mantras as chants or a spiritual concept. The supplied evidence identifies a non-page-specific audio or other content surface.,HIGH
S06Q008,мантра,INFORMATIONAL_LED,19,https://www.oum.ru/audio/mantry/krasivye-mantry/,oum.ru,www.oum.ru,Красивые мантры слушать онлайн бесплатно на OUM.RU,"Красивые мантры слушать онлайн. От того, куда мы направляем наше внимание, зависит вектор нашего развития. … Мантры – древнейший инструмент саморазвития, очистки сознания и трансформации духа. Мантры – это специальные наборы звуков, которые могут настроить наше тело и ум на нужную волну.",20181026T093000,search-kw002-s06q003-q022-20260916-r100-0-19.json,POS11_20,TARGET,OTHER,OTHER,OTHER,FALSE,The title/snippet directly addresses mantras as chants or a spiritual concept. The supplied evidence identifies a non-page-specific audio or other content surface.,HIGH
S06Q008,мантра,INFORMATIONAL_LED,20,https://www.oum.ru/audio/mantry/,oum.ru,www.oum.ru,Мантры слушать онлайн бесплатно на OUM.RU,,20151016T205447,search-kw002-s06q003-q022-20260916-r100-0-19.json,POS11_20,TARGET,OTHER,OTHER,OTHER,FALSE,The title/snippet directly addresses mantras as chants or a spiritual concept. The supplied evidence identifies a non-page-specific audio or other content surface.,HIGH
S06Q009,молот тора,COMMERCIAL_LED,1,https://www.ozon.ru/category/melnir-molot/,ozon.ru,www.ozon.ru,Мьельнир молот купить на OZON по низкой цене,"Мьельнир молот – покупайте на OZON по выгодным ценам! Быстрая и бесплатная доставка, большой ассортимент, бонусы, рассрочка и кэшбэк.",20220722T122036,search-kw002-s06q003-q022-20260916-r100-0-19.json,TOP3,TARGET,MARKETPLACE_CATEGORY,UNKNOWN,OZON,FALSE,The title/snippet directly addresses Mjolnir/Thor’s hammer as a mythological symbol or amulet. ozon.ru and the listing/category URL identify a marketplace category or search-results page.,HIGH
S06Q009,молот тора,COMMERCIAL_LED,2,https://ru.wikipedia.org/wiki/%D0%9C%D1%8C%D1%91%D0%BB%D1%8C%D0%BD%D0%B8%D1%80,ru.wikipedia.org,ru.wikipedia.org,Мьёльнир — Википедия,Амулеты в виде молоточков Тора являются показателем присутствия средневековых скандинавов[3]. Сейчас молот Тора на гербе использует шведская коммуна Турсос[англ.].,20121219T042702,search-kw002-s06q003-q022-20260916-r100-0-19.json,TOP3,TARGET,ENCYCLOPEDIA,REFERENCE,ENCYCLOPEDIA,FALSE,The title/snippet directly addresses Mjolnir/Thor’s hammer as a mythological symbol or amulet. ru.wikipedia.org identifies an encyclopedia/reference entry.,HIGH
S06Q009,молот тора,COMMERCIAL_LED,3,https://www.livemaster.ru/tag/item/5739/molot-tora,livemaster.ru,www.livemaster.ru,Молот Тора - купить в интернет-магазине уникальные товары...,,20140311T091122,search-kw002-s06q003-q022-20260916-r100-0-19.json,TOP3,TARGET,MARKETPLACE_CATEGORY,UNKNOWN,LIVEMASTER,FALSE,The title/snippet directly addresses Mjolnir/Thor’s hammer as a mythological symbol or amulet. livemaster.ru and the listing/category URL identify a marketplace category or search-results page.,HIGH
S06Q009,молот тора,COMMERCIAL_LED,4,https://www.wildberries.ru/catalog/igrushki/tags/molotok-tora,wildberries.ru,www.wildberries.ru,Молоток тора - Купить в интернет магазине WildBerries.ru,"Молот Тора Avengers, 31 см, Sound Light Axe, косплей Hot Toys. … Молот Тора подвеска на шею с цепочкой Мьельнир Marvel STEEL SOLDIER.",20241210T020617,search-kw002-s06q003-q022-20260916-r100-0-19.json,TOP10,ADJACENT,MARKETPLACE_CATEGORY,UNKNOWN,WILDBERRIES,FALSE,"The marketplace category mixes Marvel toys with symbolic pendants, so it is related but not cleanly aligned to the amulet meaning. wildberries.ru and the listing/category URL identify a marketplace category or search-results page.",MEDIUM
S06Q009,молот тора,COMMERCIAL_LED,5,https://ruyan-master.ru/blog/melnir-molot-tora-i-ego-znacheniye-v-mifologii,ruyan-master.ru,ruyan-master.ru,"Молот Тора (Мьельнир): происхождение, значение и история...","Когда говорят про молот Тора и его значение, обычно имеют в виду не только оружие, но и глубокий культурный смысл. … История рассказывает, что Тор использовал свой молот для защиты людей от хаоса и великанов.",20260227T181818,search-kw002-s06q003-q022-20260916-r100-0-19.json,TOP10,TARGET,ARTICLE,GUIDE,INDEPENDENT_SHOP,FALSE,The title/snippet directly addresses Mjolnir/Thor’s hammer as a mythological symbol or amulet. The title/snippet and article-like URL identify informational content.,HIGH
S06Q009,молот тора,COMMERCIAL_LED,6,https://www.avito.ru/all?q=%D0%BC%D0%BE%D0%BB%D0%BE%D1%82+%D1%82%D0%BE%D1%80%D0%B0,avito.ru,www.avito.ru,молот тора - Авито | Объявления во всех регионах: купить вещь...,,20150521T223333,search-kw002-s06q003-q022-20260916-r100-0-19.json,TOP10,UNCERTAIN,MARKETPLACE_CATEGORY,UNKNOWN,AVITO,FALSE,"The Avito search URL matches the query, but the title and empty snippet do not show whether listings are amulets, replicas, or toys. avito.ru and the listing/category URL identify a marketplace category or search-results page.",LOW
S06Q009,молот тора,COMMERCIAL_LED,7,https://runi-zovsevera.ru/articles/bogi-severnogo-panteona/oruzhie-severnyh-bogov-myolnir-molot-tora,runi-zovsevera.ru,runi-zovsevera.ru,Мьельнир - Молот Тора и его значение в скандинавской мифологии,"Амулеты в виде Молота Тора, также появившиесяеще в довикингское время и получившие широкое распространение в первые века І тыс. н.э., символизировали причастность владельца к Нордической Традиции, обеспечивали защиту со стороны Тора и его благословение.",20250321T120421,search-kw002-s06q003-q022-20260916-r100-0-19.json,TOP10,TARGET,ARTICLE,REFERENCE,INFORMATION_SITE,FALSE,The title/snippet directly addresses Mjolnir/Thor’s hammer as a mythological symbol or amulet. The title/snippet and article-like URL identify informational content.,HIGH
S06Q009,молот тора,COMMERCIAL_LED,8,https://www.avito.ru/all/lichnye_veschi?q=%D0%BC%D0%BE%D0%BB%D0%BE%D1%82+%D1%82%D0%BE%D1%80%D0%B0+%D1%81%D0%B5%D1%80%D0%B5%D0%B1%D1%80%D0%BE,avito.ru,www.avito.ru,молот тора серебро - Купить личные вещи недорого во... | Авито,,20171222T153000,search-kw002-s06q003-q022-20260916-r100-0-19.json,TOP10,TARGET,MARKETPLACE_CATEGORY,UNKNOWN,AVITO,FALSE,The title/snippet directly addresses Mjolnir/Thor’s hammer as a mythological symbol or amulet. avito.ru and the listing/category URL identify a marketplace category or search-results page.,HIGH
S06Q009,молот тора,COMMERCIAL_LED,9,https://www.alltime.ru/blog/?page=post&blog=watchblog&post_id=molot-tora-melnir,alltime.ru,www.alltime.ru,"Молот Тора — как выглядит руна-символ, какое значение амулета...","Молот Тора — это уникальное орудие, которое подчинялось только хозяину. … Считалось, что поднимать молот было тяжело даже Тору, но с помощью своей силы он успешно использовал оружие в бою.",20200909T180448,search-kw002-s06q003-q022-20260916-r100-0-19.json,TOP10,TARGET,ARTICLE,GUIDE,INDEPENDENT_SHOP,FALSE,The title/snippet directly addresses Mjolnir/Thor’s hammer as a mythological symbol or amulet. The title/snippet and article-like URL identify informational content.,HIGH
S06Q009,молот тора,COMMERCIAL_LED,10,https://www.avito.ru/all/kollektsionirovanie/drugoe-ASgBAgICAUQckEw?q=%D0%BC%D0%BE%D0%BB%D0%BE%D1%82+%D1%82%D0%BE%D1%80%D0%B0,avito.ru,www.avito.ru,молот тора - Купить предметы коллекционирования во... | Авито,"Молот Тора Марвел, Знамя Октября. … Продам реквизит форт Боярд «молот тора» Большой мобильный аттракцион, при нажатии или ударе по кнопке загорается цветная подсветка и с каждым нажатием бежит вперед, так работает с обеих сторон.",20160602T044811,search-kw002-s06q003-q022-20260916-r100-0-19.json,TOP10,COLLISION,MARKETPLACE_CATEGORY,UNKNOWN,AVITO,TRUE,"The snippet shows Marvel collectibles and an attraction prop, a different entertainment-product meaning. avito.ru and the listing/category URL identify a marketplace category or search-results page.",HIGH
S06Q009,молот тора,COMMERCIAL_LED,11,https://www.avito.ru/all?q=%D0%BC%D1%8C%D1%91%D0%BB%D1%8C%D0%BD%D0%B8%D1%80,avito.ru,www.avito.ru,мьёльнир - Авито | Объявления во всех регионах: купить вещь...,"Молот Тора- Мьёльнир на замшевом гайтане. … Продаю молот Тора,изготовлен:дерево(МДФ),кожа,полиморфус.Размер:высота(вместе с рукоятью)-54см,ширина -17см,длина-32см.Вес-6кг +-.Подойдет для коллекции,подарка.Фанатам Тора.Делаю на заказ по любым параметрам,могу сделать подставки пишите.",20180318T033227,search-kw002-s06q003-q022-20260916-r100-0-19.json,POS11_20,ADJACENT,MARKETPLACE_CATEGORY,UNKNOWN,AVITO,FALSE,"The Avito result mixes a pendant with full-size replicas, related but not cleanly aligned to the amulet meaning. avito.ru and the listing/category URL identify a marketplace category or search-results page.",MEDIUM
S06Q009,молот тора,COMMERCIAL_LED,12,https://market.yandex.ru/search?text=%D0%BC%D0%BE%D0%BB%D0%BE%D1%82%20%D1%82%D0%BE%D1%80%D0%B0,market.yandex.ru,market.yandex.ru,Молот тора — купить по низкой цене на Яндекс Маркете,"Игрушки Молот Тора для детей 1:1, реалистичная копия молота из металла для косплея. … Карнавальный аксессуар оружие Молот Тора Мстители Марвел Thor Avengers Marvel металл 19 см.",20210528T112608,search-kw002-s06q003-q022-20260916-r100-0-19.json,POS11_20,COLLISION,MARKETPLACE_CATEGORY,UNKNOWN,YANDEX_MARKET,TRUE,"The snippet is dominated by children’s toys and Marvel cosplay replicas, a different entertainment-product meaning. market.yandex.ru and the listing/category URL identify a marketplace category or search-results page.",HIGH
S06Q009,молот тора,COMMERCIAL_LED,13,https://dzen.ru/a/ZOqQXixgh3swQtvZ,dzen.ru,dzen.ru,"Что известно про загадочные амулеты-молоты, которых... | Дзен","Могучий молот Тора пригодился при битве с гигантами Етунхейма, которые постоянно пытались посеять беспорядок в мире смертных Мидгарда. … С помощью волшебного прикосновения гномов Тор мог орудовать Мьёльниром так сильно, как ему заблагорассудится, и молот никогда не ломался и всегда выполнял свою задачу.",20230829T004704,search-kw002-s06q003-q022-20260916-r100-0-19.json,POS11_20,TARGET,SOCIAL,OTHER,SOCIAL_VIDEO,FALSE,The title/snippet directly addresses Mjolnir/Thor’s hammer as a mythological symbol or amulet. dzen.ru identifies a social-content page.,HIGH
S06Q009,молот тора,COMMERCIAL_LED,14,https://pifpafgun.ru/catalog/detail/molot-tora-myelnir-1-1/,pifpafgun.ru,pifpafgun.ru,Молот Тора Мьёльнир 1:1 — Детский оружейный магазин ПИФ-ПАФ,"Молот Тора ""Мьёльнир"" из игры God of War изготовлен из полиуретана. Размер молота один к одному в размере 48 см. Очень большой и красивый.",20230217T215623,search-kw002-s06q003-q022-20260916-r100-0-19.json,POS11_20,COLLISION,PRODUCT,UNKNOWN,INDEPENDENT_SHOP,TRUE,"The product is a full-size God of War replica sold as a toy, a different entertainment-product meaning. The domain/title and item-specific URL identify a product or book page.",HIGH
S06Q009,молот тора,COMMERCIAL_LED,15,https://www.avito.ru/all/kollektsionirovanie?q=%D0%BC%D0%BE%D0%BB%D0%BE%D1%82+%D1%82%D0%BE%D1%80%D0%B0,avito.ru,www.avito.ru,молот тора - Купить предметы коллекционирования во... | Авито,"Коллекционный молот Мьёлнир - Тор - вселенная Marvel, Москва. … Молот Тора 1:1 реалистичная копия 45 см, Воронеж.",20180205T030000,search-kw002-s06q003-q022-20260916-r100-0-19.json,POS11_20,COLLISION,MARKETPLACE_CATEGORY,UNKNOWN,AVITO,TRUE,The snippet identifies Marvel collector replicas rather than the mythological amulet meaning. avito.ru and the listing/category URL identify a marketplace category or search-results page.,HIGH
S06Q009,молот тора,COMMERCIAL_LED,16,https://dzen.ru/list/search/molot-tora-nazvanie,dzen.ru,dzen.ru,молот тора название — статьи и видео в Дзене.,"Молот Тора - происхождение Молот Тора, он же Мьельнир, происходит из скандинавской мифологии. Как следует из названия, этот предмет связан с богом Тором - повелителем штормов и молний.",20260117T231517,search-kw002-s06q003-q022-20260916-r100-0-19.json,POS11_20,TARGET,SOCIAL,OTHER,SOCIAL_VIDEO,FALSE,The title/snippet directly addresses Mjolnir/Thor’s hammer as a mythological symbol or amulet. dzen.ru identifies a social-content page.,HIGH
S06Q009,молот тора,COMMERCIAL_LED,17,https://market.yandex.ru/search?text=%D0%BC%D0%BE%D0%BB%D0%BE%D1%82%20%D1%82%D0%BE%D1%80%D0%B0%20%D0%B1%D0%BE%D0%BB%D1%8C%D1%88%D0%BE%D0%B9%20%D0%BA%D1%83%D0%BF%D0%B8%D1%82%D1%8C,market.yandex.ru,market.yandex.ru,Молот тора большой купить — купить по низкой цене на Яндекс...,"Подвеска ""Молот Тора"" на цепочке подвеска ручной работы, Амулет,60cm. … Молот Тора - Мьельнир - в натуральную величину, для косплея, 46 см (God of War).",20210620T032840,search-kw002-s06q003-q022-20260916-r100-0-19.json,POS11_20,ADJACENT,MARKETPLACE_CATEGORY,UNKNOWN,YANDEX_MARKET,FALSE,"The marketplace search mixes a pendant with full-size cosplay replicas, so it is related but not cleanly aligned. market.yandex.ru and the listing/category URL identify a marketplace category or search-results page.",MEDIUM
S06Q009,молот тора,COMMERCIAL_LED,18,https://dzen.ru/a/YGho6WCNXCBzY7Vh,dzen.ru,dzen.ru,Какую пользу приносит амулет Молот Тора. | Изнанка... | Дзен,"_#Молот Тора или #Мьёльнир - один из волшебных артефактов Тора, сына Одина и богини Ёрд, верховного бога в скандинавской мифологии и богини земли. … Молот Тора изображался на орудиях и щитах викингов, оберегая их от воздействия темных сил.",20210403T180300,search-kw002-s06q003-q022-20260916-r100-0-19.json,POS11_20,TARGET,SOCIAL,OTHER,SOCIAL_VIDEO,FALSE,The title/snippet directly addresses Mjolnir/Thor’s hammer as a mythological symbol or amulet. dzen.ru identifies a social-content page.,HIGH
S06Q009,молот тора,COMMERCIAL_LED,19,https://market.yandex.ru/search?text=%D0%BC%D0%BE%D0%BB%D0%BE%D1%82%20%D1%82%D0%BE%D1%80%D0%B0%20%D0%B2%20%D0%BD%D0%B0%D1%82%D1%83%D1%80%D0%B0%D0%BB%D1%8C%D0%BD%D1%83%D1%8E%20%D0%B2%D0%B5%D0%BB%D0%B8%D1%87%D0%B8%D0%BD%D1%83,market.yandex.ru,market.yandex.ru,Молот тора в натуральную величину — купить по низкой цене на...,Молот Тора Фиджит Спиннер Винтажный Сплав Цвет Золотой Премиум Снятие Стресса ЕДС Игрушка для Расслабления Руки. … Карнавальный аксессуар оружие Молот Тора Мстители Марвел Thor Avengers Marvel металл 19 см.,20220729T160234,search-kw002-s06q003-q022-20260916-r100-0-19.json,POS11_20,COLLISION,MARKETPLACE_CATEGORY,UNKNOWN,YANDEX_MARKET,TRUE,"The marketplace result is dominated by full-size toy/cosplay hammer products, a different entertainment-product meaning. market.yandex.ru and the listing/category URL identify a marketplace category or search-results page.",HIGH
S06Q009,молот тора,COMMERCIAL_LED,20,https://old.dommagii.com/shop/product/molot-tora-v-runicheskom-kruge,old.dommagii.com,old.dommagii.com,Купить подвеску с Скандинавским оберегом Молот Тора...,"Молот Тора вдохновляет не только на упорную и беспощадную борьбу, но и благородные поступки, честность и самоотверженность в отстаивании высших идеалов.",20251030T112446,search-kw002-s06q003-q022-20260916-r100-0-19.json,POS11_20,TARGET,PRODUCT,UNKNOWN,INDEPENDENT_SHOP,FALSE,The title/snippet directly addresses Mjolnir/Thor’s hammer as a mythological symbol or amulet. The domain/title and item-specific URL identify a product or book page.,HIGH
S06Q010,мусульманский амулет,COMMERCIAL_LED,1,https://www.ozon.ru/category/obereg-musulmanskiy/,ozon.ru,www.ozon.ru,Оберег мусульманский купить на OZON по низкой цене,"Оберег мусульманский – покупайте на OZON по выгодным ценам! Быстрая и бесплатная доставка, большой ассортимент, бонусы, рассрочка и кэшбэк.",20220707T233816,search-kw002-s06q003-q022-20260916-r100-0-19.json,TOP3,TARGET,MARKETPLACE_CATEGORY,UNKNOWN,OZON,FALSE,"The title/snippet directly addresses Muslim amulets, pendants, or protective objects. ozon.ru and the listing/category URL identify a marketplace category or search-results page.",HIGH
S06Q010,мусульманский амулет,COMMERCIAL_LED,2,https://www.wildberries.ru/catalog/tags/musulbmanskii-obereg-na-sheu,wildberries.ru,www.wildberries.ru,Мусульманский оберег на шею - Купить в интернет магазине...,Мусульманский оберег на шею - Большой выбор в интернет-магазине WildBerries.ru. Бесплатная доставка и постоянные скидки!,20241218T185907,search-kw002-s06q003-q022-20260916-r100-0-19.json,TOP3,TARGET,MARKETPLACE_CATEGORY,UNKNOWN,WILDBERRIES,FALSE,"The title/snippet directly addresses Muslim amulets, pendants, or protective objects. wildberries.ru and the listing/category URL identify a marketplace category or search-results page.",HIGH
S06Q010,мусульманский амулет,COMMERCIAL_LED,3,https://www.ozon.ru/product/musulmanskiy-obereg-dlya-doma-1743008743/,ozon.ru,www.ozon.ru,Мусульманский оберег для дома купить на OZON по низкой цене...,"Мусульманский оберег станет незаменимым амулетом для тех, кто ищет защиты от негативного влияния и привлечения удачи в свой дом.",20241030T002140,search-kw002-s06q003-q022-20260916-r100-0-19.json,TOP3,TARGET,MARKETPLACE_PRODUCT,UNKNOWN,OZON,FALSE,"The title/snippet directly addresses Muslim amulets, pendants, or protective objects. ozon.ru and the product-detail URL identify a marketplace product.",HIGH
S06Q010,мусульманский амулет,COMMERCIAL_LED,4,https://www.ozon.ru/product/musulmanskiy-obereg-amulet-talisman-podveska-musulmanskaya-pechat-allaha-2762914000/,ozon.ru,www.ozon.ru,Мусульманский оберег. Амулет. Талисман.,"Мусульманский оберег, исламский амулет, оберег с аятами из Корана, амулет с именами Аллаха, талисман для мусульман, защитный амулет ислам, дуа от сглаза, мусульманский подарок, оберег в дорогу, стальной оберег, сувенир с исламской символикой, зикр на амулете, Аль-Хафиз Аль-Кауий Аль-Вакил, исламский аксессуар, подарок мусульманину.",20250827T200425,search-kw002-s06q003-q022-20260916-r100-0-19.json,TOP10,TARGET,MARKETPLACE_PRODUCT,UNKNOWN,OZON,FALSE,"The title/snippet directly addresses Muslim amulets, pendants, or protective objects. ozon.ru and the product-detail URL identify a marketplace product.",HIGH
S06Q010,мусульманский амулет,COMMERCIAL_LED,5,https://sokolov.ru/jewelry-catalog/pendants/muslim/,sokolov.ru,sokolov.ru,Мусульманские подвески и кулоны — купить в каталоге...,,20140503T045920,search-kw002-s06q003-q022-20260916-r100-0-19.json,TOP10,TARGET,CATEGORY,UNKNOWN,INDEPENDENT_SHOP,FALSE,"The title/snippet directly addresses Muslim amulets, pendants, or protective objects. The domain/title and catalog-like URL identify an independent-site category.",HIGH
S06Q010,мусульманский амулет,COMMERCIAL_LED,6,https://www.joom.ru/ru/products/663f8bda121a170166b8a279,joom.ru,www.joom.ru,"Арабский Аятул Курси, ожерелье из нержавеющей стали...","Исламская мусульманская подвеска из Корана из нержавеющей стали, ожерелье для мужчин и женщин, амулет четырнадцатой линии, ювелирные изделия.",20201206T134033,search-kw002-s06q003-q022-20260916-r100-0-19.json,TOP10,TARGET,MARKETPLACE_PRODUCT,UNKNOWN,OTHER,FALSE,"The title/snippet directly addresses Muslim amulets, pendants, or protective objects. joom.ru and the product-detail URL identify a marketplace product.",HIGH
S06Q010,мусульманский амулет,COMMERCIAL_LED,7,https://www.585zolotoy.ru/catalog/muslim-podveski/,585zolotoy.ru,www.585zolotoy.ru,Мусульманские подвески — купить в ювелирном...,,20170426T151428,search-kw002-s06q003-q022-20260916-r100-0-19.json,TOP10,TARGET,CATEGORY,UNKNOWN,INDEPENDENT_SHOP,FALSE,"The title/snippet directly addresses Muslim amulets, pendants, or protective objects. The domain/title and catalog-like URL identify an independent-site category.",HIGH
S06Q010,мусульманский амулет,COMMERCIAL_LED,8,https://www.avito.ru/all?q=%D0%BC%D1%83%D1%81%D1%83%D0%BB%D1%8C%D0%BC%D0%B0%D0%BD%D1%81%D0%BA%D0%B8%D0%B9+%D0%BE%D0%B1%D0%B5%D1%80%D0%B5%D0%B3,avito.ru,www.avito.ru,мусульманский оберег - Авито | Объявления во всех... | Авито,"Мусульманский талисман - оберег на стол. … Мусульманские четки -2500р, Дракон Бирюлёво тов. -250р, -проданы!, арабский оберег -300р, Авито доставка почта, пункт авито, СДЭК, Яндекс по согласованию.",20200401T142350,search-kw002-s06q003-q022-20260916-r100-0-19.json,TOP10,TARGET,MARKETPLACE_CATEGORY,UNKNOWN,AVITO,FALSE,"The title/snippet directly addresses Muslim amulets, pendants, or protective objects. avito.ru and the listing/category URL identify a marketplace category or search-results page.",HIGH
S06Q010,мусульманский амулет,COMMERCIAL_LED,9,https://www.wildberries.ru/catalog/278164713/detail.aspx,wildberries.ru,www.wildberries.ru,Мусульманская подвеска из серебра 925 пробы...,"Эта подвеска выполнена в виде амулета, что делает её особенно значимой для верующих мусульман. … Серебряная подвеска мусульманская - это ваш личный оберег от несчастий, который прослужит вам долго, благодаря материалу.",20241116T062717,search-kw002-s06q003-q022-20260916-r100-0-19.json,TOP10,TARGET,MARKETPLACE_PRODUCT,UNKNOWN,WILDBERRIES,FALSE,"The title/snippet directly addresses Muslim amulets, pendants, or protective objects. wildberries.ru and the product-detail URL identify a marketplace product.",HIGH
S06Q010,мусульманский амулет,COMMERCIAL_LED,10,https://almazholding.ru/katalog/podveski/musulmanskie-podveski/,almazholding.ru,almazholding.ru,"Подвески мусульманские, купить мусульманские подвески от...","Многие исламские символы - выдержки из Корана, литерные обозначения божества выступают оберегами или материальным напоминанием о том, что высшие силы всегда рядом. Мусульманские подвески из серебра из золота, представленные в нашем каталоге, имеют самые разнообразные формы и символьное значение.",20140122T213024,search-kw002-s06q003-q022-20260916-r100-0-19.json,TOP10,TARGET,CATEGORY,UNKNOWN,INDEPENDENT_SHOP,FALSE,"The title/snippet directly addresses Muslim amulets, pendants, or protective objects. The domain/title and catalog-like URL identify an independent-site category.",HIGH
S06Q010,мусульманский амулет,COMMERCIAL_LED,11,https://www.wildberries.ru/catalog/11056227/detail.aspx,wildberries.ru,www.wildberries.ru,Подвеска на шею Сура полумесяц мусульманская...,"Эта изысканная мусульманская подвеска из серебра является символом веры, духовной силы и стиля, отражая красоту исламской культуры.",20200715T030000,search-kw002-s06q003-q022-20260916-r100-0-19.json,POS11_20,TARGET,MARKETPLACE_PRODUCT,UNKNOWN,WILDBERRIES,FALSE,"The title/snippet directly addresses Muslim amulets, pendants, or protective objects. wildberries.ru and the product-detail URL identify a marketplace product.",HIGH
S06Q010,мусульманский амулет,COMMERCIAL_LED,12,https://radugakamnya.ru/catalog/suveniry_iz_kamnya_po_tipam/oberegi_talismany_simvoly/musulmanskiy_obereg_99_imen_allakha_300_400_20mm-636648/,radugakamnya.ru,radugakamnya.ru,"Мусульманский оберег ""99 имен Аллаха"" 300*400... - Радуга Камня","Оберег представляет собой изысканное произведение искусства, сочетающее духовную значимость и эстетическое совершенство. • … Оберег ""99 имён Аллаха"" — это не только символ веры, но и прекрасный подарок для близких, сочетающий в себе духовную ценность и искусное исполнение.",20250807T214517,search-kw002-s06q003-q022-20260916-r100-0-19.json,POS11_20,TARGET,PRODUCT,UNKNOWN,INDEPENDENT_SHOP,FALSE,"The title/snippet directly addresses Muslim amulets, pendants, or protective objects. The domain/title and item-specific URL identify a product or book page.",HIGH
S06Q010,мусульманский амулет,COMMERCIAL_LED,13,https://radugakamnya.ru/catalog/suveniry_iz_kamnya_po_tipam/oberegi_talismany_simvoly/musulmanskaya_obereg_na_nefrite_v_avtomobil_110_60mm-630305/,radugakamnya.ru,radugakamnya.ru,Мусульманская оберег на нефрите в автомобиль... - Радуга Камня,"Выберите наш мусульманский оберег на камне нефрит и позвольте ему стать вашим личным талисманом, который будет охранять вас и приносить мир в вашу жизнь! … - Дизайн: Эстетически привлекательный, оберег украшен исламскими узорами и надписями, которые наполняют его магической энергетикой и служат источником вдохновения и защиты.",20250414T141116,search-kw002-s06q003-q022-20260916-r100-0-19.json,POS11_20,TARGET,PRODUCT,UNKNOWN,INDEPENDENT_SHOP,FALSE,"The title/snippet directly addresses Muslim amulets, pendants, or protective objects. The domain/title and item-specific URL identify a product or book page.",HIGH
S06Q010,мусульманский амулет,COMMERCIAL_LED,14,https://amuletika.ru/musulmanskie-tovary/jetini-musulmanskie,amuletika.ru,amuletika.ru,ЖЕТОНЫ МУСУЛЬМАНСКИЕ,Высококачественный мусульманский амулет-жетон из нержавеющей стали. Изображение нанесено методом лазерной гравировки (гравировка о..,20260126T131850,search-kw002-s06q003-q022-20260916-r100-0-19.json,POS11_20,TARGET,ARTICLE,OTHER,INDEPENDENT_SHOP,FALSE,"The title/snippet directly addresses Muslim amulets, pendants, or protective objects. The title/snippet and article-like URL identify informational content.",HIGH
S06Q010,мусульманский амулет,COMMERCIAL_LED,15,https://tet-estet.ru/catalog/panno-obereg-musulmanskij-sura/,tet-estet.ru,tet-estet.ru,"Панно ""Оберег мусульманский ""Сура"" Златоуст, арт. 2800145...","Панно Златоустовских мастеров авторского дизайна украсят офис или квартиру, поскольку самобытные народные ремесла всегда ценились на вес золота. ...",20260527T033537,search-kw002-s06q003-q022-20260916-r100-0-19.json,POS11_20,TARGET,PRODUCT,UNKNOWN,INDEPENDENT_SHOP,FALSE,"The title/snippet directly addresses Muslim amulets, pendants, or protective objects. The domain/title and item-specific URL identify a product or book page.",HIGH
S06Q010,мусульманский амулет,COMMERCIAL_LED,16,https://sokolov.ru/jewelry-catalog/pendants/gold/muslim/,sokolov.ru,sokolov.ru,Золотые мусульманские подвески SOKOLOV – купить...,"Закажите золотые мусульманские подвески в официальном интернет-магазине SOKOLOV! Специальные предложения. Фильтр подбора по вставкам, размеру, цене и другим параметрам. Условия доставки, примерки и оплаты.",20140515T130851,search-kw002-s06q003-q022-20260916-r100-0-19.json,POS11_20,TARGET,CATEGORY,UNKNOWN,INDEPENDENT_SHOP,FALSE,"The title/snippet directly addresses Muslim amulets, pendants, or protective objects. The domain/title and catalog-like URL identify an independent-site category.",HIGH
S06Q010,мусульманский амулет,COMMERCIAL_LED,17,https://radugakamnya.ru/catalog/ikony_s_kamnyami/ikony_iz_obsidiana/ikonki_iz_obsidiana_mini/ikony_iz_obsidiana_vysotoy_6sm_7sm/musulmanskiy_obereg_iz_obsidiana_40_22_70mm-88964/,radugakamnya.ru,radugakamnya.ru,Мусульманский оберег из обсидиана 40*22*70мм - Радуга Камня,"Техника исполнения: камнерезные работы, нанесение нитрида титана с помощью УВН (установка вакуумного напыление). •. Рисунок и цвет камня уникален и может незначительно отличатся от экземпляра, предоставленного на фотографии.",20200813T112130,search-kw002-s06q003-q022-20260916-r100-0-19.json,POS11_20,TARGET,PRODUCT,UNKNOWN,INDEPENDENT_SHOP,FALSE,"The title/snippet directly addresses Muslim amulets, pendants, or protective objects. The domain/title and item-specific URL identify a product or book page.",HIGH
S06Q010,мусульманский амулет,COMMERCIAL_LED,18,https://tet-estet.ru/catalog/musulmanskoe-panno-obereg-ruka-fatimy/,tet-estet.ru,tet-estet.ru,"Мусульманское панно-оберег «Рука Фатимы», арт. 1920335...","Такой талисман будет уместен на новоселье, день рождения или любой другой важный праздник, ведь он несёт в себе тепло и искренние пожелания счастья. … Панно мусульманское ""Ислам"" на коже.",20260619T184038,search-kw002-s06q003-q022-20260916-r100-0-19.json,POS11_20,TARGET,PRODUCT,UNKNOWN,INDEPENDENT_SHOP,FALSE,"The title/snippet directly addresses Muslim amulets, pendants, or protective objects. The domain/title and item-specific URL identify a product or book page.",HIGH
S06Q010,мусульманский амулет,COMMERCIAL_LED,19,https://radugakamnya.ru/catalog/ikony_s_kamnyami/ikony_iz_obsidiana/ikonki_iz_obsidiana_mini/ikony_iz_obsidiana_vysotoy_6sm_7sm/musulmanskiy_obereg_dlya_doma_41_22_60mm-254336/,radugakamnya.ru,radugakamnya.ru,Мусульманский оберег для дома 41*22*60мм - Радуга Камня,"Техника исполнения: камнерезные работы, нанесение нитрида титана с помощью УВН (установка вакуумного напыление). •. Рисунок и цвет камня уникален и может незначительно отличатся от экземпляра, предоставленного на фотографии.",20200815T200607,search-kw002-s06q003-q022-20260916-r100-0-19.json,POS11_20,TARGET,PRODUCT,UNKNOWN,INDEPENDENT_SHOP,FALSE,"The title/snippet directly addresses Muslim amulets, pendants, or protective objects. The domain/title and item-specific URL identify a product or book page.",HIGH
S06Q010,мусульманский амулет,COMMERCIAL_LED,20,https://tet-estet.ru/catalog/panno-obereg-musulmanskij-99-imen-allaha/,tet-estet.ru,tet-estet.ru,"Панно-оберег мусульманский ""99 имен Аллаха"" Златоуст, арт....","Панно Златоустовских мастеров авторского дизайна украсят офис или квартиру, поскольку самобытные народные ремесла всегда ценились на вес золота. ...",20260527T033537,search-kw002-s06q003-q022-20260916-r100-0-19.json,POS11_20,TARGET,PRODUCT,UNKNOWN,INDEPENDENT_SHOP,FALSE,"The title/snippet directly addresses Muslim amulets, pendants, or protective objects. The domain/title and item-specific URL identify a product or book page.",HIGH
S06Q011,ом,INFORMATIONAL_LED,1,https://ru.wikipedia.org/wiki/%D0%9E%D0%BC_(%D0%BC%D0%B0%D0%BD%D1%82%D1%80%D0%B0),ru.wikipedia.org,ru.wikipedia.org,Ом (мантра) — Википедия,"Мантра «Ом» используется в различных йогических практиках (пранаяма, наданусадхана, двадашанта[16], дхарана[5]). Собственно практика произношения мантры условно разбивается на три временных отрезка, каждый из трех составляющих слог Аум звуков последовательно создается в определённой части тела.",20100301T005007,search-kw002-s06q003-q022-20260916-r100-0-19.json,TOP3,TARGET,ENCYCLOPEDIA,REFERENCE,ENCYCLOPEDIA,FALSE,The title/snippet directly addresses Om as a mantra or sacred symbol. ru.wikipedia.org identifies an encyclopedia/reference entry.,HIGH
S06Q011,ом,INFORMATIONAL_LED,2,https://znanierussia.ru/articles/%D0%9E%D0%BC_(%D0%BC%D0%B0%D0%BD%D1%82%D1%80%D0%B0),znanierussia.ru,znanierussia.ru,Ом (мантра) — энциклопедия «Знание.Вики»,"Групповые круги Ом-хилинга проводятся в разных странах с целью коллективного пропевания мантры для оказания поддержки участникам и всему человечеству. В России такие круги, по данным организаторов, действуют более чем в 30 городах[2]. … Мантра «Ом» используется и в буддизме, в частности, в знаменитой мантре «Ом мани падме хум».",20260101T185157,search-kw002-s06q003-q022-20260916-r100-0-19.json,TOP3,TARGET,ENCYCLOPEDIA,REFERENCE,ENCYCLOPEDIA,FALSE,The title/snippet directly addresses Om as a mantra or sacred symbol. znanierussia.ru identifies an encyclopedia/reference entry.,HIGH
S06Q011,ом,INFORMATIONAL_LED,3,https://www.oum.ru/yoga/mantry/chto-oznachaet-simvol-om/,oum.ru,www.oum.ru,Символ ОМ (АУМ) - значение и происхождение,"Знак «Ом» ॐ также известен как Аумкара, Омкара, Пранава. У звука «Ом» есть графическая проекция. В разных культурах и языках она несколько отличается, но до наших дней дошёл и стал популярным всем известный знак «Ом». О нём и поговорим далее.",20121027T202303,search-kw002-s06q003-q022-20260916-r100-0-19.json,TOP3,TARGET,ARTICLE,GUIDE,INFORMATION_SITE,FALSE,The title/snippet directly addresses Om as a mantra or sacred symbol. The title/snippet and article-like URL identify informational content.,HIGH
S06Q011,ом,INFORMATIONAL_LED,4,https://m.pravenc.ru/text/%D0%BE%D0%BC.html,m.pravenc.ru,m.pravenc.ru,ОМ • Православная Энциклопедия под редакцией Патриарха...,"Три важные мантры джайнизма: состоящая из 6 слогов - «Ом намах сиддханам», двусложная - «Ом нхи» и односложная - «Ом». В буддизме ваджраяны, как и в тантризме, О.- начало всех мантр и дхарани, символ целостности, бесконечности и религ. идеала.",20181212T063619,search-kw002-s06q003-q022-20260916-r100-0-19.json,TOP10,TARGET,ENCYCLOPEDIA,REFERENCE,ENCYCLOPEDIA,FALSE,The title/snippet directly addresses Om as a mantra or sacred symbol. m.pravenc.ru identifies an encyclopedia/reference entry.,HIGH
S06Q011,ом,INFORMATIONAL_LED,5,https://amorem.ru/blog/vse/znak-om-aum-sakralnoe-znachenie-simvola/,amorem.ru,amorem.ru,Знак Ом (Аум) - значение и происхождение сакрального символа,"Применении ОМ (АУМ) в йоге. Точка бинду. Инструкция как петь мантру ОМ. Знак ОМ или АУМ — самый известный и самый почитаемый священный символ в индуизме, буддизме и йоге.",20240731T115941,search-kw002-s06q003-q022-20260916-r100-0-19.json,TOP10,TARGET,ARTICLE,GUIDE,INDEPENDENT_SHOP,FALSE,The title/snippet directly addresses Om as a mantra or sacred symbol. The title/snippet and article-like URL identify informational content.,HIGH
S06Q011,ом,INFORMATIONAL_LED,6,https://mantra.study/articles/bidzha-mantry/mantra-om/,mantra.study,mantra.study,Сакральный смысл мантры Ом. Основные источники.,"Мантра «Ом» (или «Аум») — это по своей сути звук Вселенной, фундаментальный вибрационный код, который в ведической традиции считается первоосновой мироздания. В древних индийских учениях верят, что весь наш мир когда-то начался с этой вибрации и она до сих пор звучит в каждом атоме, просто мы её обычно не слышим.",20260509T200647,search-kw002-s06q003-q022-20260916-r100-0-19.json,TOP10,TARGET,ARTICLE,OTHER,INFORMATION_SITE,FALSE,The title/snippet directly addresses Om as a mantra or sacred symbol. The title/snippet and article-like URL identify informational content.,HIGH
S06Q011,ом,INFORMATIONAL_LED,7,https://ramayoga.ru/blog/philosophy/simvol-om-aum---oboznacheniye-i-obyasneniye-proiskhozhdeniya/,ramayoga.ru,ramayoga.ru,Символ Ом (Аум) - обозначение... - статья от компании RamaYoga,"Символизируя бесконечность духа, Ом говорит о присутствии Божественного в человеке и мире, о победе над Хаосом. Звук Аум состоит из трех частей ""А"" - Создание, ""У"" - Поддержание"", ""М"" - Разрушение. Также существует теория о расшифровке символа как трех уровнях существования - Рае, Земле и Подземном царстве.",20121117T003954,search-kw002-s06q003-q022-20260916-r100-0-19.json,TOP10,TARGET,ARTICLE,GUIDE,INDEPENDENT_SHOP,FALSE,The title/snippet directly addresses Om as a mantra or sacred symbol. The title/snippet and article-like URL identify informational content.,HIGH
S06Q011,ом,INFORMATIONAL_LED,8,https://kartaslov.ru/%D0%BA%D0%B0%D1%80%D1%82%D0%B0-%D0%B7%D0%BD%D0%B0%D0%BD%D0%B8%D0%B9/%D0%9E%D0%BC+%28%D0%BC%D0%B0%D0%BD%D1%82%D1%80%D0%B0%29,kartaslov.ru,kartaslov.ru,Ом (мантра) — Карта знаний,"Понятно, что это явный намёк на то, что мантра на санскрите («языке богов») – ключ для доступа к божественным энергиям, ибо Шакти символизирует, как мы уже отмечали, Энергии, или Силы Бога. Так, мантра «Ом намаа Шивайя» (Ом. Славлю имя Господа [Шивы]) посвящена Шиве, создателю и повелителю йоги – системы совершенствования.",20190519T154704,search-kw002-s06q003-q022-20260916-r100-0-19.json,TOP10,TARGET,ENCYCLOPEDIA,REFERENCE,ENCYCLOPEDIA,FALSE,The title/snippet directly addresses Om as a mantra or sacred symbol. kartaslov.ru identifies an encyclopedia/reference entry.,HIGH
S06Q011,ом,INFORMATIONAL_LED,9,https://ashaindia.ru/aum-om/,ashaindia.ru,ashaindia.ru,"Аум (ОМ): как используют, как выглядит знак, толкование","Различные толкования знака «Ом». Знак «Ом» иначе называют «Сохам» или «Аум», его можно рассматривать как графический символ для написания или комбинацию нескольких звуков для пения. В Индии наука гласит, что мир был сформирован из первого сакрального звука, созданного Богом.",20211101T112142,search-kw002-s06q003-q022-20260916-r100-0-19.json,TOP10,TARGET,ARTICLE,GUIDE,INDEPENDENT_SHOP,FALSE,The title/snippet directly addresses Om as a mantra or sacred symbol. The title/snippet and article-like URL identify informational content.,HIGH
S06Q011,ом,INFORMATIONAL_LED,10,https://traditio.wiki/%D0%97%D0%BD%D0%B0%D0%BA_%D0%BE%D0%BC,traditio.wiki,traditio.wiki,Знак ом. Материал из свободной русской энциклопедии «Традиция»,"OM — священный, «вечный слог», потребляемый в индуизме и буддизме во время религиозных церемоний, при чтении молитв, в начале текстов религиозного содержания. … Фактически OM подключает в себя три независимых звука ( буквы ). Каждая из них по отдельности имеет личное значение. Некоторые толкования знака ОМ.",20160801T200815,search-kw002-s06q003-q022-20260916-r100-0-19.json,TOP10,TARGET,ENCYCLOPEDIA,REFERENCE,ENCYCLOPEDIA,FALSE,The title/snippet directly addresses Om as a mantra or sacred symbol. traditio.wiki identifies an encyclopedia/reference entry.,HIGH
S06Q011,ом,INFORMATIONAL_LED,11,https://ganesha-store.ru/articles/simvol-om-znatschenie,ganesha-store.ru,ganesha-store.ru,Символ Ом: значение знака в индийской культуре и сила талисмана,"Символ Ом (или Аум) — один из самых узнаваемых и сакральных знаков в индийской культуре. Он украшает храмы, используется в медитации, наносится на талисманы и украшения. Но что именно означает знак Ом и какую роль он играет в духовной традиции Индии? В этой статье мы разберёмся, что означает символ Ом простыми словами...",20250428T115616,search-kw002-s06q003-q022-20260916-r100-0-19.json,POS11_20,TARGET,ARTICLE,GUIDE,INDEPENDENT_SHOP,FALSE,The title/snippet directly addresses Om as a mantra or sacred symbol. The title/snippet and article-like URL identify informational content.,HIGH
S06Q011,ом,INFORMATIONAL_LED,12,https://www.oum.ru/yoga/mantry/mantra_OM/,oum.ru,www.oum.ru,"Мантра ОМ. Всё о мантре ОМ, практика мантры ОМ","6:30:13 Кто, слог ОМ единый, что есть Брахман, произнося и меня вспоминая, уходит, покидая тело, тот идет высшим путем. 6:31: 17 Я — отец этого мира, и мать, и устроитель, и прародитель, я — познаваемое, очищающее, слог ОМ, гимн, песнопение и жертвенное речение. 6:40:23 ОМ, То, Сущее — почитается тройным обозначением Брахмана.",20130922T201057,search-kw002-s06q003-q022-20260916-r100-0-19.json,POS11_20,TARGET,ARTICLE,GUIDE,INFORMATION_SITE,FALSE,The title/snippet directly addresses Om as a mantra or sacred symbol. The title/snippet and article-like URL identify informational content.,HIGH
S06Q011,ом,INFORMATIONAL_LED,13,https://www.livemaster.ru/topic/3849880-blog-simvol-om-kosmicheskij-zvuk-tvoreniya-obretayuschij-formu,livemaster.ru,www.livemaster.ru,"Символ ОМ: Космический Звук Творения, Обретающий Форму","Символ ОМ (ॐ) – один из самых священных и узнаваемых символов в индуизме, буддизме, джайнизме и сикхизме. Это не просто графическое изображение, а визуальное представление изначального звука, вибрации, из которой, согласно верованиям, возникла Вселенная.",20250414T051903,search-kw002-s06q003-q022-20260916-r100-0-19.json,POS11_20,TARGET,ARTICLE,REFERENCE,LIVEMASTER,FALSE,The title/snippet directly addresses Om as a mantra or sacred symbol. The title/snippet and article-like URL identify informational content.,HIGH
S06Q011,ом,INFORMATIONAL_LED,14,https://rishikesh.info/yoga-wiki/mantra/om-mantra/,rishikesh.info,rishikesh.info,"Мантра ОМ (АУМ): значение, история и как произносить","ОМ — самая известная и самая фундаментальная мантра индийской традиции. Её произносят в начале и в конце практики, ею открываются другие мантры, её изображают на стенах залов и на обложках книг о йоге. … Санскрит и транскрипция. Деванагари: ॐ (священный символ-слог), в слоговой записи — औम्. IAST: oṃ (или развёрнуто aum).",20260708T195047,search-kw002-s06q003-q022-20260916-r100-0-19.json,POS11_20,TARGET,ARTICLE,GUIDE,INFORMATION_SITE,FALSE,The title/snippet directly addresses Om as a mantra or sacred symbol. The title/snippet and article-like URL identify informational content.,HIGH
S06Q011,ом,INFORMATIONAL_LED,15,https://ethnomir.ru/articles/znak-om/,ethnomir.ru,ethnomir.ru,Знак Ом,"Вид и значение знака Ом. Графически Ом изображается как сочетание трёх букв («А», «У» и «М»), над которыми размещён полумесяц с точкой. Символ, напоминающий цифру 3, означает, что реальность человека проявляется через бодрствующее состояние. Полукруг справа – промежуточное состояние.",20190122T115504,search-kw002-s06q003-q022-20260916-r100-0-19.json,POS11_20,TARGET,ARTICLE,GUIDE,INFORMATION_SITE,FALSE,The title/snippet directly addresses Om as a mantra or sacred symbol. The title/snippet and article-like URL identify informational content.,HIGH
S06Q011,ом,INFORMATIONAL_LED,16,https://pranayama.study/pranayama/instrumentariy/mantra-om/,pranayama.study,pranayama.study,"Мантра «Ом» и дыхание: техника произнесения, польза...",Содержание … Зачем нужна мантра «Ом» и как она помогает решить проблемы с концентрацией и стрессом? … История и значение мантры «Ом»,20260807T145438,search-kw002-s06q003-q022-20260916-r100-0-19.json,POS11_20,TARGET,ARTICLE,GUIDE,INFORMATION_SITE,FALSE,The title/snippet directly addresses Om as a mantra or sacred symbol. The title/snippet and article-like URL identify informational content.,HIGH
S06Q011,ом,INFORMATIONAL_LED,17,https://www.youtube.com/watch?v=y-624x26n54,youtube.com,www.youtube.com,"ОМ(АУМ) - объяснение написания и звучания, sanskrt.org - YouTube","Om Mantra Chanting @528hz. Meditative Mind. 2,7 млн 9 л. назад. 14:39. Summarize. Какой эффект от пения мантры ОМ или АУМ. Александр Раевский про йогу и медитацию (Free_yogin).",20151225T130211,search-kw002-s06q003-q022-20260916-r100-0-19.json,POS11_20,TARGET,VIDEO,OTHER,SOCIAL_VIDEO,FALSE,The title/snippet directly addresses Om as a mantra or sacred symbol. youtube.com and the video/channel URL identify video content.,HIGH
S06Q011,ом,INFORMATIONAL_LED,18,https://www.oum.ru/yoga/mantry/mantra-om/,oum.ru,www.oum.ru,Мантра ОМ: значение. Что означает мантра ОМ,"Мантра «ОМ»: значение. Универсальной, изначальной мантрой, из которой возникло всё мироздание, является слог «ом». Часто интерпретируется как символ божественной троицы Брахмы, Вишну и Шивы.",20131204T165837,search-kw002-s06q003-q022-20260916-r100-0-19.json,POS11_20,TARGET,ARTICLE,GUIDE,INFORMATION_SITE,FALSE,The title/snippet directly addresses Om as a mantra or sacred symbol. The title/snippet and article-like URL identify informational content.,HIGH
S06Q011,ом,INFORMATIONAL_LED,19,https://www.tibet-sound.com/post/mantraom,tibet-sound.com,www.tibet-sound.com,Мантра ОМ - сакральное значение символа и использование...,"Текст «Майтрейя-упанишад» сравнивает звучание ОМ с меткой стрелой. Манас (ум человека) укладывает ее на тетиву дыхания, и стрела пронзает тьму авидьи (неведения) и достигает света высшего состояния сознания. Мантра ОМ способна вывести к свету и высшему состоянию сознания, считается в индийской культуре.",20220310T012422,search-kw002-s06q003-q022-20260916-r100-0-19.json,POS11_20,TARGET,ARTICLE,GUIDE,INDEPENDENT_SHOP,FALSE,The title/snippet directly addresses Om as a mantra or sacred symbol. The title/snippet and article-like URL identify informational content.,HIGH
S06Q011,ом,INFORMATIONAL_LED,20,https://www.wildberries.ru/catalog/tags/simvol-om,wildberries.ru,www.wildberries.ru,Символ ом - Купить в интернет магазине WildBerries.ru,"Символ ом - Большой выбор в интернет-магазине WildBerries.ru. Бесплатная доставка и постоянные скидки! … BEREGY / Подвеска на шею ювелирная серебро 925 Мантра Ом. 5 40 оценок. 15 сентября. Чакровый кулон ""ОМ"" с натуральными камнями Nepal-Art.",20250408T031344,search-kw002-s06q003-q022-20260916-r100-0-19.json,POS11_20,TARGET,MARKETPLACE_CATEGORY,UNKNOWN,WILDBERRIES,FALSE,The title/snippet directly addresses Om as a mantra or sacred symbol. wildberries.ru and the listing/category URL identify a marketplace category or search-results page.,HIGH
S06Q012,подкова,COMMERCIAL_LED,1,https://www.avito.ru/all?q=%D0%BF%D0%BE%D0%B4%D0%BA%D0%BE%D0%B2%D0%B0+%D0%B4%D0%BB%D1%8F+%D0%BB%D0%BE%D1%88%D0%B0%D0%B4%D0%B8,avito.ru,www.avito.ru,подкова для лошади - Авито | Объявления во всех... | Авито,"Картина интерьерная с подковой «Онли Пуф» Картина с настоящей подковой мерина по кличке Онли Пуф/Конный клуб при усадьбе Гальских/ Череповец Подкова — это один из древнейших символов, связанных с удачей и счастьем.",20161115T030000,search-kw002-s06q003-q022-20260916-r100-0-19.json,TOP3,ADJACENT,MARKETPLACE_CATEGORY,UNKNOWN,AVITO,FALSE,"The Avito result mixes horse equipment with an interior lucky-horseshoe item, so it is related but not cleanly aligned. avito.ru and the listing/category URL identify a marketplace category or search-results page.",MEDIUM
S06Q012,подкова,COMMERCIAL_LED,2,https://sibpodkova.ru/catalog/section/podkovy/,sibpodkova.ru,sibpodkova.ru,Подковы для лошадей — купить в интернет-магазине | Сибирская...,"Подкова ""EQUIMAN PRO"" задняя с четырьмя отверстиями под шипы М10, пара. … Подкова ""EQUIMAN PRO"" передняя с двумя отверстиями под шипы М10, пара.",20130822T165915,search-kw002-s06q003-q022-20260916-r100-0-19.json,TOP3,ADJACENT,CATEGORY,UNKNOWN,INDEPENDENT_SHOP,FALSE,"The category sells functional horseshoes for horses, related to the object but not the luck-symbol/souvenir meaning. The domain/title and catalog-like URL identify an independent-site category.",HIGH
S06Q012,подкова,COMMERCIAL_LED,3,https://podkova7.ru/,podkova7.ru,podkova7.ru,"ТД ""Подкова""","ТД «Подкова». Адлер, ул. Авиационная 3/1 (объездная дорога). Посмотреть на карте. … ТД «Подкова 5». Адлер, с.Весёлое, ул. Весёлая, р-н ЖД переезда.",20080328T030000,search-kw002-s06q003-q022-20260916-r100-0-19.json,TOP3,COLLISION,HOMEPAGE,UNKNOWN,OTHER,TRUE,"The title and snippet identify a trading company named “Подкова”, a different business entity. The root URL identifies a homepage.",HIGH
S06Q012,подкова,COMMERCIAL_LED,4,https://www.ozon.ru/category/podkova-nastoyaschaya/,ozon.ru,www.ozon.ru,Подкова настоящая купить на OZON по низкой цене,"Подкова настоящая – покупайте на OZON по выгодным ценам! Быстрая и бесплатная доставка, большой ассортимент, бонусы, рассрочка и кэшбэк.",20220707T171324,search-kw002-s06q003-q022-20260916-r100-0-19.json,TOP10,UNCERTAIN,MARKETPLACE_CATEGORY,UNKNOWN,OZON,FALSE,The Ozon category is “real horseshoe”; the title/snippet do not establish whether the offer is equestrian equipment or a luck souvenir. ozon.ru and the listing/category URL identify a marketplace category or search-results page.,LOW
S06Q012,подкова,COMMERCIAL_LED,5,https://www.livemaster.ru/tag/item/3224657/podkova-nastoyaschaya,livemaster.ru,www.livemaster.ru,Подкова настоящая - купить в интернет-магазине уникальные...,,20161201T030000,search-kw002-s06q003-q022-20260916-r100-0-19.json,TOP10,UNCERTAIN,MARKETPLACE_CATEGORY,UNKNOWN,LIVEMASTER,FALSE,"The Livemaster tag is “real horseshoe”, but the empty snippet does not establish the dominant intended use. livemaster.ru and the listing/category URL identify a marketplace category or search-results page.",LOW
S06Q012,подкова,COMMERCIAL_LED,6,https://kybachi.ru/cat/kinzhaly-i-sabli/podkova/,kybachi.ru,kybachi.ru,Серебряная подкова в подарок на свадьбу — купить...,В интернет-магазине Кубачинского художественного комбината вы можете купить серебряные подковы. Мы принимаем заказы на изготовление ювелирных изделий по индивидуальному дизайну.,20150314T012847,search-kw002-s06q003-q022-20260916-r100-0-19.json,TOP10,TARGET,CATEGORY,UNKNOWN,INDEPENDENT_SHOP,FALSE,"The title explicitly offers a silver horseshoe as a wedding gift, matching the luck-symbol/souvenir meaning. The domain/title and catalog-like URL identify an independent-site category.",HIGH
S06Q012,подкова,COMMERCIAL_LED,7,https://sibpodkova.ru/catalog/section/kuznitsa/,sibpodkova.ru,sibpodkova.ru,Подковы и гвозди – купить в магазине | Сибирская подкова,"Кузница — подковы, гвозди и инструмент для ковки. И день и ночь наши опытные мастера и мудрые специалисты (из разных стран и народов) штампуют, сверлят, гнут и режут металл, чтобы подготовить необходимое количество подков, инструментов, гвоздей и шипов для ваших заказов.",20130731T065218,search-kw002-s06q003-q022-20260916-r100-0-19.json,TOP10,ADJACENT,CATEGORY,UNKNOWN,INDEPENDENT_SHOP,FALSE,"The category sells horseshoes, nails, and forging tools for equestrian use, not luck souvenirs. The domain/title and catalog-like URL identify an independent-site category.",HIGH
S06Q012,подкова,COMMERCIAL_LED,8,https://podkova.ru/element.htm,podkova.ru,podkova.ru,Кованые элементы и элементы ковки со склада в Москве.,"Кованые элементы, штампованные листья, пики, корзинки, наконечники, полусферы, кованый виноград, художественный прокат Компания ""Подкова.ру"" занимается производством кованых изделий и продажей различных кованых элементов уже более 24 лет.",20070311T195429,search-kw002-s06q003-q022-20260916-r100-0-19.json,TOP10,NON_TARGET,CATEGORY,UNKNOWN,INDEPENDENT_SHOP,FALSE,The result is a general catalog of forged construction/decor elements and does not show a horseshoe-symbol offer. The domain/title and catalog-like URL identify an independent-site category.,HIGH
S06Q012,подкова,COMMERCIAL_LED,9,https://sibpodkova.ru/catalog/section/suvenirnye_aksessuary/,sibpodkova.ru,sibpodkova.ru,Брелок подкова – купить сувенир с подковой | Сибирская подкова,"Выбирая брелок подкова в «Сибирской Подкове», вы получаете стильный и значимый сувенир с подковой — отличный выбор для себя или в подарок всаднику.",20130814T203521,search-kw002-s06q003-q022-20260916-r100-0-19.json,TOP10,TARGET,CATEGORY,UNKNOWN,INDEPENDENT_SHOP,FALSE,The title and snippet explicitly identify a souvenir horseshoe keychain. The domain/title and catalog-like URL identify an independent-site category.,HIGH
S06Q012,подкова,COMMERCIAL_LED,10,https://kybachi.ru/stati/podkova-na-schaste-nad-dveryu/,kybachi.ru,kybachi.ru,"Подкова на счастье над дверью - значение, как выбрать и повесить.","Подкова на счастье стала важным элементом в обиходе, и сегодня ее часто размещают над входом в дом. … Выбирая подкову, важно учитывать несколько факторов, чтобы она действительно стала сильным оберегом для Вашего дома",20250429T123448,search-kw002-s06q003-q022-20260916-r100-0-19.json,TOP10,TARGET,ARTICLE,GUIDE,INDEPENDENT_SHOP,FALSE,The article explicitly explains a horseshoe as a luck charm for the home. The title/snippet and article-like URL identify informational content.,HIGH
S06Q012,подкова,COMMERCIAL_LED,11,https://www.wildberries.ru/catalog/tags/podkova-nastojasczaja,wildberries.ru,www.wildberries.ru,Подкова настоящая - Купить в интернет магазине WildBerries.ru,Подкова сувенирная на дверь На Здоровье EXPEDITION NEXT. … Настоящая хоженая подкова на дверь в подарочной коробке Нет бренда.,20250331T050044,search-kw002-s06q003-q022-20260916-r100-0-19.json,POS11_20,TARGET,MARKETPLACE_CATEGORY,UNKNOWN,WILDBERRIES,FALSE,"The marketplace tag shows souvenir and door horseshoes, matching the luck-symbol meaning. wildberries.ru and the listing/category URL identify a marketplace category or search-results page.",HIGH
S06Q012,подкова,COMMERCIAL_LED,12,https://www.rusvelikaia.ru/podkovy/,rusvelikaia.ru,www.rusvelikaia.ru,Подковы купить в Москве в интернет магазине Русь Великая,"Купить Подковы в магазине подарков Русь Великая: огромный ассортимент, доставка день в день, шоурум в центре Москвы! … Подкова сувенирная с позолотой и фианитами «На удачу».",20151127T005522,search-kw002-s06q003-q022-20260916-r100-0-19.json,POS11_20,TARGET,CATEGORY,UNKNOWN,INDEPENDENT_SHOP,FALSE,The category explicitly offers decorative lucky horseshoe gifts. The domain/title and catalog-like URL identify an independent-site category.,HIGH
S06Q012,подкова,COMMERCIAL_LED,13,https://sibpodkova.ru/,sibpodkova.ru,sibpodkova.ru,Конный магазин — для лошадей и всадников | Сибирская подкова,"В наш магазин поступила новая партия подков всех необходимых размеров. … Есть среди наших товаров и любая амуниция, средства упряжи и всевозможные аксессуары к ним, седла и стремена, подковы и гвозди в широком ассортименте.",20130731T034605,search-kw002-s06q003-q022-20260916-r100-0-19.json,POS11_20,ADJACENT,HOMEPAGE,UNKNOWN,INDEPENDENT_SHOP,FALSE,"The homepage is an equestrian store selling horseshoes and riding equipment, not focused on luck symbols. The root URL identifies a homepage.",HIGH
S06Q012,подкова,COMMERCIAL_LED,14,https://ru.wikipedia.org/wiki/%D0%9F%D0%BE%D0%B4%D0%BA%D0%BE%D0%B2%D0%B0,ru.wikipedia.org,ru.wikipedia.org,Подкова — Википедия,"Стандартная подкова выделывается из мягкой низкоуглеродистой стали[1]. Современные подковы достаточно пластичны, и легко поддаются подгонке на наковальне как в горячем, так и в холодном состояниях.",20061117T070251,search-kw002-s06q003-q022-20260916-r100-0-19.json,POS11_20,ADJACENT,ENCYCLOPEDIA,REFERENCE,ENCYCLOPEDIA,FALSE,The encyclopedia entry describes the functional object; it is related but not focused on the luck-symbol meaning. ru.wikipedia.org identifies an encyclopedia/reference entry.,MEDIUM
S06Q012,подкова,COMMERCIAL_LED,15,https://www.kubachiserebro.ru/catalog/suveniry/podkova,kubachiserebro.ru,www.kubachiserebro.ru,Серебряная подкова - купить в интернет-магазине «Кубачинское...»,"Подкова из серебра Кубачи – это особый сувенир, изготовленный мастерами в единственном экземпляре. … Хороший выбор в качестве презента на свадьбу – подкова из серебра высочайшей пробы с изумительной отделкой цветной эмалью, украшенная разноцветными камнями.",20141015T141414,search-kw002-s06q003-q022-20260916-r100-0-19.json,POS11_20,TARGET,CATEGORY,UNKNOWN,INDEPENDENT_SHOP,FALSE,The title/snippet identify a silver horseshoe souvenir sold as a gift. The domain/title and catalog-like URL identify an independent-site category.,HIGH
S06Q012,подкова,COMMERCIAL_LED,16,https://www.rusvelikaia.ru/interernye-izdeliya/podkovy/,rusvelikaia.ru,www.rusvelikaia.ru,Интерьерные изделия Подковы купить в Москве в интернет...,"Купить Интерьерные изделия Подковы в магазине подарков Русь Великая: огромный ассортимент, доставка день в день, шоурум в центре Москвы!",20190726T100227,search-kw002-s06q003-q022-20260916-r100-0-19.json,POS11_20,TARGET,CATEGORY,UNKNOWN,INDEPENDENT_SHOP,FALSE,The category explicitly offers interior horseshoe objects. The domain/title and catalog-like URL identify an independent-site category.,HIGH
S06Q012,подкова,COMMERCIAL_LED,17,https://www.rusvelikaia.ru/interernye-izdeliya/podkovy/na-schaste/,rusvelikaia.ru,www.rusvelikaia.ru,Интерьерные изделия Подковы На счастье купить в Москве...,"Купить Интерьерные изделия Подковы На счастье в магазине подарков Русь Великая: огромный ассортимент, доставка день в день, шоурум в центре Москвы!",20200201T104523,search-kw002-s06q003-q022-20260916-r100-0-19.json,POS11_20,TARGET,CATEGORY,UNKNOWN,INDEPENDENT_SHOP,FALSE,The category explicitly offers “На счастье” horseshoe interior items. The domain/title and catalog-like URL identify an independent-site category.,HIGH
S06Q012,подкова,COMMERCIAL_LED,18,https://market.yandex.ru/category/podkovy-nastoyaschiye-ot-loshadi,market.yandex.ru,market.yandex.ru,Подковы настоящие от лошади - купить по низкой цене на Яндекс...,,20210605T111037,search-kw002-s06q003-q022-20260916-r100-0-19.json,POS11_20,ADJACENT,MARKETPLACE_CATEGORY,UNKNOWN,YANDEX_MARKET,FALSE,"The marketplace category is for real horseshoes from horses, related but not focused on the luck-symbol meaning. market.yandex.ru and the listing/category URL identify a marketplace category or search-results page.",MEDIUM
S06Q012,подкова,COMMERCIAL_LED,19,https://www.studiakovki.ru/catalog/decor_elementi/podkova_bolshaya/,studiakovki.ru,www.studiakovki.ru,SK20.28.1 Подкова большая,Вы можете заказать кованый элемент SK20.28.1 Подкова большая на нашем сайте и оформить доставку в любой регион России. Мы предлагаем широкий ассортимент кованых изделий и удобные способы оплаты и доставки.,20210405T124719,search-kw002-s06q003-q022-20260916-r100-0-19.json,POS11_20,ADJACENT,PRODUCT,UNKNOWN,INDEPENDENT_SHOP,FALSE,"The product is a forged horseshoe-shaped element, related but not established as a luck symbol. The domain/title and item-specific URL identify a product or book page.",MEDIUM
S06Q012,подкова,COMMERCIAL_LED,20,https://www.studiakovki.ru/catalog/decor_elementi/sk20_28_2_podkova_malaya/,studiakovki.ru,www.studiakovki.ru,SK20.28.2 Подкова малая,Вы можете заказать кованый элемент SK20.28.2 Подкова малая на нашем сайте и оформить доставку в любой регион России. Мы предлагаем широкий ассортимент кованых изделий и удобные способы оплаты и доставки.,20230123T173048,search-kw002-s06q003-q022-20260916-r100-0-19.json,POS11_20,ADJACENT,PRODUCT,UNKNOWN,INDEPENDENT_SHOP,FALSE,"The product is a small forged horseshoe-shaped element, related but not established as a luck symbol. The domain/title and item-specific URL identify a product or book page.",MEDIUM
S06Q013,руна,INFORMATIONAL_LED,1,https://www.runa.ru/,runa.ru,www.runa.ru,Консультант плюс РУНА - официальный сайт РИЦ СПС...,"Консалтинговая группа РУНА — официальный представитель (РИЦ) сети Консультант Плюс в Москве с 1992 года. Наша миссия — экономить время и снижать риски клиентов, помогая найти и реализовать верное решение.",20061112T030000,search-kw002-s06q003-q022-20260916-r100-0-19.json,TOP3,COLLISION,HOMEPAGE,UNKNOWN,OTHER,TRUE,"The title/snippet identify the “РУНА” consulting group, a different business entity. The root URL identifies a homepage.",HIGH
S06Q013,руна,INFORMATIONAL_LED,2,https://ru.ruwiki.ru/wiki/%D0%A0%D1%83%D0%BD%D1%8B,ru.ruwiki.ru,ru.ruwiki.ru,Руны — Рувики: Интернет-энциклопедия,,20230630T160623,search-kw002-s06q003-q022-20260916-r100-0-19.json,TOP3,TARGET,ENCYCLOPEDIA,REFERENCE,ENCYCLOPEDIA,FALSE,"The title/snippet directly addresses runes as symbols, writing, or divination objects. ru.ruwiki.ru identifies an encyclopedia/reference entry.",HIGH
S06Q013,руна,INFORMATIONAL_LED,3,https://ru.wikipedia.org/wiki/%D0%A0%D1%83%D0%BD%D1%8B,ru.wikipedia.org,ru.wikipedia.org,Руны — Википедия,,20081017T090222,search-kw002-s06q003-q022-20260916-r100-0-19.json,TOP3,TARGET,ENCYCLOPEDIA,REFERENCE,ENCYCLOPEDIA,FALSE,"The title/snippet directly addresses runes as symbols, writing, or divination objects. ru.wikipedia.org identifies an encyclopedia/reference entry.",HIGH
S06Q013,руна,INFORMATIONAL_LED,4,https://arzamas.academy/mag/293-runi,arzamas.academy,arzamas.academy,"6 вещей, которые надо знать о рунах • Arzamas","1. Что такое руны. Cтраница из азбуки «Runa ABC» Йохана Буре. 1611 год Первый шведский букварь для обучения руническому алфавиту. Litteraturbanken. Руны — это вытянутые и угловатые буквы древних германцев, предков современных англичан, голландцев, немцев, датчан, норвежцев и шведов.",20160623T091856,search-kw002-s06q003-q022-20260916-r100-0-19.json,TOP10,TARGET,ARTICLE,DEFINITION,INFORMATION_SITE,FALSE,"The title/snippet directly addresses runes as symbols, writing, or divination objects. The title/snippet and article-like URL identify informational content.",HIGH
S06Q013,руна,INFORMATIONAL_LED,5,https://ast.ru/news/runy-drevnie-znaki-mudrosti-i-predskazaniy/,ast.ru,ast.ru,Руны — древние знаки мудрости и предсказаний | Издательство...,"Руны образуют алфавит, известный как «Футарк». В зависимости от периода и культуры, футарк включает в себя 24 знака. Каждая руна обладает своим уникальным названием и звуковым значением. Символика рун основана на природных элементах, общественных ценностях и мифологии.",20231130T171549,search-kw002-s06q003-q022-20260916-r100-0-19.json,TOP10,TARGET,ARTICLE,GUIDE,INFORMATION_SITE,FALSE,"The title/snippet directly addresses runes as symbols, writing, or divination objects. The title/snippet and article-like URL identify informational content.",HIGH
S06Q013,руна,INFORMATIONAL_LED,6,https://www.ozon.ru/category/runy-skandinavskie/,ozon.ru,www.ozon.ru,Руны скандинавские купить на OZON по низкой цене,"Руны скандинавские – покупайте на OZON по выгодным ценам! Быстрая и бесплатная доставка, большой ассортимент, бонусы, рассрочка и кэшбэк. Распродажи, скидки и акции. Реальные отзывы покупателей.",20220707T033050,search-kw002-s06q003-q022-20260916-r100-0-19.json,TOP10,TARGET,MARKETPLACE_CATEGORY,UNKNOWN,OZON,FALSE,"The title/snippet directly addresses runes as symbols, writing, or divination objects. ozon.ru and the listing/category URL identify a marketplace category or search-results page.",HIGH
S06Q013,руна,INFORMATIONAL_LED,7,https://lenta.ru/articles/2026/03/26/gadanie-na-runah/,lenta.ru,lenta.ru,"Гадание на рунах: пошаговая инструкция на будущее, на...","Гадание на рунах: расклады на ситуацию, отношения и будущее. Значения рун и пошаговые инструкции. Анна Самойлова. … Историки сходятся во мнении, что руны — это древняя письменность германских народов, говорит в беседе с «Лентой.ру» психолог, эксперт по рунам Ирина Ефросинина.",20260326T175718,search-kw002-s06q003-q022-20260916-r100-0-19.json,TOP10,TARGET,ARTICLE,GUIDE,INFORMATION_SITE,FALSE,"The title/snippet directly addresses runes as symbols, writing, or divination objects. The title/snippet and article-like URL identify informational content.",HIGH
S06Q013,руна,INFORMATIONAL_LED,8,https://happywitch.ru/blog/skandinavskie-runy-opisanie-i-tolkovanie/,happywitch.ru,happywitch.ru,Скандинавские руны: описание и толкование каждого символа...,"Рассмотрим описание скандинавских рун. На первом уровне сотворения Мироздания располагаются восемь знаков: Феу, Уруз, Турисаз, Ансуз, Райдо, Кано, Гебо, Вуньо. Здесь мы имеем дело с мощными силами, которые взаимодействуют и борются во Благо и Сотворение, иногда даже разрушая.",20200123T023156,search-kw002-s06q003-q022-20260916-r100-0-19.json,TOP10,TARGET,ARTICLE,LIST,INDEPENDENT_SHOP,FALSE,"The title/snippet directly addresses runes as symbols, writing, or divination objects. The title/snippet and article-like URL identify informational content.",HIGH
S06Q013,руна,INFORMATIONAL_LED,9,https://ru.wiktionary.org/wiki/%D1%80%D1%83%D0%BD%D0%B0,ru.wiktionary.org,ru.wiktionary.org,руна — Викисловарь,,20170422T030000,search-kw002-s06q003-q022-20260916-r100-0-19.json,TOP10,TARGET,DICTIONARY,DEFINITION,ENCYCLOPEDIA,FALSE,"The title/snippet directly addresses runes as symbols, writing, or divination objects. ru.wiktionary.org and the title/URL identify a dictionary entry.",HIGH
S06Q013,руна,INFORMATIONAL_LED,10,https://kartaslov.ru/%D0%B7%D0%BD%D0%B0%D1%87%D0%B5%D0%BD%D0%B8%D0%B5-%D1%81%D0%BB%D0%BE%D0%B2%D0%B0/%D0%A0%D1%83%D0%BD%D0%B0,kartaslov.ru,kartaslov.ru,Значение слова РУНА. Что такое РУНА?,,20170628T022032,search-kw002-s06q003-q022-20260916-r100-0-19.json,TOP10,TARGET,DICTIONARY,DEFINITION,ENCYCLOPEDIA,FALSE,"The title/snippet directly addresses runes as symbols, writing, or divination objects. kartaslov.ru and the title/URL identify a dictionary entry.",HIGH
S06Q013,руна,INFORMATIONAL_LED,11,https://cyclowiki.org/wiki/%D0%A0%D1%83%D0%BD%D1%8B,cyclowiki.org,cyclowiki.org,Руны — Циклопедия,Знаков: 24. Руны — письменность древнегерманских языков. Буква[1]. Древнегерманское название[1]. … Читать книгу: «Руны. Значения древних символов».,20260504T151550,search-kw002-s06q003-q022-20260916-r100-0-19.json,POS11_20,TARGET,ENCYCLOPEDIA,REFERENCE,ENCYCLOPEDIA,FALSE,"The title/snippet directly addresses runes as symbols, writing, or divination objects. cyclowiki.org identifies an encyclopedia/reference entry.",HIGH
S06Q013,руна,INFORMATIONAL_LED,12,https://www.litres.ru/book/elena-belova-32678161/skandinavskie-runy-azbuka-69527833/chitat-onlayn/,litres.ru,www.litres.ru,«Скандинавские Руны. Азбука» Елена Белова читать онлайн...,"Тема 1: Что такое Скандинавские Руны? Скандинавские Руны – это простая и логичная система знаний. Что не мешает ей быть очень глубокой, многогранной и многофункциональной. Руны – это символы, знаки, за каждым из которых скрыты смыслы, целые массивы информации по современному.",20230809T171854,search-kw002-s06q003-q022-20260916-r100-0-19.json,POS11_20,TARGET,PRODUCT,UNKNOWN,OTHER,FALSE,"The title/snippet directly addresses runes as symbols, writing, or divination objects. The domain/title and item-specific URL identify a product or book page.",HIGH
S06Q013,руна,INFORMATIONAL_LED,13,https://www.predskazanie.ru/znacheniya-run/,predskazanie.ru,www.predskazanie.ru,"Скандинавские руны: их значение, описание и толкование на...","На скандинавских рунах гадают на любовь и на будущее, с их помощью узнают перспективы карьерного роста и анализируют проблемные ситуации… При этом, рунические расклады, как и карточные, могут быть и простыми, и сложными. А руны в них рассматриваются в прямом и в перевёрнутом положении.",20160502T205603,search-kw002-s06q003-q022-20260916-r100-0-19.json,POS11_20,TARGET,ARTICLE,GUIDE,INFORMATION_SITE,FALSE,"The title/snippet directly addresses runes as symbols, writing, or divination objects. The title/snippet and article-like URL identify informational content.",HIGH
S06Q013,руна,INFORMATIONAL_LED,14,https://lisa.ru/goroskop/801362-tajny-skandinavov-znachenie-run-i-ih-tolkovanie/,lisa.ru,lisa.ru,"Что такое руны: значение, описание и их толкование | Lisa.ru","Как появились руны (легенда) Способы создания Как хранить Значение и толкование. Слово «руна» с древнескандинавского переводится как «секрет», «тайные знания» или «мудрость». Первые руны — это были символы письменности древних германцев.",20190913T181823,search-kw002-s06q003-q022-20260916-r100-0-19.json,POS11_20,TARGET,ARTICLE,GUIDE,INFORMATION_SITE,FALSE,"The title/snippet directly addresses runes as symbols, writing, or divination objects. The title/snippet and article-like URL identify informational content.",HIGH
S06Q013,руна,INFORMATIONAL_LED,15,https://ru.pinterest.com/ideas/%D1%80%D1%83%D0%BD%D1%8B-%D0%B8-%D0%B8%D1%85-%D0%B7%D0%BD%D0%B0%D1%87%D0%B5%D0%BD%D0%B8%D0%B5-%D0%BD%D0%B0-%D1%80%D1%83%D1%81%D1%81%D0%BA%D0%BE%D0%BC/956687832077/,ru.pinterest.com,ru.pinterest.com,Руны И Их Значение На Русском,"Комбинации рун и их значение | Рунические символы и их значение, Толкование рун, Славянское. Рунические Символы И Их Значение. Руны С Названиями.",20231121T041753,search-kw002-s06q003-q022-20260916-r100-0-19.json,POS11_20,ADJACENT,SOCIAL,OTHER,SOCIAL_VIDEO,FALSE,"The Pinterest result provides rune imagery and ideas, related but not a direct explanatory or product result. ru.pinterest.com identifies a social-content page.",MEDIUM
S06Q013,руна,INFORMATIONAL_LED,16,https://www.livemaster.ru/topic/3633536-blog-kratkoe-opisanie-i-amuletnye-znacheniya-run-starshego-futarka,livemaster.ru,www.livemaster.ru,Краткое описание и амулетные значения рун Старшего Футарка,"Руна слова богов. Уста, совет, руна Одина. Руна контактов, пения, поэзии, экзаменов, собеседований и заклинаний. Рекомендую тем, у кого есть проблемы с общением. В практике применяется для заключения честных договоров. Хорошо работает в судебной деятельности.",20220521T122850,search-kw002-s06q003-q022-20260916-r100-0-19.json,POS11_20,TARGET,ARTICLE,REFERENCE,LIVEMASTER,FALSE,"The title/snippet directly addresses runes as symbols, writing, or divination objects. The title/snippet and article-like URL identify informational content.",HIGH
S06Q013,руна,INFORMATIONAL_LED,17,https://my.runa.ru/,my.runa.ru,my.runa.ru,Ссылка на my.runa.ru,,20170731T110712,search-kw002-s06q003-q022-20260916-r100-0-19.json,POS11_20,UNCERTAIN,UNKNOWN,UNKNOWN,OTHER,FALSE,The generic link title and empty snippet do not establish the content of my.runa.ru. The URL/title/snippet do not establish a supported page type.,LOW
S06Q013,руна,INFORMATIONAL_LED,18,https://nasledie.digital/articles/runy-yazyk-tajny/,nasledie.digital,nasledie.digital,Руны - язык тайны - Nasledie Digital,"Магия рун. Футарк. Руны–это древняя система письменности, которая использовалась для передачи знаний, общения и занятия магией в культурах Северной Европы. Руны вырезали на камне, дереве и других материалах. Один из наиболее известных рунических алфавитов называется футарком.",20230705T165740,search-kw002-s06q003-q022-20260916-r100-0-19.json,POS11_20,TARGET,ARTICLE,GUIDE,INFORMATION_SITE,FALSE,"The title/snippet directly addresses runes as symbols, writing, or divination objects. The title/snippet and article-like URL identify informational content.",HIGH
S06Q013,руна,INFORMATIONAL_LED,19,https://goroskop365.ru/gadaniya/gadaniya-na-runah/,goroskop365.ru,goroskop365.ru,Гадание на Рунах онлайн | ГОРОСКОПЫ 365,"Как гадать на рунах самому? Гадания на рунах Все мы время от времени нуждаемся в совете или хотим заглянуть в будущее, для чего используем различные гадания. За многовековую историю человечеством придумана масса способов предсказаний, но руны среди них выделяются особой мистикой и самобытностью.",20180523T223911,search-kw002-s06q003-q022-20260916-r100-0-19.json,POS11_20,TARGET,ARTICLE,GUIDE,INFORMATION_SITE,FALSE,"The title/snippet directly addresses runes as symbols, writing, or divination objects. The title/snippet and article-like URL identify informational content.",HIGH
S06Q013,руна,INFORMATIONAL_LED,20,https://actro.online/mantika/runy/znacheniya-run/runes/,actro.online,actro.online,"Скандинавские Руны: значения, толкования и описания.",Значения Рун Мантика Руны. Значения и толкования Рун. Автор Анна Огински 06.08.2013.,20171104T032947,search-kw002-s06q003-q022-20260916-r100-0-19.json,POS11_20,TARGET,ARTICLE,OTHER,INFORMATION_SITE,FALSE,"The title/snippet directly addresses runes as symbols, writing, or divination objects. The title/snippet and article-like URL identify informational content.",HIGH
S06Q014,руна альгиз,INFORMATIONAL_LED,1,https://ru.wikipedia.org/wiki/%D0%90%D0%BB%D1%8C%D0%B3%D0%B8%D0%B7,ru.wikipedia.org,ru.wikipedia.org,Альгиз — Википедия,,20131206T200318,search-kw002-s06q003-q022-20260916-r100-0-19.json,TOP3,TARGET,ENCYCLOPEDIA,REFERENCE,ENCYCLOPEDIA,FALSE,The title/snippet directly addresses the Algiz rune and its meaning. ru.wikipedia.org identifies an encyclopedia/reference entry.,HIGH
S06Q014,руна альгиз,INFORMATIONAL_LED,2,https://elarus.ru/blog/runa-algiz/,elarus.ru,elarus.ru,"Руна Альгиз: значение, описание и толкование перевернутой...","Обычно руну Альгиз используют в рунескриптах, созданных для защиты. Особенно сильным является так называемый «Шлем ужаса», когда в рисунке соединяются четыре символа. Альгиз действует мягко и не вызывает побочных эффектов. Руна работает таким образом, что у человека обостряется интуиция и он способен предчувствовать опасность.",20220708T164502,search-kw002-s06q003-q022-20260916-r100-0-19.json,TOP3,TARGET,ARTICLE,GUIDE,INFORMATION_SITE,FALSE,The title/snippet directly addresses the Algiz rune and its meaning. The title/snippet and article-like URL identify informational content.,HIGH
S06Q014,руна альгиз,INFORMATIONAL_LED,3,https://xn--h1ajim.xn--p1ai/%D0%90%D0%BB%D1%8C%D0%B3%D0%B8%D0%B7,руни.рф,xn--h1ajim.xn--p1ai,Альгиз — Энциклопедия Руниверсалис,"На основе вышеописанной ассоциации, руна используется различными белыми националистическими группами[3], включая американский Национальный Альянс (National Alliance), шведскую партию «Folkfronten» (Народный фронт) и нидерландскую Заставу (Voorpost)[4]. Различные виды руны Альгиз использовались Всегерманским...",20230213T230249,search-kw002-s06q003-q022-20260916-r100-0-19.json,TOP3,TARGET,ARTICLE,GUIDE,INFORMATION_SITE,FALSE,The title/snippet directly addresses the Algiz rune and its meaning. The title/snippet and article-like URL identify informational content.,HIGH
S06Q014,руна альгиз,INFORMATIONAL_LED,4,https://lunaro.ru/gidy/runy/algiz,lunaro.ru,lunaro.ru,"Руна Альгиз: значение, толкование и использование | Лунаро","Руна Альгиз: особенности сонастройки. Во время проживания руны обращайте внимание на знаки — через них с вами могут разговаривать высшие силы и ангел-хранитель. Принимайте в расчёт не только логические доводы, но и голос своей интуиции. Сонастройка с руной Альгиз поможет. проработать канал удачи",20241221T193603,search-kw002-s06q003-q022-20260916-r100-0-19.json,TOP10,TARGET,ARTICLE,GUIDE,INFORMATION_SITE,FALSE,The title/snippet directly addresses the Algiz rune and its meaning. The title/snippet and article-like URL identify informational content.,HIGH
S06Q014,руна альгиз,INFORMATIONAL_LED,5,https://www.predskazanie.ru/znacheniya-run/index.php?rune=algiz,predskazanie.ru,www.predskazanie.ru,"Руна Альгиз: значение, описание и толкование на Предсказание.RU","Руна призывает доверять собственной интуиции. Она указывает на то, что в критической ситуации или в момент, когда человек стоит на распутье, ему непременно будет подан знак о том, как именно действовать и какое решение принять. Альгиз – это ещё и защита от физической опасности.",20160518T093019,search-kw002-s06q003-q022-20260916-r100-0-19.json,TOP10,TARGET,ARTICLE,GUIDE,INFORMATION_SITE,FALSE,The title/snippet directly addresses the Algiz rune and its meaning. The title/snippet and article-like URL identify informational content.,HIGH
S06Q014,руна альгиз,INFORMATIONAL_LED,6,http://runarium.ru/algiz,runarium.ru,runarium.ru,"Альгиз – инстинктивная защита, благословение","Руна Альгиз: значение, транскрипция и семантика. Название руны Альгиз восходит к древнескандинавскому «elch», что в переводе означает «лось». … Руна Альгиз в прямом положении Руна Альгиз (фото ее уставного начертания представлено ниже) графически имитирует человеческую фигуру с воздетыми руками.",20161228T030000,search-kw002-s06q003-q022-20260916-r100-0-19.json,TOP10,TARGET,ARTICLE,REFERENCE,INFORMATION_SITE,FALSE,The title/snippet directly addresses the Algiz rune and its meaning. The title/snippet and article-like URL identify informational content.,HIGH
S06Q014,руна альгиз,INFORMATIONAL_LED,7,https://magia.fandom.com/ru/wiki/%D0%90%D0%BB%D1%8C%D0%B3%D0%B8%D0%B7,magia.fandom.com,magia.fandom.com,Альгиз | Магия в нас и вокруг нас вики | Fandom,"Это мощный оберег. Альгиз — олицетворение также удачи, духовности, вдохновения и творческого полета. Если вы используете эту руну, везение будет сопутствовать вам во всех начинаниях. Вы легко находите новые идеи для творчества и саморазвития, определились со своим предназначением.",20190424T233527,search-kw002-s06q003-q022-20260916-r100-0-19.json,TOP10,TARGET,ENCYCLOPEDIA,REFERENCE,ENCYCLOPEDIA,FALSE,The title/snippet directly addresses the Algiz rune and its meaning. magia.fandom.com identifies an encyclopedia/reference entry.,HIGH
S06Q014,руна альгиз,INFORMATIONAL_LED,8,https://pandorium.app/runes/algiz,pandorium.app,pandorium.app,"ᛉ Альгиз — значение руны: защита, интуиция, связь | Пандориум","Альгиз (ᛉ) — пятнадцатая руна Старшего Футарка, входит в Этт Хеймдалля. Её классическое значение — «лось» или «осока» — связано с защитой: лосиные рога отпугивают хищников, осока режет неосторожную руку. В рунической магии Альгиз — главная защитная руна, связывающая человека с высшими силами.",20260217T173510,search-kw002-s06q003-q022-20260916-r100-0-19.json,TOP10,TARGET,ARTICLE,REFERENCE,INFORMATION_SITE,FALSE,The title/snippet directly addresses the Algiz rune and its meaning. The title/snippet and article-like URL identify informational content.,HIGH
S06Q014,руна альгиз,INFORMATIONAL_LED,9,https://xn--80aejvmu5h.xn--80aswg/algiz/,славяне.сайт,xn--80aejvmu5h.xn--80aswg,Руна Альгиз: путь к духовной силе и защите,"Изображение руны Альгиз. Графически руна Альгиз представляет собой вертикальную линию, с одной или несколькими диагональными линиями, идущими вверх от неё. Это представление может варьироваться в зависимости от конкретного рунического алфавита.",20230802T122548,search-kw002-s06q003-q022-20260916-r100-0-19.json,TOP10,TARGET,ARTICLE,OTHER,INFORMATION_SITE,FALSE,The title/snippet directly addresses the Algiz rune and its meaning. The title/snippet and article-like URL identify informational content.,HIGH
S06Q014,руна альгиз,INFORMATIONAL_LED,10,https://www.arcanum.ru/blog/runa-algis/,arcanum.ru,www.arcanum.ru,Руна Альгиз: значение и использование | Блог Арканум,Значение руны Альгиз в раскладах. Руна Альгиз в рунных ставах. Сочетание Альгиз с одиночными рунами. Часто задаваемые вопросы о руне Альгиз.,20200729T190108,search-kw002-s06q003-q022-20260916-r100-0-19.json,TOP10,TARGET,ARTICLE,GUIDE,INFORMATION_SITE,FALSE,The title/snippet directly addresses the Algiz rune and its meaning. The title/snippet and article-like URL identify informational content.,HIGH
S06Q014,руна альгиз,INFORMATIONAL_LED,11,https://www.arcanum.ru/blog/runa-algiz/,arcanum.ru,www.arcanum.ru,Руна Альгиз: значение перевернутого знака – сочетание Альгиз...,"2. Руна Альгиз: значение перевернутого положения. 3. Сила защитных Рун. 4. Толкование символа в гаданиях на любовь и отношения. 5. Сочетание Альгиз с другими рунами. 6. Как правильно пользоваться ставом Альгиз? Пятнадцатым символом в Старшем Футарке является Руна Альгиз (Аlgiz), часто используемая в талисманах и амулетах.",20200729T190108,search-kw002-s06q003-q022-20260916-r100-0-19.json,POS11_20,TARGET,ARTICLE,GUIDE,INFORMATION_SITE,FALSE,The title/snippet directly addresses the Algiz rune and its meaning. The title/snippet and article-like URL identify informational content.,HIGH
S06Q014,руна альгиз,INFORMATIONAL_LED,12,https://tarotman.ru/runes/znacheniya/algiz.html,tarotman.ru,tarotman.ru,"Руна Альгиз: значение в любви, отношениях, здоровье, карьере","Что означает руна Альгиз в гадании на любовь и отношения. Прямая позиция руны при анализе любовных вопросов — это очень благоприятный знак, говорящий об искренних, тёплых отношениях, сложившихся между двумя людьми, когда партнёры чувствуют взаимную поддержку и являются не только любовниками, но и настоящими друзьями.",20170831T113000,search-kw002-s06q003-q022-20260916-r100-0-19.json,POS11_20,TARGET,ARTICLE,GUIDE,INFORMATION_SITE,FALSE,The title/snippet directly addresses the Algiz rune and its meaning. The title/snippet and article-like URL identify informational content.,HIGH
S06Q014,руна альгиз,INFORMATIONAL_LED,13,https://goroskop365.ru/gadaniya/runa-algiz/,goroskop365.ru,goroskop365.ru,Руна Альгиз - значение и толкование | ГОРОСКОПЫ 365,"Главное значение руны. ""Альгиз"" переводится как «Лось», а начертание руны напоминает форму ветвистых рогов этого мощного животного. Также прямое изображение руны похоже на крону дерева, символизируя связь с небом и саму жизнь, а в перевернутое – корни дерева, являясь символом смерти.",20221205T152237,search-kw002-s06q003-q022-20260916-r100-0-19.json,POS11_20,TARGET,ARTICLE,GUIDE,INFORMATION_SITE,FALSE,The title/snippet directly addresses the Algiz rune and its meaning. The title/snippet and article-like URL identify informational content.,HIGH
S06Q014,руна альгиз,INFORMATIONAL_LED,14,https://www.solarvanir.org/znacheniya-run/algiz.html,solarvanir.org,www.solarvanir.org,Руна Альгиз (Algiz) — Значения рун — Центр Рунических...,"Руна Альгиз осуществляет связь рун и рунических структур с различными формами организации материи. Эта руна позволяет разговаривать на языке рун с молекулами, атомами и элементарными частицами.",20140924T192145,search-kw002-s06q003-q022-20260916-r100-0-19.json,POS11_20,TARGET,ARTICLE,OTHER,INFORMATION_SITE,FALSE,The title/snippet directly addresses the Algiz rune and its meaning. The title/snippet and article-like URL identify informational content.,HIGH
S06Q014,руна альгиз,INFORMATIONAL_LED,15,https://horo.mail.ru/divination/runes/tile/15/,horo.mail.ru,horo.mail.ru,Альгиз - Описание Руны - Гороскопы Mail,"Руна Альгиз является символом победы и защиты, а появление ее в раскладе – знак того, что гадающий твердо стоит на ногах и для достижения успеха ему достаточно лишь направить энергию в правильное русло. Следуйте своим инстинктам, прислушивайтесь к интуиции, но не нарушайте естественного хода событий...",20141031T210015,search-kw002-s06q003-q022-20260916-r100-0-19.json,POS11_20,TARGET,ARTICLE,GUIDE,INFORMATION_SITE,FALSE,The title/snippet directly addresses the Algiz rune and its meaning. The title/snippet and article-like URL identify informational content.,HIGH
S06Q014,руна альгиз,INFORMATIONAL_LED,16,https://meanings.ru/selchenok/algiz.htm,meanings.ru,meanings.ru,Руна альгиз - Константин Сельченок,"Альгиз символизирует человека с воздетыми к небу руками. Руна соответствует знаку Рыбы и управителю Рыб Нептуну. Эта руна очень обманчива. Тростник подчиняется дуновению Ветра. Это тот самый ветер Высшего Мира, это тот самый поток надземной силы, который иногда связывают с понятием высшая воля.",20091218T030000,search-kw002-s06q003-q022-20260916-r100-0-19.json,POS11_20,TARGET,ARTICLE,REFERENCE,INFORMATION_SITE,FALSE,The title/snippet directly addresses the Algiz rune and its meaning. The title/snippet and article-like URL identify informational content.,HIGH
S06Q014,руна альгиз,INFORMATIONAL_LED,17,https://xn--80azim.xn--p1acf/%D0%B0%D0%BB%D1%8C%D0%B3%D0%B8%D0%B7/,руна.рус,xn--80azim.xn--p1acf,"Руна Альгиз - значение в гадании, применение в защитных...","Альгиз имеет прямое и перевёрнутое написание, тем самым приобретая условные «положительное» и «отрицательное» значения. В прямом положении руна символизирует защиту высших сил, дарованную достойному, в ответ на его просьбу. Альгиз рисовали на щитах, дабы уберечься от ударов во время боя...",20210614T172142,search-kw002-s06q003-q022-20260916-r100-0-19.json,POS11_20,TARGET,ARTICLE,REFERENCE,INFORMATION_SITE,FALSE,The title/snippet directly addresses the Algiz rune and its meaning. The title/snippet and article-like URL identify informational content.,HIGH
S06Q014,руна альгиз,INFORMATIONAL_LED,18,https://runavitalis.ru/runa-algiz-opisanie/,runavitalis.ru,runavitalis.ru,"Руна Альгиз (algiz): значение, описание и толкование","Руна Альгиз (Олгиз, algiz)– древний сакральный символ магов и жрецов, дарующий физическую и магическую защиту. В этой статье ты найдёшь полное описание, правила толкования и все значения руны Альгиз в раскладах на деньги, любовь, отношения и здоровье, а также рекомендации по магическому применению руны Альгиз.",20230308T023911,search-kw002-s06q003-q022-20260916-r100-0-19.json,POS11_20,TARGET,ARTICLE,REFERENCE,INFORMATION_SITE,FALSE,The title/snippet directly addresses the Algiz rune and its meaning. The title/snippet and article-like URL identify informational content.,HIGH
S06Q014,руна альгиз,INFORMATIONAL_LED,19,https://actro.online/mantika/runy/znacheniya-run/algiz/,actro.online,actro.online,Руна Альгиз ( Algiz) - значение и толкование,"Главное значение руны Альгиз – защита. По своей форме она напоминает раскрытую ладонь с расставленными пальцами, что ассоциируется с рукой Тюра, которой он пожертвовал ради того, чтобы асы смоги связать Фенрира. Также она связана с валькириями и образом «прикрытия щитом».",20170215T160144,search-kw002-s06q003-q022-20260916-r100-0-19.json,POS11_20,TARGET,ARTICLE,REFERENCE,INFORMATION_SITE,FALSE,The title/snippet directly addresses the Algiz rune and its meaning. The title/snippet and article-like URL identify informational content.,HIGH
S06Q014,руна альгиз,INFORMATIONAL_LED,20,https://mk999.one/article/algiz/,mk999.one,mk999.one,Руна Альгиз . Рунический факультет - Школа Меньшиковой,"Символическое значение, трактовка, описание руны Альгиз - осока, защита, покровительство своего бога, озарения, помощь и память своих предков. … Толкование рун. РУНА – Альгиз (Algiz) значение руны. Перевернутое (обратное) положение.",20200923T052412,search-kw002-s06q003-q022-20260916-r100-0-19.json,POS11_20,TARGET,ARTICLE,REFERENCE,INFORMATION_SITE,FALSE,The title/snippet directly addresses the Algiz rune and its meaning. The title/snippet and article-like URL identify informational content.,HIGH
S06Q015,руна отал,INFORMATIONAL_LED,1,https://ru.wikipedia.org/wiki/%D0%9E%D0%B4%D0%B0%D0%BB,ru.wikipedia.org,ru.wikipedia.org,Одал — Википедия,"Одал (Отал, ᛟ) — 24-я руна старшего, 23-я руна англосаксонского и младшего рунического алфавитов. В старшем футарке называется *Ōþalan, что на прагерманском языке означает «наследие», «родовое имущество». В ранних германских языках происходящие от того же корня слова тоже связаны с родом и наследием.",20121220T082310,search-kw002-s06q003-q022-20260916-r100-0-19.json,TOP3,TARGET,ENCYCLOPEDIA,REFERENCE,ENCYCLOPEDIA,FALSE,The title/snippet directly addresses the Othala/Odal rune and its meaning. ru.wikipedia.org identifies an encyclopedia/reference entry.,HIGH
S06Q015,руна отал,INFORMATIONAL_LED,2,https://lunaro.ru/gidy/runy/odal,lunaro.ru,lunaro.ru,Руна Одал: значение семьи и традиций | Лунаро,"Руна Одал: значения и соответствия. Традиционное значение — «родовое гнездо», «дом», «разделение», «наследство». Цвета — красный, золотисто-зелёный. Положение в Старшем футарке — восьмая руна Третьего атта. Мифологическое соответствие — Один. Альтернативные названия руны Одал — Отила, Этель, Отал, Отала.",20250121T234953,search-kw002-s06q003-q022-20260916-r100-0-19.json,TOP3,TARGET,ARTICLE,REFERENCE,INFORMATION_SITE,FALSE,The title/snippet directly addresses the Othala/Odal rune and its meaning. The title/snippet and article-like URL identify informational content.,HIGH
S06Q015,руна отал,INFORMATIONAL_LED,3,https://elarus.ru/blog/runa-odal/,elarus.ru,elarus.ru,"Руна Одал: значение, описание и толкование перевернутой с фото",,20220707T185241,search-kw002-s06q003-q022-20260916-r100-0-19.json,TOP3,TARGET,ARTICLE,REFERENCE,INFORMATION_SITE,FALSE,The title/snippet directly addresses the Othala/Odal rune and its meaning. The title/snippet and article-like URL identify informational content.,HIGH
S06Q015,руна отал,INFORMATIONAL_LED,4,https://runavitalis.ru/runa-othila-opisanie/,runavitalis.ru,runavitalis.ru,"Руна Отал (Отала, Отила): значение, описание, толкование","Руна Отал (Отала, Отила) – сакральный символ викингов, который дарует семейное благополучие, наделяет способностью создавать внушительные капиталы и помогает вести бизнес в условиях любого кризиса. … Образы и символы руны Отал. Руна Отал однозначно ассоциируется с жилищем человека.",20230309T211321,search-kw002-s06q003-q022-20260916-r100-0-19.json,TOP10,TARGET,ARTICLE,REFERENCE,INFORMATION_SITE,FALSE,The title/snippet directly addresses the Othala/Odal rune and its meaning. The title/snippet and article-like URL identify informational content.,HIGH
S06Q015,руна отал,INFORMATIONAL_LED,5,https://goroskop365.ru/gadaniya/runa-othal/,goroskop365.ru,goroskop365.ru,Руна Отал - значение и толкование | ГОРОСКОПЫ 365,"Руна Отал изначально имела значение «земельная собственность, не подлежащая продаже или разделу», такую землю можно было только передать в наследство, но нельзя разделить или продать. Постепенно значение слова расширилось до «границы права собственности». Оно может означать и то, что находится в границах собственности – дом, угодья.",20221205T152237,search-kw002-s06q003-q022-20260916-r100-0-19.json,TOP10,TARGET,ARTICLE,REFERENCE,INFORMATION_SITE,FALSE,The title/snippet directly addresses the Othala/Odal rune and its meaning. The title/snippet and article-like URL identify informational content.,HIGH
S06Q015,руна отал,INFORMATIONAL_LED,6,https://xn--h1ajim.xn--p1ai/%D0%9E%D0%B4%D0%B0%D0%BB,руни.рф,xn--h1ajim.xn--p1ai,Одал — Энциклопедия Руниверсалис,"Одал (Отал, ᛟ) — 24-я руна старшего, 23-я руна англосаксонского и младшего рунического алфавитов. В старшем футарке называется *Ōþalan, что на прагерманском языке означает «наследие», «родовое имущество». В ранних германских языках происходящие от того же корня слова тоже связаны с родом и наследием.",20230217T151543,search-kw002-s06q003-q022-20260916-r100-0-19.json,TOP10,TARGET,ARTICLE,REFERENCE,INFORMATION_SITE,FALSE,The title/snippet directly addresses the Othala/Odal rune and its meaning. The title/snippet and article-like URL identify informational content.,HIGH
S06Q015,руна отал,INFORMATIONAL_LED,7,https://actro.online/mantika/runy/znacheniya-run/odal/,actro.online,actro.online,Руна Одал (Odal) - Значение и толкование,"Руна Ингуз в раскладах. Предсказательное трактование для раскладов. Отал в раскладах часто показывает родственников, особенно часто тех, которые проживают вместе. Также может указывать на Ваше место – это касается как работы, так и места или страны проживания, человек нашел свое место, где ему комфортно. В прямом положении.",20170510T003503,search-kw002-s06q003-q022-20260916-r100-0-19.json,TOP10,TARGET,ARTICLE,GUIDE,INFORMATION_SITE,FALSE,The title/snippet directly addresses the Othala/Odal rune and its meaning. The title/snippet and article-like URL identify informational content.,HIGH
S06Q015,руна отал,INFORMATIONAL_LED,8,http://runarium.ru/odal,runarium.ru,runarium.ru,"Руна Одал – род, собственность, границы","Трактовка руны Одал в шаманической традиции. Руна Одал – значение в гадательной практике. Значение руны Одал тесно связано с ее названием. С древнегерманского языка «Oþila» переводится как «род» (соответствие в англосаксонском – «Oeþel»). Традиционно Одал называют руной родства, наследования и собственности.",20171114T200000,search-kw002-s06q003-q022-20260916-r100-0-19.json,TOP10,TARGET,ARTICLE,GUIDE,INFORMATION_SITE,FALSE,The title/snippet directly addresses the Othala/Odal rune and its meaning. The title/snippet and article-like URL identify informational content.,HIGH
S06Q015,руна отал,INFORMATIONAL_LED,9,https://xn--80aejvmu5h.xn--80aswg/othila/,славяне.сайт,xn--80aejvmu5h.xn--80aswg,Руна Одал: понимание наследия и корней,"Руна Одал, также известная как Отала, является символом наследия и родовой земли в руническом алфавите. Она ассоциируется не только с физическим наследством, но и с духовными ценностями, такими как традиции, устои и культурное наследие.",20230728T161443,search-kw002-s06q003-q022-20260916-r100-0-19.json,TOP10,TARGET,ARTICLE,GUIDE,INFORMATION_SITE,FALSE,The title/snippet directly addresses the Othala/Odal rune and its meaning. The title/snippet and article-like URL identify informational content.,HIGH
S06Q015,руна отал,INFORMATIONAL_LED,10,https://xn--80azim.xn--p1acf/%D0%BE%D0%B4%D0%B0%D0%BB/,руна.рус,xn--80azim.xn--p1acf,Одал - руна наследия и собственности. Значение в гадании...,"В перевёрнутом виде Отала говорит о смерти близкого человека, потере имущества или денег, остановки в делах, сложностях в начинаиях. В раскладе на отношения эта руна символизирует кармического партнёра, с которым не удастся так просто разорвать отношения.",20201022T030000,search-kw002-s06q003-q022-20260916-r100-0-19.json,TOP10,TARGET,ARTICLE,REFERENCE,INFORMATION_SITE,FALSE,The title/snippet directly addresses the Othala/Odal rune and its meaning. The title/snippet and article-like URL identify informational content.,HIGH
S06Q015,руна отал,INFORMATIONAL_LED,11,https://magia.fandom.com/ru/wiki/%D0%9E%D0%B4%D0%B0%D0%BB,magia.fandom.com,magia.fandom.com,Одал | Магия в нас и вокруг нас вики | Fandom,"Руна Одал (Отила, Отал) — 23-й символ рунического алфавита. Находится под влиянием стихии Земли. Символизирует приобретение чего-либо: собственности, материальных благ, выгодных знакомств и полезных связей. Поговорим о значении руны Одал подробнее. Любая руна у Славян и Скандинавов имеет два...",20190424T233527,search-kw002-s06q003-q022-20260916-r100-0-19.json,POS11_20,TARGET,ENCYCLOPEDIA,REFERENCE,ENCYCLOPEDIA,FALSE,The title/snippet directly addresses the Othala/Odal rune and its meaning. magia.fandom.com identifies an encyclopedia/reference entry.,HIGH
S06Q015,руна отал,INFORMATIONAL_LED,12,https://horo.mail.ru/divination/runes/tile/24/,horo.mail.ru,horo.mail.ru,Отал - Описание Руны - Гороскопы Mail,"Отал – руна чрезвычайно благоприятная для тех, кто озабочен состоянием своих финансовых дел, поскольку она связана с продолжительным ростом благополучия, процветанием, получением фиксированного дохода; она также может обозначать наследство или высокое материальное положение, достигнутое благодаря усилиям предков.",20141104T054301,search-kw002-s06q003-q022-20260916-r100-0-19.json,POS11_20,TARGET,ARTICLE,REFERENCE,INFORMATION_SITE,FALSE,The title/snippet directly addresses the Othala/Odal rune and its meaning. The title/snippet and article-like URL identify informational content.,HIGH
S06Q015,руна отал,INFORMATIONAL_LED,13,https://astrohelper.ru/gadaniya/runy/znachenie/odal/,astrohelper.ru,astrohelper.ru,"Руна Одал (Отал, Отила): Значение и толкование","Одал (Отал, Отила): Применение руны в магии. Магическая сила руны Одал очень велика, и ее активация допускается только в самых крайних случаях. … Поэтому пользоваться магией Одал небезопасно – можно накликать беду на свою голову, причем неожиданную, плохо предсказуемую. Одал (Отал, Отила): Совет руны.",20170208T193057,search-kw002-s06q003-q022-20260916-r100-0-19.json,POS11_20,TARGET,ARTICLE,REFERENCE,INFORMATION_SITE,FALSE,The title/snippet directly addresses the Othala/Odal rune and its meaning. The title/snippet and article-like URL identify informational content.,HIGH
S06Q015,руна отал,INFORMATIONAL_LED,14,https://mk999.one/article/otala/,mk999.one,mk999.one,Руна Отала . Рунический факультет - Школа Меньшиковой,"Руна Отала — самый главный итог. Руна Наследия — это руна глобального завершения начатого, самый главный итог, ради которого живет человек. Руна Отала, как руна наследия, естественным образом активизирует семейный и родовой эгрегор. На первый план выходят семейные ценности, вопросы преемственности поколений.",20200909T160859,search-kw002-s06q003-q022-20260916-r100-0-19.json,POS11_20,TARGET,ARTICLE,GUIDE,INFORMATION_SITE,FALSE,The title/snippet directly addresses the Othala/Odal rune and its meaning. The title/snippet and article-like URL identify informational content.,HIGH
S06Q015,руна отал,INFORMATIONAL_LED,15,https://magiachisel.ru/Runy/znacheniya.aspx?addr=24&view=sep&kol=00,magiachisel.ru,magiachisel.ru,magiachisel.ru: Отал. Значения Руны,"Руны для начинающих. < > ОТАЛ — это руна, обозначающая собственность, и обычно она символизирует то, что можно приобрести за деньги. Как правило, это земля или жилье. Когда же указывает на сами деньги, то это либо наследство, либо они находятся в трастовом или пенсионном фондах.",20150309T162017,search-kw002-s06q003-q022-20260916-r100-0-19.json,POS11_20,TARGET,ARTICLE,GUIDE,INFORMATION_SITE,FALSE,The title/snippet directly addresses the Othala/Odal rune and its meaning. The title/snippet and article-like URL identify informational content.,HIGH
S06Q015,руна отал,INFORMATIONAL_LED,16,https://magya-online.ru/znachenie_run/otal,magya-online.ru,magya-online.ru,Отал - значение руны в гадании,"Руна Отал, выпавшая в гадании на конкретного человека, может рассказать, что для него предпочтительнее работа на дому. … Руна Отал призывает вас больше внимания уделять дому и близким. Перенесите часть офисной работы домой, а для того, чтобы дела пошли в гору, внимайте рекомендациям и советам старшего поколения родственников.",20150402T215440,search-kw002-s06q003-q022-20260916-r100-0-19.json,POS11_20,TARGET,ARTICLE,REFERENCE,INFORMATION_SITE,FALSE,The title/snippet directly addresses the Othala/Odal rune and its meaning. The title/snippet and article-like URL identify informational content.,HIGH
S06Q015,руна отал,INFORMATIONAL_LED,17,https://www.predskazanie.ru/znacheniya-run/index.php?rune=odal,predskazanie.ru,www.predskazanie.ru,"Руна Одал: значение, описание и толкование на Предсказание.RU","Руна Одал. Руны Футарка многогранны и позволяют охватить широчайший спектр жизненных явлений и ситуаций. Гадание на рунах – отличный способ проанализировать любую проблему, разобраться в отношениях, понять перспективы. Но специфика разных вопросов, которые задают рунам, предполагает и специфику их толкования.",20160526T222529,search-kw002-s06q003-q022-20260916-r100-0-19.json,POS11_20,TARGET,ARTICLE,REFERENCE,INFORMATION_SITE,FALSE,The title/snippet directly addresses the Othala/Odal rune and its meaning. The title/snippet and article-like URL identify informational content.,HIGH
S06Q015,руна отал,INFORMATIONAL_LED,18,https://dzen.ru/a/adPHuCtG7EcOp9HW,dzen.ru,dzen.ru,"Руна Отал: значение, проживание и применение | Артефакт | Дзен","Проживание рун: чему учит руна Отал? Освоение руны Отал лучше начинать с анализа родовых и семейных отношений. … Отал - это всегда глобальное, несдвигаемое, неподвижное. Жесткие ментальные установки, глобальная цель, ощущение безопасности - психологические состояния проживания руны Отал.",20260407T123455,search-kw002-s06q003-q022-20260916-r100-0-19.json,POS11_20,TARGET,SOCIAL,OTHER,SOCIAL_VIDEO,FALSE,The title/snippet directly addresses the Othala/Odal rune and its meaning. dzen.ru identifies a social-content page.,HIGH
S06Q015,руна отал,INFORMATIONAL_LED,19,https://tarotman.ru/runes/znacheniya/otala.html,tarotman.ru,tarotman.ru,"Руна Отала: значение в любви, отношениях, здоровье, карьере","Руна Отала в гадании на отношения и любовь. Руна Отала значение в отношениях и любви. В значении руны Отала в любви и отношениях у рунологов существуют разногласия. Некоторые утверждают, что данный символ всегда говорит о преданности, способности создать и оберегать свое личное пространство.",20171123T010000,search-kw002-s06q003-q022-20260916-r100-0-19.json,POS11_20,TARGET,ARTICLE,REFERENCE,INFORMATION_SITE,FALSE,The title/snippet directly addresses the Othala/Odal rune and its meaning. The title/snippet and article-like URL identify informational content.,HIGH
S06Q015,руна отал,INFORMATIONAL_LED,20,https://vk.ru/wall-12383872_23653,vk.ru,vk.ru,"Одал — безопасность, прочная крыша над головой...","Руна Отал-(Othila),(Ethel) – руна собственности и укрепления материальных связей. Как правило, амулет с изображением Руны Одал, если трактовать значение, исходя из древнегерманской практики, призван выделить знатного человека среди других.",20210630T054016,search-kw002-s06q003-q022-20260916-r100-0-19.json,POS11_20,TARGET,SOCIAL,OTHER,SOCIAL_VIDEO,FALSE,The title/snippet directly addresses the Othala/Odal rune and its meaning. vk.ru identifies a social-content page.,HIGH
S06Q016,руна феху,INFORMATIONAL_LED,1,https://ru.wikipedia.org/wiki/%D0%A4%D0%B5%D1%85%D1%83,ru.wikipedia.org,ru.wikipedia.org,Феху — Википедия,"Феху, Феу или Фе — первая руна старшего, младшего и англосаксонского футарка, и первая руна первого атта, посвящённого богу плодородия Фрейру и богине любви Фрейе. … Название старшей руны реконструируется на прагерманском языке как *fehu, что может означать «богатство», «благосостояние» или «имущество». На письме означает звуки [f] и [ɸ].",20070526T225556,search-kw002-s06q003-q022-20260916-r100-0-19.json,TOP3,TARGET,ENCYCLOPEDIA,REFERENCE,ENCYCLOPEDIA,FALSE,The title/snippet directly addresses the Fehu rune and its meaning. ru.wikipedia.org identifies an encyclopedia/reference entry.,HIGH
S06Q016,руна феху,INFORMATIONAL_LED,2,https://mk999.one/article/fehu/,mk999.one,mk999.one,Руна Феху .Рунический факультет - Школа Меньшиковой,"Руна Феху (Fehu). Описание руны Феху: трактовка, значение, толкование, символическое з Ее символическое значение — богатство, скот, имущество. Однако не следует забывать, что все руны очень аллегоричны, и их нельзя воспринимать буквально.",20200910T001336,search-kw002-s06q003-q022-20260916-r100-0-19.json,TOP3,TARGET,ARTICLE,REFERENCE,INFORMATION_SITE,FALSE,The title/snippet directly addresses the Fehu rune and its meaning. The title/snippet and article-like URL identify informational content.,HIGH
S06Q016,руна феху,INFORMATIONAL_LED,3,https://ru.ruwiki.ru/wiki/%D0%A4%D0%B5%D1%85%D1%83,ru.ruwiki.ru,ru.ruwiki.ru,Феху — Рувики: Интернет-энциклопедия,"Феху — изучайте подробную и систематизированную информацию в интернет-энциклопедии РУВИКИ. … Название старшей руны реконструируется на прагерманском языке как *fehu, что может означать «богатство», «благосостояние» или «имущество». На письме означает звуки [f] и [ɸ].",20230705T072942,search-kw002-s06q003-q022-20260916-r100-0-19.json,TOP3,TARGET,ENCYCLOPEDIA,REFERENCE,ENCYCLOPEDIA,FALSE,The title/snippet directly addresses the Fehu rune and its meaning. ru.ruwiki.ru identifies an encyclopedia/reference entry.,HIGH
S06Q016,руна феху,INFORMATIONAL_LED,4,https://elarus.ru/blog/runa-fehu/,elarus.ru,elarus.ru,"Руна Феху: значение, описание и толкование перевернутой с фото","Изображение: Значение руны Феху в рунескриптах. Если руна Феху встречается в рунескриптах — рунических надписях, предназначенных для решения определенных задач, то она усилит влияние других рун, а точнее их положительные качества. Обычно надпись, в которой присутствует Феху, используют для",20220622T154206,search-kw002-s06q003-q022-20260916-r100-0-19.json,TOP10,TARGET,ARTICLE,GUIDE,INFORMATION_SITE,FALSE,The title/snippet directly addresses the Fehu rune and its meaning. The title/snippet and article-like URL identify informational content.,HIGH
S06Q016,руна феху,INFORMATIONAL_LED,5,https://tarotman.ru/runes/znacheniya/fehu.html,tarotman.ru,tarotman.ru,"Руна Феху: значение в любви, отношениях, работе и магии","Руна Феху — основное значение и толкование. Чтобы понять подлинное значение руны Феху, сначала нужно обратиться к переводу её названия. Феху означает «скот». Нужно понимать, что скот — это не буквальное указание на коз, коров и домашних свиней, а именно имущество как таковое.",20180128T183122,search-kw002-s06q003-q022-20260916-r100-0-19.json,TOP10,TARGET,ARTICLE,GUIDE,INFORMATION_SITE,FALSE,The title/snippet directly addresses the Fehu rune and its meaning. The title/snippet and article-like URL identify informational content.,HIGH
S06Q016,руна феху,INFORMATIONAL_LED,6,https://actro.online/mantika/runy/znacheniya-run/fehu/,actro.online,actro.online,Значение Руны: Феху (Феу) | Астро онлайн,"Феху – первая руна Футарка, это руна зарождения и начала. Так же точно, как с нее начинается Футарк, так и она помогает начать новый жизненный виток. Феху – руна перехода на новый уровень. Она придаёт силы, помогает в творчестве и способствует появлению новых идей.",20170215T000158,search-kw002-s06q003-q022-20260916-r100-0-19.json,TOP10,TARGET,ARTICLE,GUIDE,INFORMATION_SITE,FALSE,The title/snippet directly addresses the Fehu rune and its meaning. The title/snippet and article-like URL identify informational content.,HIGH
S06Q016,руна феху,INFORMATIONAL_LED,7,https://xn--80aejvmu5h.xn--80aswg/fehu/,славяне.сайт,xn--80aejvmu5h.xn--80aswg,"Феху — Не просто иметь, но и уметь использовать","Изображение руны Феху. Графически руна Феху представляет собой вертикальную линию, с двумя диагональными линиями, идущими вверх и вправо от нее. Это представление может варьироваться в зависимости от конкретного рунического алфавита.",20230724T182654,search-kw002-s06q003-q022-20260916-r100-0-19.json,TOP10,TARGET,ARTICLE,GUIDE,INFORMATION_SITE,FALSE,The title/snippet directly addresses the Fehu rune and its meaning. The title/snippet and article-like URL identify informational content.,HIGH
S06Q016,руна феху,INFORMATIONAL_LED,8,https://media.stoloto.ru/article/runa-fehu-simvol-bogatstva-udaci-i-procvetania,media.stoloto.ru,media.stoloto.ru,Феху — первая руна богатства и денег. Символ огня и земли для...,"Значение и происхождение руны Феху. Руна Феху (ᚠ) — первая руна старшего футарка, самого раннего рунического алфавита. В разные времена её трактовка менялась, но суть оставалась одной: руна является символом удачи, везения и богатства. Древнее и современное толкование. Название руны Феху дословно переводится как «скот».",20250402T145232,search-kw002-s06q003-q022-20260916-r100-0-19.json,TOP10,TARGET,ARTICLE,GUIDE,INFORMATION_SITE,FALSE,The title/snippet directly addresses the Fehu rune and its meaning. The title/snippet and article-like URL identify informational content.,HIGH
S06Q016,руна феху,INFORMATIONAL_LED,9,http://runarium.ru/fehu,runarium.ru,runarium.ru,Руна Феху,"Феху – руна благополучия, руна огня – созидающего и, вероятно, разрушающего (преграды). Значение руны Феху сводится к прозрению, пониманию, контролю и власти, не обремененной самодовольством и ханжеством. Это мудрость без гордости, интеллект без лживости и хитрости.",20160612T191243,search-kw002-s06q003-q022-20260916-r100-0-19.json,TOP10,TARGET,ARTICLE,REFERENCE,INFORMATION_SITE,FALSE,The title/snippet directly addresses the Fehu rune and its meaning. The title/snippet and article-like URL identify informational content.,HIGH
S06Q016,руна феху,INFORMATIONAL_LED,10,https://magia.fandom.com/ru/wiki/%D0%A4%D0%B5%D1%85%D1%83,magia.fandom.com,magia.fandom.com,Феху | Магия в нас и вокруг нас вики | Fandom,"Руна Феху — первый символ старшего футарка. Другие названия: Феу, Фе, Феох, Fehu. Находится под покровительством стразу двух стихий — Огня и Земли. Цвет — красный. Наименование руны переводится: В современном значении: движимое имущество и богатство, деньги, золота В древнем значении: рогатый...",20190424T071503,search-kw002-s06q003-q022-20260916-r100-0-19.json,TOP10,TARGET,ENCYCLOPEDIA,REFERENCE,ENCYCLOPEDIA,FALSE,The title/snippet directly addresses the Fehu rune and its meaning. magia.fandom.com identifies an encyclopedia/reference entry.,HIGH
S06Q016,руна феху,INFORMATIONAL_LED,11,https://lunaro.ru/gidy/runy/fehu,lunaro.ru,lunaro.ru,Руна Феху: значение богатства и изобилия | Лунаро,"Руна Феху — очень земная и практичная. Она связана с материальным богатством, успешным преодолением трудностей и переменами к лучшему. Руна Феху: значения и соответствия. Традиционное значение — «крупный рогатый скот», «владение», «богатство». Цвета — золотисто-красный. Положение в Старшем футарке — первая руна Первого атта.",20250129T042620,search-kw002-s06q003-q022-20260916-r100-0-19.json,POS11_20,TARGET,ARTICLE,REFERENCE,INFORMATION_SITE,FALSE,The title/snippet directly addresses the Fehu rune and its meaning. The title/snippet and article-like URL identify informational content.,HIGH
S06Q016,руна феху,INFORMATIONAL_LED,12,https://www.ozon.ru/category/runy-fehu/,ozon.ru,www.ozon.ru,Руны феху купить на OZON по низкой цене,"Руны феху – покупайте на OZON по выгодным ценам! Быстрая и бесплатная доставка, большой ассортимент, бонусы, рассрочка и кэшбэк. Распродажи, скидки и акции. Реальные отзывы покупателей.",20220707T171410,search-kw002-s06q003-q022-20260916-r100-0-19.json,POS11_20,TARGET,MARKETPLACE_CATEGORY,UNKNOWN,OZON,FALSE,The title/snippet directly addresses the Fehu rune and its meaning. ozon.ru and the listing/category URL identify a marketplace category or search-results page.,HIGH
S06Q016,руна феху,INFORMATIONAL_LED,13,https://runavitalis.ru/runa-fehu-opisanie/,runavitalis.ru,runavitalis.ru,"Руна Феху (Феу, Фео, Fehu): значение, описание, толкование","Руна Феху (Феу, Фео, Фэо, Фейху, Файху, Фех, Фуху, Фе, fehu, руна F) известна даже тем, кто далёк от северной традиции и рунического искусства только потому, что Феху (Феу) считается самой денежной руной и символом, который сделает тебя богатым человеком.",20220928T002415,search-kw002-s06q003-q022-20260916-r100-0-19.json,POS11_20,TARGET,ARTICLE,REFERENCE,INFORMATION_SITE,FALSE,The title/snippet directly addresses the Fehu rune and its meaning. The title/snippet and article-like URL identify informational content.,HIGH
S06Q016,руна феху,INFORMATIONAL_LED,14,https://meanings.ru/selchenok/fehu.htm,meanings.ru,meanings.ru,"Руна феху, феу - Константин Сельченок","Руна феху, феу, фехе - значения рун старшего Футарка. Книга рун, Ральф Блюм, Антон Платов, Кеннет Медоуз - значения рун для гадания и магии в удобном онлайновом справочнике.",20091218T030000,search-kw002-s06q003-q022-20260916-r100-0-19.json,POS11_20,TARGET,ARTICLE,REFERENCE,INFORMATION_SITE,FALSE,The title/snippet directly addresses the Fehu rune and its meaning. The title/snippet and article-like URL identify informational content.,HIGH
S06Q016,руна феху,INFORMATIONAL_LED,15,https://runoznanie.blogspot.com/2019/02/fehu.html,runoznanie.blogspot.com,runoznanie.blogspot.com,РУНОзнание: Феху (Fehu),"Руна Феху— это первый символ всего Футарка. Она отвечает за материальное благосостояние. Она символизирует награду, богатство, счастливую любовь, удовлетворенное честолюбие. Сохранение достигнутого.",20190215T090725,search-kw002-s06q003-q022-20260916-r100-0-19.json,POS11_20,TARGET,ARTICLE,REFERENCE,INFORMATION_SITE,FALSE,The title/snippet directly addresses the Fehu rune and its meaning. The title/snippet and article-like URL identify informational content.,HIGH
S06Q016,руна феху,INFORMATIONAL_LED,16,https://goroskop365.ru/gadaniya/runa-fehu/,goroskop365.ru,goroskop365.ru,Руна Феху - значение и толкование | ГОРОСКОПЫ 365,"Руна Феху (если вы рождены 22 апреля – 7 мая). Феху – руна богатства, и человек, рожденный под знаком руны Феху, ставит материальный достаток во главу угла. Одним из главных источников удовольствия и беспокойства для него всегда будут деньги, а также то, что на них можно приобрести: материальные блага, развлечения, путешествия.",20221126T130835,search-kw002-s06q003-q022-20260916-r100-0-19.json,POS11_20,TARGET,ARTICLE,REFERENCE,INFORMATION_SITE,FALSE,The title/snippet directly addresses the Fehu rune and its meaning. The title/snippet and article-like URL identify informational content.,HIGH
S06Q016,руна феху,INFORMATIONAL_LED,17,https://www.solarvanir.org/znacheniya-run/fehu.html,solarvanir.org,www.solarvanir.org,Руна Феху (Fehu) — Значения рун — Центр Рунических...,,20140925T200327,search-kw002-s06q003-q022-20260916-r100-0-19.json,POS11_20,TARGET,ARTICLE,OTHER,INFORMATION_SITE,FALSE,The title/snippet directly addresses the Fehu rune and its meaning. The title/snippet and article-like URL identify informational content.,HIGH
S06Q016,руна феху,INFORMATIONAL_LED,18,https://voronwood.ru/blogs/runy/fehu-kak-pravilno-risovat,voronwood.ru,voronwood.ru,"Руна Феху: значение, активация, применение в ставах и магии денег","Как рисовать руну Феху. Изображение руны Феху — это не просто воспроизведение символа, а акт магического программирования. Правильная форма, цвет, порядок нанесения линий — всё имеет значение. Этот процесс можно сравнить с настройкой антенны: малейшая погрешность может нарушить приём сигнала. Ниже — пошаговые рекомендации.",20250806T172504,search-kw002-s06q003-q022-20260916-r100-0-19.json,POS11_20,TARGET,ARTICLE,GUIDE,INFORMATION_SITE,FALSE,The title/snippet directly addresses the Fehu rune and its meaning. The title/snippet and article-like URL identify informational content.,HIGH
S06Q016,руна феху,INFORMATIONAL_LED,19,https://astrohelper.ru/gadaniya/runy/znachenie/fehu/,astrohelper.ru,astrohelper.ru,Руна Феху (Феу): Значение и толкование,"Руна Феху в Скандинавии считается символом обладания, собственности. Причем учитывается как собственность в общепринятом значении (материальная), так и духовная собственность (привязанности, отношения). Один из покровителей руны – Один, верховный бог скандинавского пантеона, так что ее влияние весьма сильно.",20170201T155637,search-kw002-s06q003-q022-20260916-r100-0-19.json,POS11_20,TARGET,ARTICLE,GUIDE,INFORMATION_SITE,FALSE,The title/snippet directly addresses the Fehu rune and its meaning. The title/snippet and article-like URL identify informational content.,HIGH
S06Q016,руна феху,INFORMATIONAL_LED,20,https://www.wildberries.ru/catalog/tags/runa-fehu-amulet,wildberries.ru,www.wildberries.ru,Руна феху амулет - Купить в интернет магазине WildBerries.ru,"Руна феху амулет - Большой выбор в интернет-магазине WildBerries.ru. Бесплатная доставка и постоянные скидки! … Ягерь Мастер / Браслет Руна Феху, ручная работа. 4,9 4 842 оценки. 19 сентября. Бусина руна Феху, талисман богатства, ручной работы.",20250405T014244,search-kw002-s06q003-q022-20260916-r100-0-19.json,POS11_20,TARGET,MARKETPLACE_CATEGORY,UNKNOWN,WILDBERRIES,FALSE,The title/snippet directly addresses the Fehu rune and its meaning. wildberries.ru and the listing/category URL identify a marketplace category or search-results page.,HIGH
S06Q017,славянский оберег,COMMERCIAL_LED,1,https://simvolroda.ru/,simvolroda.ru,simvolroda.ru,Cлавянские обереги и чертоги ручной работы. Символрода...,"Создадим для вас уникальный славянский оберег ручной работы с бесплатной доставкой! Наша Славянская мастерская состоит из команды профессионально подготовленных специалистов ювелирного мастерства, с большим опытом (стаж работы более 15 лет).",20140612T034303,search-kw002-s06q003-q022-20260916-r100-0-19.json,TOP3,TARGET,HOMEPAGE,UNKNOWN,INDEPENDENT_SHOP,FALSE,The title/snippet directly addresses Slavic protective charms and their meanings. The root URL identifies a homepage.,HIGH
S06Q017,славянский оберег,COMMERCIAL_LED,2,https://www.wildberries.ru/catalog/tags/zhiva-obereg,wildberries.ru,www.wildberries.ru,Жива оберег - Купить в интернет магазине WildBerries.ru,"Обереги славян / Бог Чур - оберег для защиты дома и семьи, славянский оберег. … Славянский оберег (подвеска) ""Жива"", бронза 8 гр Миртъ.",20250424T205719,search-kw002-s06q003-q022-20260916-r100-0-19.json,TOP3,TARGET,MARKETPLACE_CATEGORY,UNKNOWN,WILDBERRIES,FALSE,The title/snippet directly addresses Slavic protective charms and their meanings. wildberries.ru and the listing/category URL identify a marketplace category or search-results page.,HIGH
S06Q017,славянский оберег,COMMERCIAL_LED,3,https://www.ozon.ru/category/slavyanskiy-obereg-lada/,ozon.ru,www.ozon.ru,Славянский оберег Лада купить на OZON по низкой цене,"Быстрая и бесплатная доставка, большой ассортимент, бонусы, рассрочка и кэшбэк. Распродажи, скидки и акции. Реальные отзывы покупателей.",20220707T145827,search-kw002-s06q003-q022-20260916-r100-0-19.json,TOP3,TARGET,MARKETPLACE_CATEGORY,UNKNOWN,OZON,FALSE,The title/snippet directly addresses Slavic protective charms and their meanings. ozon.ru and the listing/category URL identify a marketplace category or search-results page.,HIGH
S06Q017,славянский оберег,COMMERCIAL_LED,4,https://slavyanskieoberegi.ru/,slavyanskieoberegi.ru,slavyanskieoberegi.ru,Славянские обереги из серебра 925 — Мастерская Ярило,"Авторские обереги из серебра 925 и бронзы. Кольца, браслеты, амулеты с символами предков. Ручная работа с 2015 года. Доставка по России.",20160730T210852,search-kw002-s06q003-q022-20260916-r100-0-19.json,TOP10,TARGET,HOMEPAGE,UNKNOWN,INDEPENDENT_SHOP,FALSE,The title/snippet directly addresses Slavic protective charms and their meanings. The root URL identifies a homepage.,HIGH
S06Q017,славянский оберег,COMMERCIAL_LED,5,https://slavyanskieoberegi.ru/slavyanskie-oberegi/,slavyanskieoberegi.ru,slavyanskieoberegi.ru,Славянские обереги — значение символов | Ярило,"Одним из ярких примеров славянских оберегов (индивидуальных) можно считать солнечный знак валькирии, который носили только славянские женщины, заботившиеся о защите своего рода и семьи.",20160731T185253,search-kw002-s06q003-q022-20260916-r100-0-19.json,TOP10,TARGET,ARTICLE,REFERENCE,INDEPENDENT_SHOP,FALSE,The title/snippet directly addresses Slavic protective charms and their meanings. The title/snippet and article-like URL identify informational content.,HIGH
S06Q017,славянский оберег,COMMERCIAL_LED,6,https://slavyanskieoberegi.ru/product-category/amulety/,slavyanskieoberegi.ru,slavyanskieoberegi.ru,Славянские амулеты и обереги ручной работы. Ярило мастер.,Амулеты Славянские из серебра и золота можете купить в нашей Мастерской ярило. Все пожелания указывайте в примечании к заказу при оформлении самого заказа.,20180523T143322,search-kw002-s06q003-q022-20260916-r100-0-19.json,TOP10,TARGET,CATEGORY,UNKNOWN,INDEPENDENT_SHOP,FALSE,The title/snippet directly addresses Slavic protective charms and their meanings. The domain/title and catalog-like URL identify an independent-site category.,HIGH
S06Q017,славянский оберег,COMMERCIAL_LED,7,https://www.livemaster.ru/catalogue/tag/3547-slavyanskie-oberegi,livemaster.ru,www.livemaster.ru,Славянские обереги — купить в интернет-магазине с доставкой...,,20170630T052612,search-kw002-s06q003-q022-20260916-r100-0-19.json,TOP10,TARGET,MARKETPLACE_CATEGORY,UNKNOWN,LIVEMASTER,FALSE,The title/snippet directly addresses Slavic protective charms and their meanings. livemaster.ru and the listing/category URL identify a marketplace category or search-results page.,HIGH
S06Q017,славянский оберег,COMMERCIAL_LED,8,https://simvolroda.ru/simvoly/,simvolroda.ru,simvolroda.ru,Значения символов славянских оберегов - мастерская...,Какое значение несут нам славянские обереги? Описание и значения славянских оберегов на этой страницу. Мы рассказали кратко о каждом из них. К каждому оберегу идет изображение и подборка изделий нашей мастерской Символ Рода.,20161110T001157,search-kw002-s06q003-q022-20260916-r100-0-19.json,TOP10,TARGET,ARTICLE,REFERENCE,INDEPENDENT_SHOP,FALSE,The title/snippet directly addresses Slavic protective charms and their meanings. The title/snippet and article-like URL identify informational content.,HIGH
S06Q017,славянский оберег,COMMERCIAL_LED,9,https://blog.beregy.ru/slavyanskie-oberegi-i-ikh-znachenie/,blog.beregy.ru,blog.beregy.ru,Славянские обереги и их значение читайте в этой статье,"Славянский мужской оберег коловрат. Славянские мужские обереги отличаются от женских своим действием, ведь в древние времена они защищали славян во время охоты и сражений, приносили удачу и хранили здоровье.",20171016T134447,search-kw002-s06q003-q022-20260916-r100-0-19.json,TOP10,TARGET,ARTICLE,REFERENCE,INFORMATION_SITE,FALSE,The title/snippet directly addresses Slavic protective charms and their meanings. The title/snippet and article-like URL identify informational content.,HIGH
S06Q017,славянский оберег,COMMERCIAL_LED,10,https://dzen.ru/a/XszPgVZNoz0cbEu8,dzen.ru,dzen.ru,"20-ка сильнейших, славянских мужских оберегов. | Дзен","Мужские славянские обереги и их значение достаточно разнообразны. … А теперь рассмотрим 20-ку сильнейших славянских оберегов для нашего сильного пола (уточню, что некоторые из перечисленных ниже амулетов, являются универсальными).",20200526T152441,search-kw002-s06q003-q022-20260916-r100-0-19.json,TOP10,TARGET,SOCIAL,LIST,SOCIAL_VIDEO,FALSE,The title/snippet directly addresses Slavic protective charms and their meanings. dzen.ru identifies a social-content page.,HIGH
S06Q017,славянский оберег,COMMERCIAL_LED,11,https://www.ozon.ru/category/obereg-dazhdbog/,ozon.ru,www.ozon.ru,Оберег даждьбог купить на OZON по низкой цене,"Оберег даждьбог – покупайте на OZON по выгодным ценам! Быстрая и бесплатная доставка, большой ассортимент, бонусы, рассрочка и кэшбэк.",20190216T064310,search-kw002-s06q003-q022-20260916-r100-0-19.json,POS11_20,TARGET,MARKETPLACE_CATEGORY,UNKNOWN,OZON,FALSE,The title/snippet directly addresses Slavic protective charms and their meanings. ozon.ru and the listing/category URL identify a marketplace category or search-results page.,HIGH
S06Q017,славянский оберег,COMMERCIAL_LED,12,https://www.ozon.ru/category/slavyanskiy-obereg-zhiva/,ozon.ru,www.ozon.ru,Славянский оберег жива купить на OZON по низкой цене,"Славянский оберег жива – покупайте на OZON по выгодным ценам, быстрая и бесплатная доставка, большой ассортимент, бонусы, рассрочка и кэшбэк, распродажи, скидки и акции, реальные отзывы покупателей.",20220801T234702,search-kw002-s06q003-q022-20260916-r100-0-19.json,POS11_20,TARGET,MARKETPLACE_CATEGORY,UNKNOWN,OZON,FALSE,The title/snippet directly addresses Slavic protective charms and their meanings. ozon.ru and the listing/category URL identify a marketplace category or search-results page.,HIGH
S06Q017,славянский оберег,COMMERCIAL_LED,13,https://www.ozon.ru/category/slavyanskiy-obereg-bronza/,ozon.ru,www.ozon.ru,Славянский оберег бронза купить на OZON по низкой цене,"Быстрая и бесплатная доставка, большой ассортимент, бонусы, рассрочка и кэшбэк. Распродажи, скидки и акции. Реальные отзывы покупателей.",20220728T035930,search-kw002-s06q003-q022-20260916-r100-0-19.json,POS11_20,TARGET,MARKETPLACE_CATEGORY,UNKNOWN,OZON,FALSE,The title/snippet directly addresses Slavic protective charms and their meanings. ozon.ru and the listing/category URL identify a marketplace category or search-results page.,HIGH
S06Q017,славянский оберег,COMMERCIAL_LED,14,https://slavyanskieoberegi.ru/katalog-slavyanskix-oberegov/,slavyanskieoberegi.ru,slavyanskieoberegi.ru,Славянские обереги из серебра 925 — каталог | Ярило,"550+ оберегов из серебра 925. Амулеты, кольца, браслеты с символами предков. Ручная работа с 2015 года. Доставка по России.",20180630T120719,search-kw002-s06q003-q022-20260916-r100-0-19.json,POS11_20,TARGET,CATEGORY,UNKNOWN,INDEPENDENT_SHOP,FALSE,The title/snippet directly addresses Slavic protective charms and their meanings. The domain/title and catalog-like URL identify an independent-site category.,HIGH
S06Q017,славянский оберег,COMMERCIAL_LED,15,https://www.livemaster.ru/popular/80157-slavyanskie-oberegi-iz-serebra,livemaster.ru,www.livemaster.ru,Славянские обереги из серебра – купить на Ярмарке Мастеров,"Славянский оберег ""Алатырь"" из серебра с рунической надписью. … Славянский оберег Коловрат двусторонний с соколом из серебра.",20170815T104220,search-kw002-s06q003-q022-20260916-r100-0-19.json,POS11_20,TARGET,MARKETPLACE_CATEGORY,UNKNOWN,LIVEMASTER,FALSE,The title/snippet directly addresses Slavic protective charms and their meanings. livemaster.ru and the listing/category URL identify a marketplace category or search-results page.,HIGH
S06Q017,славянский оберег,COMMERCIAL_LED,16,https://www.ozon.ru/category/slavyanskie-oberegi-brelki/,ozon.ru,www.ozon.ru,Славянские обереги брелки купить на OZON по низкой цене,"Быстрая и бесплатная доставка, большой ассортимент, бонусы, рассрочка и кэшбэк. Распродажи, скидки и акции. Реальные отзывы покупателей.",20220801T233439,search-kw002-s06q003-q022-20260916-r100-0-19.json,POS11_20,TARGET,MARKETPLACE_CATEGORY,UNKNOWN,OZON,FALSE,The title/snippet directly addresses Slavic protective charms and their meanings. ozon.ru and the listing/category URL identify a marketplace category or search-results page.,HIGH
S06Q017,славянский оберег,COMMERCIAL_LED,17,https://www.wildberries.ru/catalog/tags/staroslavjanskie-amulety,wildberries.ru,www.wildberries.ru,Старославянские амулеты - Купить в интернет магазине...,"Славянский амулет оберег Символ Расы ОптимаБизнес. … Амулет на шею, Славянский оберег Огневица 11 гр, 35Х27 мм Вербица.",20250408T152606,search-kw002-s06q003-q022-20260916-r100-0-19.json,POS11_20,TARGET,MARKETPLACE_CATEGORY,UNKNOWN,WILDBERRIES,FALSE,The title/snippet directly addresses Slavic protective charms and their meanings. wildberries.ru and the listing/category URL identify a marketplace category or search-results page.,HIGH
S06Q017,славянский оберег,COMMERCIAL_LED,18,https://www.ozon.ru/category/slavyanskiy-obereg-simvol-roda/,ozon.ru,www.ozon.ru,Славянский оберег символ рода купить на OZON по низкой цене,"Славянский оберег символ рода – покупайте на OZON по выгодным ценам, быстрая и бесплатная доставка, большой ассортимент, бонусы, рассрочка и кэшбэк, распродажи, скидки и акции, реальные отзывы покупателей.",20220731T215052,search-kw002-s06q003-q022-20260916-r100-0-19.json,POS11_20,TARGET,MARKETPLACE_CATEGORY,UNKNOWN,OZON,FALSE,The title/snippet directly addresses Slavic protective charms and their meanings. ozon.ru and the listing/category URL identify a marketplace category or search-results page.,HIGH
S06Q017,славянский оберег,COMMERCIAL_LED,19,https://www.ozon.ru/category/oberegi-slavyanskie-znich/,ozon.ru,www.ozon.ru,Обереги славянские знич купить на OZON по низкой цене,"Быстрая и бесплатная доставка, большой ассортимент, бонусы, рассрочка и кэшбэк. Распродажи, скидки и акции. Реальные отзывы покупателей.",20220730T170620,search-kw002-s06q003-q022-20260916-r100-0-19.json,POS11_20,TARGET,MARKETPLACE_CATEGORY,UNKNOWN,OZON,FALSE,The title/snippet directly addresses Slavic protective charms and their meanings. ozon.ru and the listing/category URL identify a marketplace category or search-results page.,HIGH
S06Q017,славянский оберег,COMMERCIAL_LED,20,https://www.ozon.ru/category/slavyanskie-oberegi-na-odezhde/,ozon.ru,www.ozon.ru,Славянские обереги на одежде купить на OZON по низкой цене,"Славянские обереги на одежде – покупайте на OZON по выгодным ценам, быстрая и бесплатная доставка, большой ассортимент, бонусы, рассрочка и кэшбэк, распродажи, скидки и акции, реальные отзывы покупателей.",20220919T235422,search-kw002-s06q003-q022-20260916-r100-0-19.json,POS11_20,TARGET,MARKETPLACE_CATEGORY,UNKNOWN,OZON,FALSE,The title/snippet directly addresses Slavic protective charms and their meanings. ozon.ru and the listing/category URL identify a marketplace category or search-results page.,HIGH
S06Q018,славянский символ,HYBRID_INFO_COMMERCE,1,https://ru.pinterest.com/ideas/%D1%81%D0%BB%D0%B0%D0%B2%D1%8F%D0%BD%D1%81%D0%BA%D0%B8%D0%B5-%D1%81%D0%B8%D0%BC%D0%B2%D0%BE%D0%BB%D1%8B/909575828868/,ru.pinterest.com,ru.pinterest.com,Славянские Символы,"Славянские Символы Обереги И Их Значение. Ладинец. Славянский символ Чур. Славянское древо жизни | Славянский крест, Защитные знаки.",20230721T161357,search-kw002-s06q003-q022-20260916-r100-0-19.json,TOP3,ADJACENT,SOCIAL,OTHER,SOCIAL_VIDEO,FALSE,"The Pinterest result provides visual ideas for Slavic symbols, related but not a direct explanatory or product result. ru.pinterest.com identifies a social-content page.",MEDIUM
S06Q018,славянский символ,HYBRID_INFO_COMMERCE,2,https://xn--80aejvmu5h.xn--80aswg/slavyanskie-simvoly-2/,славяне.сайт,xn--80aejvmu5h.xn--80aswg,Славянские символы и их значения,Содержание … Для чего нужно знать славянские символы … Источники знаний о славянской символике,20180211T030000,search-kw002-s06q003-q022-20260916-r100-0-19.json,TOP3,TARGET,ARTICLE,REFERENCE,INFORMATION_SITE,FALSE,The title/snippet directly addresses Slavic symbols and their meanings. The title/snippet and article-like URL identify informational content.,HIGH
S06Q018,славянский символ,HYBRID_INFO_COMMERCE,3,https://simvolroda.ru/simvoly/,simvolroda.ru,simvolroda.ru,Значения символов славянских оберегов - мастерская...,Какое значение несут нам славянские обереги? Описание и значения славянских оберегов на этой страницу. Мы рассказали кратко о каждом из них. К каждому оберегу идет изображение и подборка изделий нашей мастерской Символ Рода.,20161110T001157,search-kw002-s06q003-q022-20260916-r100-0-19.json,TOP3,TARGET,ARTICLE,REFERENCE,INDEPENDENT_SHOP,FALSE,The title/snippet directly addresses Slavic symbols and their meanings. The title/snippet and article-like URL identify informational content.,HIGH
S06Q018,славянский символ,HYBRID_INFO_COMMERCE,4,https://veles.bz/articles/slavyanskie-simvoly-i-ih-znachenie,veles.bz,veles.bz,Славянские символы и их значение,"Славянские обережные символы разделяются по стихиям, они являются проводниками мужской или женской энергии. Символы настраивают сознание, выполняют защитные функции, служат проводниками между мирами созданными Родом. Данная статья - ключ к пониманию свастичной, рунической символики.",20170710T115600,search-kw002-s06q003-q022-20260916-r100-0-19.json,TOP10,TARGET,ARTICLE,REFERENCE,INFORMATION_SITE,FALSE,The title/snippet directly addresses Slavic symbols and their meanings. The title/snippet and article-like URL identify informational content.,HIGH
S06Q018,славянский символ,HYBRID_INFO_COMMERCE,5,https://slavyanskieoberegi.ru/slavyanskie-oberegi/,slavyanskieoberegi.ru,slavyanskieoberegi.ru,Славянские обереги — значение символов | Ярило,"Для того чтобы славянские обереги работали на защиту своего владельца, важно правильно их подобрать. Ниже представлены основные советы относительно выбора и использования славянской символики в повседневной жизни … Славянские символы часто наносились не только на обереги, но и на предметы быта и одежду.",20160731T185253,search-kw002-s06q003-q022-20260916-r100-0-19.json,TOP10,TARGET,ARTICLE,GUIDE,INDEPENDENT_SHOP,FALSE,The title/snippet directly addresses Slavic symbols and their meanings. The title/snippet and article-like URL identify informational content.,HIGH
S06Q018,славянский символ,HYBRID_INFO_COMMERCE,6,https://www.slavyarmarka.ru/blogi-simvoly/,slavyarmarka.ru,www.slavyarmarka.ru,Славянские символы | Славянская Лавка,...Славянская философия Славянские обычаи и традиции Славянские Боги Славянская семья Славяне в современном мире Зона выживальщика Лечебные травы Славянский очаг Славянское ремесло Славянские символы Славянские места силы Здоровое питание славян В ладу с природой Животные на Руси Суть потаённого Славянская...,20150120T231405,search-kw002-s06q003-q022-20260916-r100-0-19.json,TOP10,TARGET,ARTICLE,REFERENCE,INFORMATION_SITE,FALSE,The title/snippet directly addresses Slavic symbols and their meanings. The title/snippet and article-like URL identify informational content.,HIGH
S06Q018,славянский символ,HYBRID_INFO_COMMERCE,7,https://slavuzory.ru/articles/znacenie-slavianskix-simvolov,slavuzory.ru,slavuzory.ru,Значение славянских символов,"Изучайте значение славянских символов на одежде - от древних амулетов до современных дизайнов. Узнайте, как символы влияют на энергетику и стиль.",20151203T164820,search-kw002-s06q003-q022-20260916-r100-0-19.json,TOP10,TARGET,ARTICLE,GUIDE,INFORMATION_SITE,FALSE,The title/snippet directly addresses Slavic symbols and their meanings. The title/snippet and article-like URL identify informational content.,HIGH
S06Q018,славянский символ,HYBRID_INFO_COMMERCE,8,https://www.wildberries.ru/catalog/yuvelirnye-ukrasheniya/tags/slavjanskii-simvol,wildberries.ru,www.wildberries.ru,Славянский символ - Купить в интернет магазине WildBerries.ru,"Славянский символ - Большой выбор в интернет-магазине WildBerries.ru. Бесплатная доставка и постоянные скидки! … Рубашка льняная славянская ""Велес"". 5 5 оценок. 18 сентября. Шарм славянский символ Звезда Руси СЛАВГРАД.",20250321T174541,search-kw002-s06q003-q022-20260916-r100-0-19.json,TOP10,TARGET,MARKETPLACE_CATEGORY,UNKNOWN,WILDBERRIES,FALSE,The title/snippet directly addresses Slavic symbols and their meanings. wildberries.ru and the listing/category URL identify a marketplace category or search-results page.,HIGH
S06Q018,славянский символ,HYBRID_INFO_COMMERCE,9,https://market.yandex.ru/category/slavyanskiye-simvoly,market.yandex.ru,market.yandex.ru,Славянские символы - купить по низкой цене на Яндекс Маркете,Славянские символы — купить на Яндекс Маркете по выгодным ценам. В каталоге с реальными отзывами покупателей. Быстрая доставка по клику. Оплата в рассрочку или по частям.,20210618T222726,search-kw002-s06q003-q022-20260916-r100-0-19.json,TOP10,TARGET,MARKETPLACE_CATEGORY,UNKNOWN,YANDEX_MARKET,FALSE,The title/snippet directly addresses Slavic symbols and their meanings. market.yandex.ru and the listing/category URL identify a marketplace category or search-results page.,HIGH
S06Q018,славянский символ,HYBRID_INFO_COMMERCE,10,https://www.slavyarmarka.ru/polnyj-spisok-slavjanskih-simvolov/,slavyarmarka.ru,www.slavyarmarka.ru,Славянские языческие символы | Славянские символы,...Славянская философия Славянские обычаи и традиции Славянские Боги Славянская семья Славяне в современном мире Зона выживальщика Лечебные травы Славянский очаг Славянское ремесло Славянские символы Славянские места силы Здоровое питание славян В ладу с природой Животные на Руси Суть потаённого Славянская...,20150506T072846,search-kw002-s06q003-q022-20260916-r100-0-19.json,TOP10,TARGET,ARTICLE,REFERENCE,INFORMATION_SITE,FALSE,The title/snippet directly addresses Slavic symbols and their meanings. The title/snippet and article-like URL identify informational content.,HIGH
S06Q018,славянский символ,HYBRID_INFO_COMMERCE,11,https://miroslavna.ru/galerea_simvolov.html,miroslavna.ru,miroslavna.ru,Мастерская Мирославны - Славянские символы,"Богач — символ богатого урожая, символ богатства в крестьянском хозяйстве. Боговник — славянский ведический символ имеющий мерность выходящую за рамки 16 мерности, олицетворяющий Вечную силу и покровительство Светлых Богов человеку, ставшему на путь Духовного развития и совершенствования.",20150308T060700,search-kw002-s06q003-q022-20260916-r100-0-19.json,POS11_20,TARGET,ARTICLE,REFERENCE,INFORMATION_SITE,FALSE,The title/snippet directly addresses Slavic symbols and their meanings. The title/snippet and article-like URL identify informational content.,HIGH
S06Q018,славянский символ,HYBRID_INFO_COMMERCE,12,https://kartaslov.ru/%D0%BA%D0%BD%D0%B8%D0%B3%D0%B8/%D0%9D%D0%B0%D1%82%D0%B0%D0%BB%D1%8C%D1%8F_%D0%A1%D0%BE%D0%BB%D0%BD%D1%86%D0%B5_%D0%A1%D0%BB%D0%B0%D0%B2%D1%8F%D0%BD%D1%81%D0%BA%D0%B8%D0%B5_%D1%81%D0%B8%D0%BC%D0%B2%D0%BE%D0%BB%D1%8B_%D0%B2_%D0%BE%D0%B1%D0%B5%D1%80%D0%B5%D0%B6%D0%BD%D0%BE%D0%B9_%D0%B2%D1%8B%D1%88%D0%B8%D0%B2%D0%BA%D0%B5_%D0%97%D0%BD%D0%B0%D1%87%D0%B5%D0%BD%D0%B8%D0%B5_%D1%81%D1%85%D0%B5%D0%BC%D1%8B_%D0%B8/5,kartaslov.ru,kartaslov.ru,Обережные символы — Славянские символы в обережной...,"Знак, отражающий славение бога Велеса, как подателя благосостояния, которое у славян состояло из хорошего урожая и здорового поголовья скота. Символика знака — сила быка, могучего животного, подчиняющего себе всё окружение. … Символы Духобор и Целебник относят к знакам бога Трояна — славянского бога знахарства и траволечения.",20200831T082043,search-kw002-s06q003-q022-20260916-r100-0-19.json,POS11_20,TARGET,ARTICLE,GUIDE,ENCYCLOPEDIA,FALSE,The title/snippet directly addresses Slavic symbols and their meanings. The title/snippet and article-like URL identify informational content.,HIGH
S06Q018,славянский символ,HYBRID_INFO_COMMERCE,13,https://kozeeva.ru/stati/smysl-simvolov-chast-1-drevneslavyanskie-simvoly,kozeeva.ru,kozeeva.ru,Смысл символов. Часть 1. Древнеславянские символы | Козеева...,"Давайте рассмотрим основные символы древних славян и попробуем хотя бы представить себе глубину значений каждого из них. И прежде чем мы начнем наше знакомство со славянскими символами, хочется отметить еще одну важную вещь. Несмотря на то, что многие века официальной религией славян считается христианство...",20160331T224138,search-kw002-s06q003-q022-20260916-r100-0-19.json,POS11_20,TARGET,ARTICLE,REFERENCE,INFORMATION_SITE,FALSE,The title/snippet directly addresses Slavic symbols and their meanings. The title/snippet and article-like URL identify informational content.,HIGH
S06Q018,славянский символ,HYBRID_INFO_COMMERCE,14,https://www.ozon.ru/category/slavyanskie-oberegi/,ozon.ru,www.ozon.ru,Славянские обереги купить на OZON по низкой цене,"Славянские обереги – покупайте на OZON по выгодным ценам, быстрая и бесплатная доставка, большой ассортимент, бонусы, рассрочка и кэшбэк, распродажи, скидки и акции, реальные отзывы покупателей.",20220707T171314,search-kw002-s06q003-q022-20260916-r100-0-19.json,POS11_20,TARGET,MARKETPLACE_CATEGORY,UNKNOWN,OZON,FALSE,The title/snippet directly addresses Slavic symbols and their meanings. ozon.ru and the listing/category URL identify a marketplace category or search-results page.,HIGH
S06Q018,славянский символ,HYBRID_INFO_COMMERCE,15,https://www.livemaster.ru/topic/1774311-article-oberezhnaya-vyshivka-s-primerami-shem-i-znacheniem-simvolov,livemaster.ru,www.livemaster.ru,Обережная вышивка с примерами схем и значением символов...,"Оберег на удачу. Обережная вышивка с примерами схем и значением символов, фото № 5. К каждому этапу такого рукоделия выставляются особые требования, которых неукоснительно следует придерживаться. Славянские традиции имеют свои особенности такой работы.",20160425T172424,search-kw002-s06q003-q022-20260916-r100-0-19.json,POS11_20,TARGET,ARTICLE,REFERENCE,LIVEMASTER,FALSE,The title/snippet directly addresses Slavic symbols and their meanings. The title/snippet and article-like URL identify informational content.,HIGH
S06Q018,славянский символ,HYBRID_INFO_COMMERCE,16,https://ru.wikipedia.org/wiki/%D0%9A%D0%BE%D0%BB%D0%BE%D0%B2%D1%80%D0%B0%D1%82_(%D1%81%D0%B8%D0%BC%D0%B2%D0%BE%D0%BB),ru.wikipedia.org,ru.wikipedia.org,Коловрат (символ) — Википедия,,20190507T143608,search-kw002-s06q003-q022-20260916-r100-0-19.json,POS11_20,TARGET,ENCYCLOPEDIA,REFERENCE,ENCYCLOPEDIA,FALSE,The title/snippet directly addresses Slavic symbols and their meanings. ru.wikipedia.org identifies an encyclopedia/reference entry.,HIGH
S06Q018,славянский символ,HYBRID_INFO_COMMERCE,17,https://www.vokrugsveta.ru/history/pletushie-sudby-kak-chitat-poslaniya-zashifrovannye-v-tradicionnykh-russkikh-ornamentakh-id6323809/,vokrugsveta.ru,www.vokrugsveta.ru,"Славянские языческие символы: как выглядят, где... | Вокруг Света","В узорах, которыми украшены, например, резные деревянные наличники, можно разглядеть древние языческие символы. Рассказываем, на какие детали нужно обратить внимание. 2 мая 2025. Деревянный декор зданий, изразцовые стены, кружево — встречающиеся нам в путешествиях по России орнаменты и узоры хранят зашифрованные послания.",20250430T155519,search-kw002-s06q003-q022-20260916-r100-0-19.json,POS11_20,TARGET,ARTICLE,GUIDE,INFORMATION_SITE,FALSE,The title/snippet directly addresses Slavic symbols and their meanings. The title/snippet and article-like URL identify informational content.,HIGH
S06Q018,славянский символ,HYBRID_INFO_COMMERCE,18,https://market.yandex.ru/category/slavyanskiye-oberegi,market.yandex.ru,market.yandex.ru,Славянские обереги - купить по низкой цене на Яндекс Маркете,Славянские обереги — купить на Яндекс Маркете по выгодным ценам. В каталоге с реальными отзывами покупателей. Быстрая доставка по клику. Оплата в рассрочку или по частям.,20200617T040535,search-kw002-s06q003-q022-20260916-r100-0-19.json,POS11_20,TARGET,MARKETPLACE_CATEGORY,UNKNOWN,YANDEX_MARKET,FALSE,The title/snippet directly addresses Slavic symbols and their meanings. market.yandex.ru and the listing/category URL identify a marketplace category or search-results page.,HIGH
S06Q018,славянский символ,HYBRID_INFO_COMMERCE,19,https://blog.replicahouse.ru/slavyanskie-oberegi-i-ikh-znachenie/,blog.replicahouse.ru,blog.replicahouse.ru,Славянские обереги и их значение читайте в этой статье,"Для славян Символ Белобог имел светлое и позитивное значение. Это Белый бог, который в славянской мифологии был образцом лучших человеческих добродетелей. Он символизировал честность, порядочность, справедливость.",20171016T134447,search-kw002-s06q003-q022-20260916-r100-0-19.json,POS11_20,TARGET,ARTICLE,REFERENCE,INFORMATION_SITE,FALSE,The title/snippet directly addresses Slavic symbols and their meanings. The title/snippet and article-like URL identify informational content.,HIGH
S06Q018,славянский символ,HYBRID_INFO_COMMERCE,20,https://www.livemaster.ru/topic/2493383-slavyanskie-simvoly,livemaster.ru,www.livemaster.ru,Славянские символы | Ярмарка Мастеров,"Славянские символы, фото № 3. КОЛОВРАТ (Свастика) — это символ Солнцеворота. Русское имя этого знака — «Ерга» или «Ярга». Один из наиболее почитаемых, древних языческих символов. Мощнейший обережный знак, который выражает единство Рода (Оси Мира — Неподвижного Центра Коловрата) и Родных Богов (движущихся сторон).",20170808T143000,search-kw002-s06q003-q022-20260916-r100-0-19.json,POS11_20,TARGET,ARTICLE,REFERENCE,LIVEMASTER,FALSE,The title/snippet directly addresses Slavic symbols and their meanings. The title/snippet and article-like URL identify informational content.,HIGH
S06Q019,талисман удачи,COMMERCIAL_LED,1,https://www.ozon.ru/category/talisman-na-udachu/,ozon.ru,www.ozon.ru,Талисман на удачу купить на OZON по низкой цене,"Быстрая и бесплатная доставка, большой ассортимент, бонусы, рассрочка и кэшбэк. Распродажи, скидки и акции. Реальные отзывы покупателей.",20220707T171407,search-kw002-s06q003-q022-20260916-r100-0-19.json,TOP3,TARGET,MARKETPLACE_CATEGORY,UNKNOWN,OZON,FALSE,The title/snippet directly addresses talismans or amulets for luck. ozon.ru and the listing/category URL identify a marketplace category or search-results page.,HIGH
S06Q019,талисман удачи,COMMERCIAL_LED,2,https://market.yandex.ru/category/suveniry-na-udachu,market.yandex.ru,market.yandex.ru,Сувениры на удачу - купить по низкой цене на Яндекс Маркете,,20210618T212608,search-kw002-s06q003-q022-20260916-r100-0-19.json,TOP3,TARGET,MARKETPLACE_CATEGORY,UNKNOWN,YANDEX_MARKET,FALSE,The title/snippet directly addresses talismans or amulets for luck. market.yandex.ru and the listing/category URL identify a marketplace category or search-results page.,HIGH
S06Q019,талисман удачи,COMMERCIAL_LED,3,https://www.wildberries.ru/catalog/tags/simvol-udaczi,wildberries.ru,www.wildberries.ru,Символ удачи - Купить в интернет магазине WildBerries.ru,"Амулет талисман Инь Янь Багуа для привлечения денег Оберег Амулет Талисман. … Fire&Life / Стикер символ ""рэй"" изобилие и удача денежный амулет. 5 1 оценка. 15 сентября. Амулет богатства и удачи. -59%. Хорошая цена.",20250408T043915,search-kw002-s06q003-q022-20260916-r100-0-19.json,TOP3,TARGET,MARKETPLACE_CATEGORY,UNKNOWN,WILDBERRIES,FALSE,The title/snippet directly addresses talismans or amulets for luck. wildberries.ru and the listing/category URL identify a marketplace category or search-results page.,HIGH
S06Q019,талисман удачи,COMMERCIAL_LED,4,https://market.yandex.ru/search?text=%D0%A1%D0%B8%D0%BC%D0%B2%D0%BE%D0%BB%D1%8B%20%D1%83%D0%B4%D0%B0%D1%87%D0%B8,market.yandex.ru,market.yandex.ru,Символы удачи — купить по низкой цене на Яндекс Маркете,"Талисман на успех, славу, почет, амулет удачи и богатства, ручная работа. … 11 сен, ПВЗПо клику. Талисман-Брелок красный котик Манеки Неко символ удачи БФ-029. 10% ПРОМОКОД.",20230527T063720,search-kw002-s06q003-q022-20260916-r100-0-19.json,TOP10,TARGET,MARKETPLACE_CATEGORY,UNKNOWN,YANDEX_MARKET,FALSE,The title/snippet directly addresses talismans or amulets for luck. market.yandex.ru and the listing/category URL identify a marketplace category or search-results page.,HIGH
S06Q019,талисман удачи,COMMERCIAL_LED,5,https://market.yandex.ru/category/talismany-udachi,market.yandex.ru,market.yandex.ru,Талисманы удачи - купить по низкой цене на Яндекс Маркете,,20210604T090724,search-kw002-s06q003-q022-20260916-r100-0-19.json,TOP10,TARGET,MARKETPLACE_CATEGORY,UNKNOWN,YANDEX_MARKET,FALSE,The title/snippet directly addresses talismans or amulets for luck. market.yandex.ru and the listing/category URL identify a marketplace category or search-results page.,HIGH
S06Q019,талисман удачи,COMMERCIAL_LED,6,https://www.livemaster.ru/catalogue/tag/3559-talisman-udachi,livemaster.ru,www.livemaster.ru,Талисман удачи — купить в интернет-магазине с доставкой по...,,20170630T054046,search-kw002-s06q003-q022-20260916-r100-0-19.json,TOP10,TARGET,MARKETPLACE_CATEGORY,UNKNOWN,LIVEMASTER,FALSE,The title/snippet directly addresses talismans or amulets for luck. livemaster.ru and the listing/category URL identify a marketplace category or search-results page.,HIGH
S06Q019,талисман удачи,COMMERCIAL_LED,7,https://market.yandex.ru/search?text=%D0%B3%D0%B4%D0%B5%20%D0%BC%D0%BE%D0%B6%D0%BD%D0%BE%20%D0%BA%D1%83%D0%BF%D0%B8%D1%82%D1%8C%20%D0%B0%D0%BC%D1%83%D0%BB%D0%B5%D1%82%20%D0%BD%D0%B0%20%D1%83%D0%B4%D0%B0%D1%87%D1%83,market.yandex.ru,market.yandex.ru,Где можно купить амулет на удачу — купить по низкой цене на...,"Амулет Христианский символ Троицы - защитный амулет, талисман успеха, оберег на удачу. … Амулет на удачу и Душевное равновесие. Талисман Соломона на Богатство, удачу и душевную гармонию. Оберег.",20210624T154746,search-kw002-s06q003-q022-20260916-r100-0-19.json,TOP10,TARGET,MARKETPLACE_CATEGORY,UNKNOWN,YANDEX_MARKET,FALSE,The title/snippet directly addresses talismans or amulets for luck. market.yandex.ru and the listing/category URL identify a marketplace category or search-results page.,HIGH
S06Q019,талисман удачи,COMMERCIAL_LED,8,https://market.yandex.ru/search?text=%D0%BA%D1%83%D0%BF%D0%B8%D1%82%D1%8C%20%D0%B0%D0%BC%D1%83%D0%BB%D0%B5%D1%82%20%D0%BD%D0%B0%20%D1%83%D0%B4%D0%B0%D1%87%D1%83%20%D0%B8%20%D0%B2%D0%B5%D0%B7%D0%B5%D0%BD%D0%B8%D0%B5%20%D0%B2%D0%BE%20%D0%B2%D1%81%D0%B5%D1%85%20%D0%B4%D0%B5%D0%BB%D0%B0%D1%85,market.yandex.ru,market.yandex.ru,Купить амулет на удачу и везение во всех делах — купить по...,"Талисман Денежная Девятка. Амулет богатства. Денежный талисман на удачу. … Амулет на удачу и Душевное равновесие. Талисман Соломона на Богатство, удачу и душевную гармонию. Оберег.",20210620T142634,search-kw002-s06q003-q022-20260916-r100-0-19.json,TOP10,TARGET,MARKETPLACE_CATEGORY,UNKNOWN,YANDEX_MARKET,FALSE,The title/snippet directly addresses talismans or amulets for luck. market.yandex.ru and the listing/category URL identify a marketplace category or search-results page.,HIGH
S06Q019,талисман удачи,COMMERCIAL_LED,9,https://happywitch.ru/tags/talisman-udachi/,happywitch.ru,happywitch.ru,Талисманы удачи - купить Талисман удачи: купить амулет на...,"Талисманы удачи. Все мы знаем, как важна удача - она открывает новые дороги, позволяет исполнять мечты, жить полной жизнью и даже в проблемах обретать возможности для успеха и роста. Амулет на удачу работает и с вами, и с реальностью вокруг вас. Он устраняет препятствия на вашем пути, позволяя происходить событиям...",20140401T024209,search-kw002-s06q003-q022-20260916-r100-0-19.json,TOP10,TARGET,CATEGORY,UNKNOWN,INDEPENDENT_SHOP,FALSE,The title/snippet directly addresses talismans or amulets for luck. The domain/title and catalog-like URL identify an independent-site category.,HIGH
S06Q019,талисман удачи,COMMERCIAL_LED,10,https://market.yandex.ru/search?text=%D0%B0%D0%BC%D1%83%D0%BB%D0%B5%D1%82%20%D0%B4%D0%BB%D1%8F%20%D1%81%D1%87%D0%B0%D1%81%D1%82%D1%8C%D1%8F%20%D0%B8%20%D1%83%D0%B4%D0%B0%D1%87%D0%B8,market.yandex.ru,market.yandex.ru,Амулет для счастья и удачи — купить по низкой цене на Яндекс...,"Талисман на удачу в работе для карьерного роста, амулет финансового успеха, брелок. … Амулет раскрытия талантов Бесконечность, талисман развития, на удачу, дерево, с гравировкой, ручная работа.",20210624T214648,search-kw002-s06q003-q022-20260916-r100-0-19.json,TOP10,TARGET,MARKETPLACE_CATEGORY,UNKNOWN,YANDEX_MARKET,FALSE,The title/snippet directly addresses talismans or amulets for luck. market.yandex.ru and the listing/category URL identify a marketplace category or search-results page.,HIGH
S06Q019,талисман удачи,COMMERCIAL_LED,11,https://market.yandex.ru/category/amulety-na-udachu-i-bogatstvo,market.yandex.ru,market.yandex.ru,Амулеты на удачу и богатство - купить по низкой цене на Яндекс...,,20210617T055043,search-kw002-s06q003-q022-20260916-r100-0-19.json,POS11_20,TARGET,MARKETPLACE_CATEGORY,UNKNOWN,YANDEX_MARKET,FALSE,The title/snippet directly addresses talismans or amulets for luck. market.yandex.ru and the listing/category URL identify a marketplace category or search-results page.,HIGH
S06Q019,талисман удачи,COMMERCIAL_LED,12,https://market.yandex.ru/search?text=%D0%B0%D0%BC%D1%83%D0%BB%D0%B5%D1%82%D1%8B%20%D0%B8%20%D1%82%D0%B0%D0%BB%D0%B8%D1%81%D0%BC%D0%B0%D0%BD%D1%8B%20%D0%B4%D0%BB%D1%8F%20%D0%BF%D1%80%D0%B8%D0%B2%D0%BB%D0%B5%D1%87%D0%B5%D0%BD%D0%B8%D1%8F%20%D0%B4%D0%B5%D0%BD%D0%B5%D0%B3%20%D0%B8%20%D1%83%D0%B4%D0%B0%D1%87%D0%B8%20%D0%BA%D1%83%D0%BF%D0%B8%D1%82%D1%8C,market.yandex.ru,market.yandex.ru,Амулеты и талисманы для привлечения денег и удачи купить...,"Талисман Лакшми. Янтра. Амулет на удачу, богатство и деньги. Сильный оберег. … Кошельковый талисман Руна Феху для привлечения денег, удачи и везения.",20210618T232613,search-kw002-s06q003-q022-20260916-r100-0-19.json,POS11_20,TARGET,MARKETPLACE_CATEGORY,UNKNOWN,YANDEX_MARKET,FALSE,The title/snippet directly addresses talismans or amulets for luck. market.yandex.ru and the listing/category URL identify a marketplace category or search-results page.,HIGH
S06Q019,талисман удачи,COMMERCIAL_LED,13,https://talismanudachi.ru/,talismanudachi.ru,talismanudachi.ru,Магазин талисманов фэн-шуй «Талисман Удачи»,"Купить талисманы, амулеты и обереги фэн-шуй в Москве с доставкой по РФ. В каталоге: благовония, бусины Дзи, браслеты и другие украшения из натуральных камней и подарки. Работаем с 2010 года.",20101113T010001,search-kw002-s06q003-q022-20260916-r100-0-19.json,POS11_20,TARGET,HOMEPAGE,UNKNOWN,INDEPENDENT_SHOP,FALSE,The title/snippet directly addresses talismans or amulets for luck. The root URL identifies a homepage.,HIGH
S06Q019,талисман удачи,COMMERCIAL_LED,14,https://market.yandex.ru/search?text=%D0%BA%D1%80%D1%83%D0%B3%D0%BB%D1%8B%D0%B5%20%D1%82%D0%B0%D0%BB%D0%B8%D1%81%D0%BC%D0%B0%D0%BD%D1%8B%20%D0%BD%D0%B0%20%D1%83%D0%B4%D0%B0%D1%87%D1%83,market.yandex.ru,market.yandex.ru,Круглые талисманы на удачу — купить по низкой цене на Яндекс...,Талисман удачи и богатства. Оберег. Амулет защиты и преодоления трудностей. Печать Соломона. … Талисман для Льва. Амулет на удачу и богатство. Монета. Оберег для мужчины и женщины зодиака Лев.,20220602T221938,search-kw002-s06q003-q022-20260916-r100-0-19.json,POS11_20,TARGET,MARKETPLACE_CATEGORY,UNKNOWN,YANDEX_MARKET,FALSE,The title/snippet directly addresses talismans or amulets for luck. market.yandex.ru and the listing/category URL identify a marketplace category or search-results page.,HIGH
S06Q019,талисман удачи,COMMERCIAL_LED,15,https://amorem.ru/blog/symbols/amulety-na-schaste-i-na-udachu/,amorem.ru,amorem.ru,Амулеты на счастье и на удачу: 5 сильных талисманов на успех...,"Талисманы на удачу сулят везение в бизнесе, победы в житейских испытаниях и защиту от наговоров недоброжелателей. Ходить в любимчиках у капризной Фортуны — разве не привлекательная идея? “Кто верит в свою удачу, тот и удачлив”, — говаривал известный драматург Христиан Хеббель.",20210625T182948,search-kw002-s06q003-q022-20260916-r100-0-19.json,POS11_20,TARGET,ARTICLE,OTHER,INDEPENDENT_SHOP,FALSE,The title/snippet directly addresses talismans or amulets for luck. The title/snippet and article-like URL identify informational content.,HIGH
S06Q019,талисман удачи,COMMERCIAL_LED,16,https://tr-page.yandex.ru/translate?lang=en-ru&url=https%3A%2F%2Fwww.wikihow.com%2FGood-Luck-Charm,tr-page.yandex.ru,tr-page.yandex.ru,Талисманы на удачу: Полный список счастливых символов,"Гоури означает “удача” или “талисман удачи” и представляет собой небольшой амулет, который может быть украшен драгоценными камнями, бусами, лентами или ключами.[27] X Исследовательский источник. Используя Обаяние: Купите или сделайте гури, привязав нитки бус и лент к ключу или связке ключей.",20250219T211008,search-kw002-s06q003-q022-20260916-r100-0-19.json,POS11_20,TARGET,ARTICLE,LIST,INFORMATION_SITE,FALSE,The title/snippet directly addresses talismans or amulets for luck. The title/snippet and article-like URL identify informational content.,HIGH
S06Q019,талисман удачи,COMMERCIAL_LED,17,https://market.yandex.ru/search?text=%D1%81%D0%B0%D0%BC%D1%8B%D0%B9%20%D0%BC%D0%BE%D1%89%D0%BD%D1%8B%D0%B9%20%D0%B0%D0%BC%D1%83%D0%BB%D0%B5%D1%82%20%D0%BD%D0%B0%20%D1%83%D0%B4%D0%B0%D1%87%D1%83%20%D0%B8%20%D0%B1%D0%BE%D0%B3%D0%B0%D1%82%D1%81%D1%82%D0%B2%D0%BE%20%D0%B2%20%D0%BC%D0%B8%D1%80%D0%B5%20%D1%86%D0%B5%D0%BD%D0%B0%20%D0%B8%20%D1%84%D0%BE%D1%82%D0%BE,market.yandex.ru,market.yandex.ru,Самый мощный амулет на удачу и богатство в мире цена и фото...,"Талисман Денежная Девятка. Амулет богатства. Денежный талисман на удачу. … Амулет на удачу и Душевное равновесие. Талисман Соломона на Богатство, удачу и душевную гармонию.",20220313T103010,search-kw002-s06q003-q022-20260916-r100-0-19.json,POS11_20,TARGET,MARKETPLACE_CATEGORY,UNKNOWN,YANDEX_MARKET,FALSE,The title/snippet directly addresses talismans or amulets for luck. market.yandex.ru and the listing/category URL identify a marketplace category or search-results page.,HIGH
S06Q019,талисман удачи,COMMERCIAL_LED,18,https://market.yandex.ru/search?text=%D0%B0%D0%BC%D1%83%D0%BB%D0%B5%D1%82+%D1%83%D0%B4%D0%B0%D1%87%D0%B8,market.yandex.ru,market.yandex.ru,Амулет удачи — купить по низкой цене на Яндекс Маркете,"Купить амулет удачи - 2146 предложений - низкие цены, быстрая доставка от 1-2 часов, возможность оплаты в рассрочку для части товаров, кешбэк Яндекс Плюс - Яндекс Маркет.",20230316T231353,search-kw002-s06q003-q022-20260916-r100-0-19.json,POS11_20,TARGET,MARKETPLACE_CATEGORY,UNKNOWN,YANDEX_MARKET,FALSE,The title/snippet directly addresses talismans or amulets for luck. market.yandex.ru and the listing/category URL identify a marketplace category or search-results page.,HIGH
S06Q019,талисман удачи,COMMERCIAL_LED,19,https://aliexpress.ru/popular/%D1%82%D0%B0%D0%BB%D0%B8%D1%81%D0%BC%D0%B0%D0%BD%D1%8B-%D1%83%D0%B4%D0%B0%D1%87%D1%83,aliexpress.ru,aliexpress.ru,Талисманы удачу - купить недорого | AliExpress,,20210131T121206,search-kw002-s06q003-q022-20260916-r100-0-19.json,POS11_20,TARGET,MARKETPLACE_CATEGORY,UNKNOWN,OTHER,FALSE,The title/snippet directly addresses talismans or amulets for luck. aliexpress.ru and the listing/category URL identify a marketplace category or search-results page.,HIGH
S06Q019,талисман удачи,COMMERCIAL_LED,20,https://horo.mail.ru/article/12226-chetyrekhlistnyj-klever/,horo.mail.ru,horo.mail.ru,"Четырехлистный клевер: что означает, как использовать...","Четырехлистный клевер уже тысячи лет держит звание главного амулета удачи, и за этой репутацией стоит история, уходящая корнями сразу в несколько эпох. … Тем, кто интересуется персональными оберегами, стоит также изучить талисманы удачи по знаку зодиака — они нередко отлично работают в паре с универсальными символами.",20260316T170951,search-kw002-s06q003-q022-20260916-r100-0-19.json,POS11_20,TARGET,ARTICLE,GUIDE,INFORMATION_SITE,FALSE,The title/snippet directly addresses talismans or amulets for luck. The title/snippet and article-like URL identify informational content.,HIGH
S06Q020,улитка,COLLISION_OR_MISMATCH,1,https://ru.wikipedia.org/wiki/%D0%A3%D0%BB%D0%B8%D1%82%D0%BA%D0%B0_(%D0%B6%D0%B8%D0%B7%D0%BD%D0%B5%D0%BD%D0%BD%D0%B0%D1%8F_%D1%84%D0%BE%D1%80%D0%BC%D0%B0),ru.wikipedia.org,ru.wikipedia.org,Улитка (жизненная форма) — Википедия,,20080816T040000,search-kw002-s06q003-q022-20260916-r100-0-19.json,TOP3,COLLISION,ENCYCLOPEDIA,REFERENCE,ENCYCLOPEDIA,TRUE,"The title/snippet concern biological snails, gastropods, animal care, or animal imagery rather than the target symbolic/ornamental motif. ru.wikipedia.org identifies an encyclopedia/reference entry.",HIGH
S06Q020,улитка,COLLISION_OR_MISMATCH,2,https://ru.ruwiki.ru/wiki/%D0%A3%D0%BB%D0%B8%D1%82%D0%BA%D0%B0_(%D0%B6%D0%B8%D0%B7%D0%BD%D0%B5%D0%BD%D0%BD%D0%B0%D1%8F_%D1%84%D0%BE%D1%80%D0%BC%D0%B0),ru.ruwiki.ru,ru.ruwiki.ru,"Улитка (жизненная форма): ареал, размеры и вес — РУВИКИ","Улитка — места обитания, экологическая ниша, классификация, изучение и значение — РУВИКИ: Интернет-энциклопедия. … В теле улитки выделяют голову, ногу и внутренностный мешок, от которого отходит мантийная складка. Улитки передвигаются на нижней поверхности ноги (подошве), прогоняя по её длине волны мышечных сокращений.",20230701T104023,search-kw002-s06q003-q022-20260916-r100-0-19.json,TOP3,COLLISION,ENCYCLOPEDIA,REFERENCE,ENCYCLOPEDIA,TRUE,"The title/snippet concern biological snails, gastropods, animal care, or animal imagery rather than the target symbolic/ornamental motif. ru.ruwiki.ru identifies an encyclopedia/reference entry.",HIGH
S06Q020,улитка,COLLISION_OR_MISMATCH,3,https://ru.wikipedia.org/wiki/%D0%91%D1%80%D1%8E%D1%85%D0%BE%D0%BD%D0%BE%D0%B3%D0%B8%D0%B5,ru.wikipedia.org,ru.wikipedia.org,Брюхоногие — Википедия,"Улитки обычно откладывают яйца в специальные яйцевые капсулы. У этих капсул твёрдая внешняя оболочка. Чтобы личинки могли выбраться наружу из капсулы, на капсуле имеется специальная крышечка — к тому времени, когда потомство уже готово выйти из капсулы, крышка отваливается или растворяется.",20070731T053435,search-kw002-s06q003-q022-20260916-r100-0-19.json,TOP3,COLLISION,ENCYCLOPEDIA,REFERENCE,ENCYCLOPEDIA,TRUE,"The title/snippet concern biological snails, gastropods, animal care, or animal imagery rather than the target symbolic/ornamental motif. ru.wikipedia.org identifies an encyclopedia/reference entry.",HIGH
S06Q020,улитка,COLLISION_OR_MISMATCH,4,https://ru.wikipedia.org/wiki/%D0%92%D0%B8%D0%BD%D0%BE%D0%B3%D1%80%D0%B0%D0%B4%D0%BD%D0%B0%D1%8F_%D1%83%D0%BB%D0%B8%D1%82%D0%BA%D0%B0,ru.wikipedia.org,ru.wikipedia.org,Виноградная улитка — Википедия,"Улитка в спячке всегда лежит устьем вверх. Это позволяет сохранять небольшой воздушный слой, предохраняет от попадания бактерий и облегчает пробуждение весной. Чтобы не быть затопленной, ей нужно максимально быстро выбраться на поверхность за несколько часов.",20070731T004734,search-kw002-s06q003-q022-20260916-r100-0-19.json,TOP10,COLLISION,ENCYCLOPEDIA,REFERENCE,ENCYCLOPEDIA,TRUE,"The title/snippet concern biological snails, gastropods, animal care, or animal imagery rather than the target symbolic/ornamental motif. ru.wikipedia.org identifies an encyclopedia/reference entry.",HIGH
S06Q020,улитка,COLLISION_OR_MISMATCH,5,https://www.yaklass.ru/p/biologia/8-klass/znakomimsia-s-bespozvonochnymi-zhivotnymi-15746/molliuski-ili-miagkotelye-15268/re-0c5e42f5-d4dc-4ce9-8eab-acf2f5ca59c5,yaklass.ru,www.yaklass.ru,"Класс Брюхоногие моллюски — урок. Биология, 8 класс.","В морях живут конусы, рапаны, мурексы, в пресных водоёмах распространены разные виды прудовиков и катушек. В наземных биоценозах распространены слизни, садовая и виноградная улитки, а африканского моллюска ахатину гигантскую в последнее время можно встретить в домашних террариумах любителей животных.",20211117T095323,search-kw002-s06q003-q022-20260916-r100-0-19.json,TOP10,COLLISION,ARTICLE,OTHER,INFORMATION_SITE,TRUE,"The title/snippet concern biological snails, gastropods, animal care, or animal imagery rather than the target symbolic/ornamental motif. The title/snippet and article-like URL identify informational content.",HIGH
S06Q020,улитка,COLLISION_OR_MISMATCH,6,https://studarium.ru/article/58,studarium.ru,studarium.ru,"Класс брюхоногие, подготовка к ЕГЭ по биологии","Класс брюхоногие (также - улитки, гастроподы (от др.-греч. γαστήρ «брюхо» и πούς «нога»)) - самый многочисленный класс в составе типа Моллюски, насчитывающий около 110 тысяч видов. Большинство имеет турбоспиральную раковину.",20181017T153000,search-kw002-s06q003-q022-20260916-r100-0-19.json,TOP10,COLLISION,ARTICLE,OTHER,INFORMATION_SITE,TRUE,"The title/snippet concern biological snails, gastropods, animal care, or animal imagery rather than the target symbolic/ornamental motif. The title/snippet and article-like URL identify informational content.",HIGH
S06Q020,улитка,COLLISION_OR_MISMATCH,7,https://xn--h1ajim.xn--p1ai/%D0%91%D1%80%D1%8E%D1%85%D0%BE%D0%BD%D0%BE%D0%B3%D0%B8%D0%B5,руни.рф,xn--h1ajim.xn--p1ai,Брюхоногие — Энциклопедия Руниверсалис,"Улитки обычно откладывают яйца в специальные яйцевые капсулы. У этих капсул твёрдая внешняя оболочка. Чтобы личинки могли выбраться наружу из капсулы, на капсуле имеется специальная крышечка — к тому времени, когда потомство уже готово выйти из капсулы, крышка отваливается или растворяется.",20220923T011126,search-kw002-s06q003-q022-20260916-r100-0-19.json,TOP10,COLLISION,ARTICLE,GUIDE,INFORMATION_SITE,TRUE,"The title/snippet concern biological snails, gastropods, animal care, or animal imagery rather than the target symbolic/ornamental motif. The title/snippet and article-like URL identify informational content.",HIGH
S06Q020,улитка,COLLISION_OR_MISMATCH,8,https://www.rbc.ru/life/news/68397a3e9a79477a17d6b68a,rbc.ru,www.rbc.ru,"Улитки: что едят, сколько зубов, сколько живут и какое у них...","Улитки — одни из старейших животных на планете, которые обитают практически повсеместно. Их размер, окрас и образ жизни многообразны: есть среди улиток настоящие гиганты весом до 18 кг и даже хищники. Некоторых из них любят заводить дома, как питомцев. Рассказываем, что это за животные и чем их можно кормить.",20250530T165523,search-kw002-s06q003-q022-20260916-r100-0-19.json,TOP10,COLLISION,ARTICLE,GUIDE,INFORMATION_SITE,TRUE,"The title/snippet concern biological snails, gastropods, animal care, or animal imagery rather than the target symbolic/ornamental motif. The title/snippet and article-like URL identify informational content.",HIGH
S06Q020,улитка,COLLISION_OR_MISMATCH,9,https://ru.ruwiki.ru/wiki/%D0%92%D0%B8%D0%BD%D0%BE%D0%B3%D1%80%D0%B0%D0%B4%D0%BD%D0%B0%D1%8F_%D1%83%D0%BB%D0%B8%D1%82%D0%BA%D0%B0,ru.ruwiki.ru,ru.ruwiki.ru,"Виноградная улитка: ареал, рацион, размеры и вес — РУВИКИ","Улитка в спячке всегда лежит устьем вверх. Это позволяет сохранять небольшой воздушный слой, предохраняет от попадания бактерий и облегчает пробуждение весной. Чтобы не быть затопленной, ей нужно максимально быстро выбраться на поверхность за несколько часов.",20230702T115041,search-kw002-s06q003-q022-20260916-r100-0-19.json,TOP10,COLLISION,ENCYCLOPEDIA,REFERENCE,ENCYCLOPEDIA,TRUE,"The title/snippet concern biological snails, gastropods, animal care, or animal imagery rather than the target symbolic/ornamental motif. ru.ruwiki.ru identifies an encyclopedia/reference entry.",HIGH
S06Q020,улитка,COLLISION_OR_MISMATCH,10,https://umschool.net/library/biologiya/tip-mollyuski/,umschool.net,umschool.net,Тип Моллюски - Умскул Учебник,"Класс Брюхоногие моллюски. Представители: янтарка, малый прудовик, слизень, виноградная улитка. После дождя на тропинках сада можно встретить много больших и маленьких улиток с коричневой раковиной, закрученной немного вбок. Это виноградная улитка. Вообще, к брюхоногим относятся наземные и водные улитки.",20221020T145253,search-kw002-s06q003-q022-20260916-r100-0-19.json,TOP10,COLLISION,ARTICLE,OTHER,INFORMATION_SITE,TRUE,"The title/snippet concern biological snails, gastropods, animal care, or animal imagery rather than the target symbolic/ornamental motif. The title/snippet and article-like URL identify informational content.",HIGH
S06Q020,улитка,COLLISION_OR_MISMATCH,11,https://xn--h1ajim.xn--p1ai/%D0%92%D0%B8%D0%BD%D0%BE%D0%B3%D1%80%D0%B0%D0%B4%D0%BD%D0%B0%D1%8F_%D1%83%D0%BB%D0%B8%D1%82%D0%BA%D0%B0,руни.рф,xn--h1ajim.xn--p1ai,Виноградная улитка — Энциклопедия Руниверсалис,,20220923T011012,search-kw002-s06q003-q022-20260916-r100-0-19.json,POS11_20,COLLISION,ARTICLE,REFERENCE,INFORMATION_SITE,TRUE,"The title/snippet concern biological snails, gastropods, animal care, or animal imagery rather than the target symbolic/ornamental motif. The title/snippet and article-like URL identify informational content.",HIGH
S06Q020,улитка,COLLISION_OR_MISMATCH,12,https://market.yandex.ru/journal/chto-edyat-ulitki-polnyy-gid-po-pitaniyu-i-uhodu,market.yandex.ru,market.yandex.ru,Улитки в 2026 году: как организовать правильный уход...,"Улитки — те ещё беглецы. Без неё они обязательно выберутся наружу, особенно по ночам. Но крышку нельзя делать глухой: нужна вентиляция. Проделайте несколько мелких дырочек шилом или купите контейнер с готовыми отверстиями.Форма. Отдавайте предпочтение горизонтальным ёмкостям, а не вертикальным.",20260804T101803,search-kw002-s06q003-q022-20260916-r100-0-19.json,POS11_20,COLLISION,ARTICLE,GUIDE,YANDEX_MARKET,TRUE,"The title/snippet concern biological snails, gastropods, animal care, or animal imagery rather than the target symbolic/ornamental motif. The title/snippet and article-like URL identify informational content.",HIGH
S06Q020,улитка,COLLISION_OR_MISMATCH,13,https://kartaslov.ru/%D0%B7%D0%BD%D0%B0%D1%87%D0%B5%D0%BD%D0%B8%D0%B5-%D1%81%D0%BB%D0%BE%D0%B2%D0%B0/%D1%83%D0%BB%D0%B8%D1%82%D0%BA%D0%B0,kartaslov.ru,kartaslov.ru,Значение слова УЛИТКА. Что такое УЛИТКА?,,20170512T125355,search-kw002-s06q003-q022-20260916-r100-0-19.json,POS11_20,COLLISION,DICTIONARY,DEFINITION,ENCYCLOPEDIA,TRUE,"The title/snippet concern biological snails, gastropods, animal care, or animal imagery rather than the target symbolic/ornamental motif. kartaslov.ru and the title/URL identify a dictionary entry.",HIGH
S06Q020,улитка,COLLISION_OR_MISMATCH,14,https://rutube.ru/video/da8fa6a362340c8363f888b91dc0d940/,rutube.ru,rutube.ru,Удивительные факты об улитках. Самый зубастый зверь,"Правильный ответ: у моллюсков. Например, у улиток насчитывается около 25 тысяч зубов, которыми они перетирают пищу. Кстати, мнение о том, что улитки глупы, ошибочно: они способны запоминать информацию, учиться на опыте и решать простые задачи. #мир24 #теле... Смотрите видео онлайн «Удивительные факты об улитках.",20250825T124011,search-kw002-s06q003-q022-20260916-r100-0-19.json,POS11_20,COLLISION,VIDEO,OTHER,SOCIAL_VIDEO,TRUE,"The title/snippet concern biological snails, gastropods, animal care, or animal imagery rather than the target symbolic/ornamental motif. rutube.ru and the video/channel URL identify video content.",HIGH
S06Q020,улитка,COLLISION_OR_MISMATCH,15,https://wiki2.org/ru/%D0%92%D0%B8%D0%BD%D0%BE%D0%B3%D1%80%D0%B0%D0%B4%D0%BD%D0%B0%D1%8F_%D1%83%D0%BB%D0%B8%D1%82%D0%BA%D0%B0,wiki2.org,wiki2.org,Виноградная улитка — Википедия Переиздание // WIKI 2,"Устье раковины улитки затягивают специальной плёнкой из слизи, которая после застывания превращается в плотную крышечку. Для притока воздуха сохраняется маленькая отдушина. Проверить это можно при погружении улитки в воду — появятся пузырьки как свидетельство газообмена.",20150127T094000,search-kw002-s06q003-q022-20260916-r100-0-19.json,POS11_20,COLLISION,ENCYCLOPEDIA,REFERENCE,ENCYCLOPEDIA,TRUE,"The title/snippet concern biological snails, gastropods, animal care, or animal imagery rather than the target symbolic/ornamental motif. wiki2.org identifies an encyclopedia/reference entry.",HIGH
S06Q020,улитка,COLLISION_OR_MISMATCH,16,https://www.istockphoto.com/ru/%D1%84%D0%BE%D1%82%D0%BE%D0%B3%D1%80%D0%B0%D1%84%D0%B8%D0%B8/%D1%83%D0%BB%D0%B8%D1%82%D0%BA%D0%B8,istockphoto.com,www.istockphoto.com,"Более 162 300 работ на тему «улитки»: стоковые фото, картинки...",Просмотрите 162 310 доступных стоковых фотографий и изображений на тему «улитки» или начните поиск других стоковых фотографий и изображений.,20210824T215357,search-kw002-s06q003-q022-20260916-r100-0-19.json,POS11_20,COLLISION,LANDING,UNKNOWN,OTHER,TRUE,"The title/snippet concern biological snails, gastropods, animal care, or animal imagery rather than the target symbolic/ornamental motif. The domain/title and search or service URL identify a landing page.",HIGH
S06Q020,улитка,COLLISION_OR_MISMATCH,17,https://ru.wiktionary.org/wiki/%D1%83%D0%BB%D0%B8%D1%82%D0%BA%D0%B0,ru.wiktionary.org,ru.wiktionary.org,улитка — Викисловарь,Внешний вид переместить в боковую панель скрыть Русский. улитка I. 1. зоол. … 1.1.9 Метаграммы. 1.1.10 Библиография. 1.2 улитка II. 1.2.1 Морфологические и синтаксические свойства. 1.2.2 Произношение.,20170417T085645,search-kw002-s06q003-q022-20260916-r100-0-19.json,POS11_20,COLLISION,DICTIONARY,DEFINITION,ENCYCLOPEDIA,TRUE,"The title/snippet concern biological snails, gastropods, animal care, or animal imagery rather than the target symbolic/ornamental motif. ru.wiktionary.org and the title/URL identify a dictionary entry.",HIGH
S06Q020,улитка,COLLISION_OR_MISMATCH,18,https://elementy.ru/kartinka_dnya/1919/Sliz_ulitki_i_dver_zakryt_i_v_gosti_skhodit,elementy.ru,elementy.ru,"Слизь улитки: и дверь закрыть, и в гости сходить • Картинка дня","Виноградная улитка — самая крупная европейская улитка, диаметр ее раковины достигает 5,5 см. Раковина турбоспиральная, то есть обороты ее размещаются в разных плоскостях, что обеспечивает всей конструкции высокую прочность: раковина виноградной улитки выдерживает нагрузку до 13,5 кг. Прочности способствует также ребристость поверхности.",20240729T064259,search-kw002-s06q003-q022-20260916-r100-0-19.json,POS11_20,COLLISION,ARTICLE,OTHER,INFORMATION_SITE,TRUE,"The title/snippet concern biological snails, gastropods, animal care, or animal imagery rather than the target symbolic/ornamental motif. The title/snippet and article-like URL identify informational content.",HIGH
S06Q020,улитка,COLLISION_OR_MISMATCH,19,https://www.youtube.com/watch?v=KsrWQo7FDdg,youtube.com,www.youtube.com,Улитки: знакомые незнакомцы | Познавательное видео... - YouTube,"Улитками называют огромное множество разнообразнейших брюхоногих моллюсков, имеющих наружную раковину. К ним относятся не только сухопутные улитки, но и многочисленные виды пресноводных и морских улиток. Эти представители животного мира являются одними из самых древних существ на нашей планете.",20210205T213238,search-kw002-s06q003-q022-20260916-r100-0-19.json,POS11_20,COLLISION,VIDEO,OTHER,SOCIAL_VIDEO,TRUE,"The title/snippet concern biological snails, gastropods, animal care, or animal imagery rather than the target symbolic/ornamental motif. youtube.com and the video/channel URL identify video content.",HIGH
S06Q020,улитка,COLLISION_OR_MISMATCH,20,https://www.youtube.com/watch?v=1SfYy2OmYWc,youtube.com,www.youtube.com,Улитки: Удивительные Моллюски | Интересные факты... - YouTube,"Улитки (брюхоногие моллюски) — одни из самых древних и успешных обитателей Земли, сумевшие заселить сушу, реки и океаны. В этом видео мы подробно разберем анатомию улиток, поразительные защитные свойства их раковины и слизи, механизмы многолетней спячки и уникальные особенности их биологии.",20220310T030000,search-kw002-s06q003-q022-20260916-r100-0-19.json,POS11_20,COLLISION,VIDEO,OTHER,SOCIAL_VIDEO,TRUE,"The title/snippet concern biological snails, gastropods, animal care, or animal imagery rather than the target symbolic/ornamental motif. youtube.com and the video/channel URL identify video content.",HIGH
S06Q021,фигурка будды,COMMERCIAL_LED,1,https://www.ozon.ru/category/statuetki-buddy/,ozon.ru,www.ozon.ru,Статуэтки будды купить на OZON по низкой цене,"Статуэтки будды – покупайте на OZON по выгодным ценам! Быстрая и бесплатная доставка, большой ассортимент, бонусы, рассрочка и кэшбэк.",20220707T171417,search-kw002-s06q003-q022-20260916-r100-0-19.json,TOP3,TARGET,MARKETPLACE_CATEGORY,UNKNOWN,OZON,FALSE,The title/snippet directly addresses Buddha figurines or statues. ozon.ru and the listing/category URL identify a marketplace category or search-results page.,HIGH
S06Q021,фигурка будды,COMMERCIAL_LED,2,https://www.avito.ru/moskva?q=%D1%81%D1%82%D0%B0%D1%82%D1%83%D1%8D%D1%82%D0%BA%D0%B0+%D0%B1%D1%83%D0%B4%D0%B4%D1%8B,avito.ru,www.avito.ru,статуэтка будды - Авито | Объявления в Москве: купить... | Авито,Статуэтка-сувенир «Многоликий Будда» В хорошем состоянии Высота: 6 см Материал: Мраморная крошка Самовывоз или Авито Доставка.,20150216T050151,search-kw002-s06q003-q022-20260916-r100-0-19.json,TOP3,TARGET,MARKETPLACE_CATEGORY,UNKNOWN,AVITO,FALSE,The title/snippet directly addresses Buddha figurines or statues. avito.ru and the listing/category URL identify a marketplace category or search-results page.,HIGH
S06Q021,фигурка будды,COMMERCIAL_LED,3,https://www.avito.ru/all?q=%D1%81%D1%82%D0%B0%D1%82%D1%83%D1%8D%D1%82%D0%BA%D0%B0+%D0%B1%D1%83%D0%B4%D0%B4%D1%8B,avito.ru,www.avito.ru,статуэтка будды - Авито | Объявления во всех регионах... | Авито,"Статуэтки Будды, 9 см Набор Будда +лотос+подставка -1100рублей Просто Будда-300 Будда для аромапалочек-350 Материал Гипс Ручная работа Срок изготовления 5 дней. … Гипсовая статуэтка Будды: Ваш проводник к гармонии, процветанию и исполнению заветных мечтаний.",20160827T030000,search-kw002-s06q003-q022-20260916-r100-0-19.json,TOP3,TARGET,MARKETPLACE_CATEGORY,UNKNOWN,AVITO,FALSE,The title/snippet directly addresses Buddha figurines or statues. avito.ru and the listing/category URL identify a marketplace category or search-results page.,HIGH
S06Q021,фигурка будды,COMMERCIAL_LED,4,https://artvaza.ru/products/figurka-dekorativnaya-budda-l9-w7-h13-sm-115173,artvaza.ru,artvaza.ru,"Декоративная фигурка «Будда», 13 см, артваза","Декоративная фигурка «Будда» – это элегантное украшение для интерьера, которое привнесёт в дом атмосферу гармонии, спокойствия и умиротворения.",20260429T103306,search-kw002-s06q003-q022-20260916-r100-0-19.json,TOP10,TARGET,PRODUCT,UNKNOWN,INDEPENDENT_SHOP,FALSE,The title/snippet directly addresses Buddha figurines or statues. The domain/title and item-specific URL identify a product or book page.,HIGH
S06Q021,фигурка будды,COMMERCIAL_LED,5,https://artvaza.ru/products/figurka-dekorativnaya-budda-l12-w7-h85-sm-114828,artvaza.ru,artvaza.ru,Декоративная фигурка «Будда» от артваза,"Декоративная фигурка ""Будда"" – это изысканное украшение для дома, офиса или зоны для медитации. Выполненная из полимерных материалов, фигурка имеет бронзовый оттенок, придающий ей элегантный и благородный вид.",20260429T103208,search-kw002-s06q003-q022-20260916-r100-0-19.json,TOP10,TARGET,PRODUCT,UNKNOWN,INDEPENDENT_SHOP,FALSE,The title/snippet directly addresses Buddha figurines or statues. The domain/title and item-specific URL identify a product or book page.,HIGH
S06Q021,фигурка будды,COMMERCIAL_LED,6,https://artvaza.ru/products/figurka-dekorativnaya-buddy-l125-w8-h15-sm-114452,artvaza.ru,artvaza.ru,Декоративная фигурка «Будда» от артваза,"Декоративная фигурка ""Будды"" выполнена из качественных полимерных материалов, которые придают изделию прочность и долговечность.",20260429T103650,search-kw002-s06q003-q022-20260916-r100-0-19.json,TOP10,TARGET,PRODUCT,UNKNOWN,INDEPENDENT_SHOP,FALSE,The title/snippet directly addresses Buddha figurines or statues. The domain/title and item-specific URL identify a product or book page.,HIGH
S06Q021,фигурка будды,COMMERCIAL_LED,7,https://artvaza.ru/products/figurka-dekorativnaya-budda-l8-w5-h11-sm-107899,artvaza.ru,artvaza.ru,"Декоративная фигурка «Будда», 8×5×11 см","Фигурка декоративная ""Будда"", L8 W5 H11 см 1. … Украсьте свое жилище и поднимите настроение при помощи восточной статуэтки маленького, веселого Будды.",20260429T103545,search-kw002-s06q003-q022-20260916-r100-0-19.json,TOP10,TARGET,PRODUCT,UNKNOWN,INDEPENDENT_SHOP,FALSE,The title/snippet directly addresses Buddha figurines or statues. The domain/title and item-specific URL identify a product or book page.,HIGH
S06Q021,фигурка будды,COMMERCIAL_LED,8,https://tearevolution.ru/catalog/posuda_i_aksessuary/figurka_dlya_chaynoy_tseremonii_budda.html,tearevolution.ru,tearevolution.ru,Купить Фигурка для чайной церемонии Будда 02077 по лучшей...,"Его изысканная форма с плавными линиями дополнена ручной гравировкой: на одной стороне изображена орхидея — символ благородства и внутренней чистоты, а на другой — каллиграфия, придающая предмету художественную ценность. <p> Матовая поверхность с вкраплениями придаёт чайнику ощущение глубины и землистости.",20250704T035148,search-kw002-s06q003-q022-20260916-r100-0-19.json,TOP10,TARGET,PRODUCT,UNKNOWN,INDEPENDENT_SHOP,FALSE,The title/snippet directly addresses Buddha figurines or statues. The domain/title and item-specific URL identify a product or book page.,HIGH
S06Q021,фигурка будды,COMMERCIAL_LED,9,https://www.avito.ru/all/hobbi_i_otdyh?q=%D0%B1%D1%83%D0%B4%D0%B4%D0%B0+%D1%81%D1%82%D0%B0%D1%82%D1%83%D1%8D%D1%82%D0%BA%D0%B0+%D0%B1%D1%80%D0%BE%D0%BD%D0%B7%D0%B0,avito.ru,www.avito.ru,будда статуэтка бронза - Товары для хобби и отдыха во... | Авито,"Будда медицины, статуэтка,бронза, 11*16 см, Балашиха. … Статуэтка ""Будда Шакьямуни"" из бронзы в домашний алтарь Страна происхождения - Таиланд Время производства - 80-е гг. ХХ века Изделие тайских мастеров, тщательно проработанное и детализированное.",20200411T115253,search-kw002-s06q003-q022-20260916-r100-0-19.json,TOP10,TARGET,MARKETPLACE_CATEGORY,UNKNOWN,AVITO,FALSE,The title/snippet directly addresses Buddha figurines or statues. avito.ru and the listing/category URL identify a marketplace category or search-results page.,HIGH
S06Q021,фигурка будды,COMMERCIAL_LED,10,https://artvaza.ru/products/figurka-dekorativnaya-budda-l12-w8-h16-sm-117319,artvaza.ru,artvaza.ru,Декоративная фигурка «Будда» 12×8×16 см,"Фигурка изображает улыбающегося ребенка Будду в традиционных одеждах, с характерной округлой головой и миролюбивым выражением лица.",20260429T102900,search-kw002-s06q003-q022-20260916-r100-0-19.json,TOP10,TARGET,PRODUCT,UNKNOWN,INDEPENDENT_SHOP,FALSE,The title/snippet directly addresses Buddha figurines or statues. The domain/title and item-specific URL identify a product or book page.,HIGH
S06Q021,фигурка будды,COMMERCIAL_LED,11,https://artvaza.ru/products/figurka-dekorativnaya-budda-l10-w10-h15-sm-116738,artvaza.ru,artvaza.ru,"Декоративная фигурка «Будда», 10×10×15 см","› Фигурки, Статуэтки, Куклы. … Изысканная декоративная фигурка в виде головы Будды станет элегантным украшением вашего интерьера. Скульптура выполнена в благородном темно-сером цвете с эффектом благородной патины, имитирующей старинную бронзу или камень.",20260429T103127,search-kw002-s06q003-q022-20260916-r100-0-19.json,POS11_20,TARGET,PRODUCT,UNKNOWN,INDEPENDENT_SHOP,FALSE,The title/snippet directly addresses Buddha figurines or statues. The domain/title and item-specific URL identify a product or book page.,HIGH
S06Q021,фигурка будды,COMMERCIAL_LED,12,https://artvaza.ru/products/figurka-dekorativnaya-budda-l65-w55-h85-sm-114896,artvaza.ru,artvaza.ru,Декоративная фигурка «Будда» от артваза,"Декоративная фигурка «Будда» — это изысканный элемент декора, который привнесет в ваш интерьер атмосферу умиротворения и гармонии.",20260429T103130,search-kw002-s06q003-q022-20260916-r100-0-19.json,POS11_20,TARGET,PRODUCT,UNKNOWN,INDEPENDENT_SHOP,FALSE,The title/snippet directly addresses Buddha figurines or statues. The domain/title and item-specific URL identify a product or book page.,HIGH
S06Q021,фигурка будды,COMMERCIAL_LED,13,https://artvaza.ru/collections/statuetka-budda,artvaza.ru,artvaza.ru,"Статуэтки Будды артВАЗА: ручная работа, оптом и в розницу",Коллекция «Будда» от артВАЗА — это фигурки и статуэтки ручной работы. Покупайте декор для интерьера оптом по низким ценам.,20260620T074859,search-kw002-s06q003-q022-20260916-r100-0-19.json,POS11_20,TARGET,CATEGORY,UNKNOWN,INDEPENDENT_SHOP,FALSE,The title/snippet directly addresses Buddha figurines or statues. The domain/title and catalog-like URL identify an independent-site category.,HIGH
S06Q021,фигурка будды,COMMERCIAL_LED,14,https://artvaza.ru/products/figurka-dekorativnaya-budda-l175-w8-h24-sm-121619,artvaza.ru,artvaza.ru,Декоративная фигурка «Будда» от артваза,"Декоративная фигурка Будды выполнена из полимерных материалов и станет стильным акцентом в интерьере. Изящная статуэтка представлена в спокойной медитативной позе, с проработанными деталями одежды и выразительным золотистым декором.",20260813T024024,search-kw002-s06q003-q022-20260916-r100-0-19.json,POS11_20,TARGET,PRODUCT,UNKNOWN,INDEPENDENT_SHOP,FALSE,The title/snippet directly addresses Buddha figurines or statues. The domain/title and item-specific URL identify a product or book page.,HIGH
S06Q021,фигурка будды,COMMERCIAL_LED,15,https://artvaza.ru/products/figurka-dekorativnaya-budda-l35-w35-h15-sm-114948,artvaza.ru,artvaza.ru,Декоративная фигурка «Будда» от артваза,"Декоративная фигурка ""Будда"" выполнена из полимерных материалов и станет отличным украшением для интерьера. … Будда изображён в традиционной позе медитации, что символизирует умиротворение и гармонию. Такая фигурка идеально подходит для размещения в гостиной, спальне или рабочем кабинете, создавая атмосферу спокойствия и уюта.",20260429T103112,search-kw002-s06q003-q022-20260916-r100-0-19.json,POS11_20,TARGET,PRODUCT,UNKNOWN,INDEPENDENT_SHOP,FALSE,The title/snippet directly addresses Buddha figurines or statues. The domain/title and item-specific URL identify a product or book page.,HIGH
S06Q021,фигурка будды,COMMERCIAL_LED,16,https://artvaza.ru/products/figurka-dekorativnaya-budda-l18-w4-h85-sm-114966,artvaza.ru,artvaza.ru,Декоративная фигурка «Будда» от артваза,"Декоративная фигурка ""Будда"" – это изысканный элемент декора, который привнесёт в ваш интерьер атмосферу гармонии и умиротворения.",20260429T102816,search-kw002-s06q003-q022-20260916-r100-0-19.json,POS11_20,TARGET,PRODUCT,UNKNOWN,INDEPENDENT_SHOP,FALSE,The title/snippet directly addresses Buddha figurines or statues. The domain/title and item-specific URL identify a product or book page.,HIGH
S06Q021,фигурка будды,COMMERCIAL_LED,17,https://www.wildberries.ru/catalog/tags/budda-statuetka-bronza,wildberries.ru,www.wildberries.ru,Будда статуэтка бронза - Купить в интернет магазине WildBerries.ru,"Фигурка Будды Просветления из бронзы 4x2x6 см PaintEra. … Статуэтка Будды, Будда, Головная статуя Будды, Статуя Будды…",20250407T225359,search-kw002-s06q003-q022-20260916-r100-0-19.json,POS11_20,TARGET,MARKETPLACE_CATEGORY,UNKNOWN,WILDBERRIES,FALSE,The title/snippet directly addresses Buddha figurines or statues. wildberries.ru and the listing/category URL identify a marketplace category or search-results page.,HIGH
S06Q021,фигурка будды,COMMERCIAL_LED,18,https://artvaza.ru/products/figurka-dekorativnaya-buddas-2-mya-led-svechami-l215-w75-h145-sm-116499,artvaza.ru,artvaza.ru,"Декоративная фигурка «Будда» с LED-свечами, артваза","В центре расположена статуэтка медитирующего Будды, выполненная в благородных тонах золота и бирюзы с эффектом патины.",20260429T103313,search-kw002-s06q003-q022-20260916-r100-0-19.json,POS11_20,TARGET,PRODUCT,UNKNOWN,INDEPENDENT_SHOP,FALSE,The title/snippet directly addresses Buddha figurines or statues. The domain/title and item-specific URL identify a product or book page.,HIGH
S06Q021,фигурка будды,COMMERCIAL_LED,19,https://tframe.ru/chajnaya-figurka-budda-sinij,tframe.ru,tframe.ru,"Чайная фигурка ""Будда"" синий - купить по лучшей цене...","Чайная фигурка ""Будда"" синий - игрушка для чайной церемонии в виде Будды, который станет отличным чайным духом для ваших чаепитий.",20240921T062218,search-kw002-s06q003-q022-20260916-r100-0-19.json,POS11_20,TARGET,PRODUCT,UNKNOWN,INDEPENDENT_SHOP,FALSE,The title/snippet directly addresses Buddha figurines or statues. The domain/title and item-specific URL identify a product or book page.,HIGH
S06Q021,фигурка будды,COMMERCIAL_LED,20,https://artvaza.ru/products/figurka-dekorativnaya-budda-na-slone-l14-w9-h235-sm-114821,artvaza.ru,artvaza.ru,"Декоративная фигурка «Будда на слоне», артваза","Декоративная фигурка ""Будда на слоне"" выполнена из полимерных материалов и станет элегантным украшением интерьера. Фигура символизирует мудрость, гармонию и процветание. Будда в медитативной позе сидит на слоне — животном, олицетворяющем силу и благородство.",20260429T103702,search-kw002-s06q003-q022-20260916-r100-0-19.json,POS11_20,TARGET,PRODUCT,UNKNOWN,INDEPENDENT_SHOP,FALSE,The title/snippet directly addresses Buddha figurines or statues. The domain/title and item-specific URL identify a product or book page.,HIGH
S06Q022,христианский символ,INFORMATIONAL_LED,1,https://ru.wikipedia.org/wiki/%D0%A5%D1%80%D0%B8%D1%81%D1%82%D0%B8%D0%B0%D0%BD%D1%81%D0%BA%D0%B0%D1%8F_%D1%81%D0%B8%D0%BC%D0%B2%D0%BE%D0%BB%D0%B8%D0%BA%D0%B0,ru.wikipedia.org,ru.wikipedia.org,Христианская символика — Википедия,"Христианская символика — совокупность символов и знаков, употребляемых различными христианскими церквями. … Изображение креста, на котором был распят Иисус Христос, является главным символом христианской религии, оно присутствует в большинстве христианских храмов, а также у верующих в качестве нательной символики.",20090829T051123,search-kw002-s06q003-q022-20260916-r100-0-19.json,TOP3,TARGET,ENCYCLOPEDIA,REFERENCE,ENCYCLOPEDIA,FALSE,The title/snippet directly addresses Christian symbols and their meanings. ru.wikipedia.org identifies an encyclopedia/reference entry.,HIGH
S06Q022,христианский символ,INFORMATIONAL_LED,2,https://ru.ruwiki.ru/wiki/%D0%A5%D1%80%D0%B8%D1%81%D1%82%D0%B8%D0%B0%D0%BD%D1%81%D0%BA%D0%B0%D1%8F_%D1%81%D0%B8%D0%BC%D0%B2%D0%BE%D0%BB%D0%B8%D0%BA%D0%B0,ru.ruwiki.ru,ru.ruwiki.ru,Христианская символика — Рувики: Интернет-энциклопедия,"Христианская символика — совокупность символов и знаков, употребляемых различными христианскими церквями. Появление христианских символов. alt Христианская живопись в катакомбах святых Петра и Марцеллина (Иосиф Вильперт, раскрашенная чёрно-белая фотография, 1903 год).",20230701T131838,search-kw002-s06q003-q022-20260916-r100-0-19.json,TOP3,TARGET,ENCYCLOPEDIA,REFERENCE,ENCYCLOPEDIA,FALSE,The title/snippet directly addresses Christian symbols and their meanings. ru.ruwiki.ru identifies an encyclopedia/reference entry.,HIGH
S06Q022,христианский символ,INFORMATIONAL_LED,3,https://tr-page.yandex.ru/translate?lang=en-ru&url=https%3A%2F%2Fwww.wikihow.com%2FChristian-Symbols-and-Meanings,tr-page.yandex.ru,tr-page.yandex.ru,70 Христианских символов и их значения,"Христианские символы известны во всем мире и включают в себя гораздо больше, чем культовые крест, голубь и агнец. Погрузитесь глубже в сложные детали, стоящие за более чем 70 христианскими религиозными символами и значениями, включая кресты, животных, числовые символы и другие, используемые для обозначения Христа.",20250113T215510,search-kw002-s06q003-q022-20260916-r100-0-19.json,TOP3,TARGET,ARTICLE,LIST,INFORMATION_SITE,FALSE,The title/snippet directly addresses Christian symbols and their meanings. The title/snippet and article-like URL identify informational content.,HIGH
S06Q022,христианский символ,INFORMATIONAL_LED,4,https://foma.ru/chto-obshhego-u-ryby-i-edinoroga-i-pochemu-jeti-sushhestva-stali-v-hristianskoj-kulture-simvolami-spasitelja.html,foma.ru,foma.ru,Что общего у рыбы и единорога и почему эти существа стали...,"Христианское искусство очень символично. Среди символов, которые можно в изобилии встретить на иконах, книжных миниатюрах, надгробиях и фресках, есть изображения реальных и вымышленных животных. О наиболее распространенных зооморфных христианских символах, смыслах и посланиях, которые они передают, читайте в нашем материале.",20240210T080629,search-kw002-s06q003-q022-20260916-r100-0-19.json,TOP10,TARGET,ARTICLE,REFERENCE,INFORMATION_SITE,FALSE,The title/snippet directly addresses Christian symbols and their meanings. The title/snippet and article-like URL identify informational content.,HIGH
S06Q022,христианский символ,INFORMATIONAL_LED,5,https://www.sofija.ru/blog/chto-oznachayut-simvoly-v-khristianstve-simvoly-iisusa-khrista-krest-ryba-khrizma-agnets-dobryy-past/,sofija.ru,www.sofija.ru,Что означают символы в христианстве?(ч.1),"Самые ранние христианские символы относятся к I – III векам, то есть к временам гонений на христиан в Римской империи. Мы находим их, например, в Римских катакомбах (местах погребения христиан тех времен). Тогда символы употребляли, прежде всего, как тайнопись, чтобы единоверцы могли узнавать друг друга во враждебном окружении.",20171112T140000,search-kw002-s06q003-q022-20260916-r100-0-19.json,TOP10,TARGET,ARTICLE,GUIDE,INFORMATION_SITE,FALSE,The title/snippet directly addresses Christian symbols and their meanings. The title/snippet and article-like URL identify informational content.,HIGH
S06Q022,христианский символ,INFORMATIONAL_LED,6,https://dpc-uspenskii.cerkov.ru/xristianskaya-simvolika-v-rospisi-uspenskogo-xrama/,dpc-uspenskii.cerkov.ru,dpc-uspenskii.cerkov.ru,Христианская символика в росписи Успенского храма.,"Это различные знаки, изображения, которые используются в христианской культуре, христианской практике, в богослужении. Первые символические изображения появились в катакомбах, где тайно совершали богослужения. Поскольку в Римской Империи христианство жило в условиях гонений, притеснений, и фактически в тайном статусе, символы...",20211030T141540,search-kw002-s06q003-q022-20260916-r100-0-19.json,TOP10,TARGET,ARTICLE,GUIDE,INFORMATION_SITE,FALSE,The title/snippet directly addresses Christian symbols and their meanings. The title/snippet and article-like URL identify informational content.,HIGH
S06Q022,христианский символ,INFORMATIONAL_LED,7,https://ugraeparhia.ru/simvolika-hristiansko-pravoslavnoy-kulturyi/,ugraeparhia.ru,ugraeparhia.ru,Символика: православно-христианский взгляд,"В этом соединении состоит смысл христианской жизни и христианской символики. По мысли святых отцов, Евхаристия – высочайший реальный Символ христианства, поскольку в Ней реально происходит наиболее полное соединение верующего с Самим Христом, а через Него с Самой Троицей единосущной и нераздельной.",20190218T231107,search-kw002-s06q003-q022-20260916-r100-0-19.json,TOP10,TARGET,ARTICLE,REFERENCE,INFORMATION_SITE,FALSE,The title/snippet directly addresses Christian symbols and their meanings. The title/snippet and article-like URL identify informational content.,HIGH
S06Q022,христианский символ,INFORMATIONAL_LED,8,https://media.elitsy.ru/temy/cerkov-hristova/hristianskie-simvoly-i-znaki/,media.elitsy.ru,media.elitsy.ru,Христианские символы и знаки - ЕлицыМедиа,"Существуют также христианские символы и знаки, порождённые Священным Преданием и Писанием. Одним из них является стилизованное изображение лилии. Его появление связано с тем, что, согласно легенде, Архангел Гавриил, явившись Деве Марии с благой вестью о её великом предназначении, держал в руке именно этот цветок.",20191115T092230,search-kw002-s06q003-q022-20260916-r100-0-19.json,TOP10,TARGET,ARTICLE,REFERENCE,INFORMATION_SITE,FALSE,The title/snippet directly addresses Christian symbols and their meanings. The title/snippet and article-like URL identify informational content.,HIGH
S06Q022,христианский символ,INFORMATIONAL_LED,9,https://foma.ru/hrizma-i-ryba-tajnyj-yazyk-pervyh-hristian.html,foma.ru,foma.ru,Хризма и рыба. Тайный язык первых христиан - Православный...,"Запрещенный знак. С апостольских времен крест стал главной святыней христианства, выражением веры в распятого и воскресшего Сына Божия Иисуса Христа. Однако в римском мире крест оставался орудием позорной казни и символом унижения. … С тех пор хризма (так называют монограмму Х и Р) стала очень популярным христианским символом.",20260623T152008,search-kw002-s06q003-q022-20260916-r100-0-19.json,TOP10,TARGET,ARTICLE,REFERENCE,INFORMATION_SITE,FALSE,The title/snippet directly addresses Christian symbols and their meanings. The title/snippet and article-like URL identify informational content.,HIGH
S06Q022,христианский символ,INFORMATIONAL_LED,10,https://pravoslavie.ru/archiv/simvolika/simvol.htm,pravoslavie.ru,pravoslavie.ru,Древнехристианская изобразительная символика,Древнехристианская изобразительная символика. Самые ранние христианские символические изображения относятся ко временам древней катакомбной Церкви и первых гонений. … Потому многие ветхозаветные прообразовательные символы естественно входят в христианскую символику.,20061115T051454,search-kw002-s06q003-q022-20260916-r100-0-19.json,TOP10,TARGET,ARTICLE,REFERENCE,INFORMATION_SITE,FALSE,The title/snippet directly addresses Christian symbols and their meanings. The title/snippet and article-like URL identify informational content.,HIGH
S06Q022,христианский символ,INFORMATIONAL_LED,11,https://azbyka.ru/otechnik/Istorija_Tserkvi/hristianskaja-simvolika/5,azbyka.ru,azbyka.ru,"Глава V, Христианская символика - А. С. Уваров - читать, скачать","На христианском перстне с двумя геммами (Мartigny, рисунок 40) на одной представлен якорь, на другой – плывущий корабль; а оба символа вместе, несомненно, выражают надежду на счастливое достижение цели, или формулу spes in refrigerio.",20230503T182012,search-kw002-s06q003-q022-20260916-r100-0-19.json,POS11_20,TARGET,ARTICLE,REFERENCE,INFORMATION_SITE,FALSE,The title/snippet directly addresses Christian symbols and their meanings. The title/snippet and article-like URL identify informational content.,HIGH
S06Q022,христианский символ,INFORMATIONAL_LED,12,https://ruscatholic.org/tayna-simvolov/,ruscatholic.org,ruscatholic.org,Тайна христианских символов - Рускатолик.рф,"Точно так же работал и христианский символ: внешнее изображение было лишь половиной того сокрытого, потаенного смысла, который был понятен лишь верующим. Рациональное постижение символа невозможно, он не расшифровывается путём логических размышлений. В христианском искусстве символ прочно связан со Священным Писанием.",20241101T082517,search-kw002-s06q003-q022-20260916-r100-0-19.json,POS11_20,TARGET,ARTICLE,REFERENCE,INFORMATION_SITE,FALSE,The title/snippet directly addresses Christian symbols and their meanings. The title/snippet and article-like URL identify informational content.,HIGH
S06Q022,христианский символ,INFORMATIONAL_LED,13,https://azbyka.ru/otechnik/Istorija_Tserkvi/hristianskaja-simvolika/,azbyka.ru,azbyka.ru,"Христианская символика - А. С. Уваров - читать, скачать","Труд «Христианская символика» А. С. Уваров. Большинство произведений библиотеки можно скачать в форматах EPUB, PDF. … Символ веры, VIII. Молитва Господня Глава III Глава IV I. Изображения, как знаки ремесленные II. Изображения фонетические, или иконная передача фонетического значения слов Глава V III.",20171127T153000,search-kw002-s06q003-q022-20260916-r100-0-19.json,POS11_20,TARGET,ARTICLE,GUIDE,INFORMATION_SITE,FALSE,The title/snippet directly addresses Christian symbols and their meanings. The title/snippet and article-like URL identify informational content.,HIGH
S06Q022,христианский символ,INFORMATIONAL_LED,14,https://www.culture.ru/s/vopros/ryba-simvol-hristianstva/,culture.ru,www.culture.ru,Рыба — символ христианства,"Молодые католики и протестанты вешали их на бамперы машин и носили в качестве украшений, чтобы продемонстрировать свою религиозную принадлежность. В ответ им атеисты придумали свой символ. Они пририсовали к христианской рыбе маленькие ножки и называли ее «рыбой Дарвина».",20211006T145606,search-kw002-s06q003-q022-20260916-r100-0-19.json,POS11_20,TARGET,ARTICLE,REFERENCE,INFORMATION_SITE,FALSE,The title/snippet directly addresses Christian symbols and their meanings. The title/snippet and article-like URL identify informational content.,HIGH
S06Q022,христианский символ,INFORMATIONAL_LED,15,https://nsportal.ru/nachalnaya-shkola/orkse/2019/02/14/tserkovnyy-simvolizm-obyasnenie-naibolee-znachimyh-simvolov,nsportal.ru,nsportal.ru,церковный символизм: объяснение наиболее значимых символов,"Христианская символика – это совокупность символов и знаков, которые употребляют различные церкви. … Первая христианская символика «донесла до нас богословие ранней Церкви». Многие христианские символы берут начало в язычестве, когда древние люди пытались познать Бога.",20190214T030000,search-kw002-s06q003-q022-20260916-r100-0-19.json,POS11_20,TARGET,ARTICLE,GUIDE,INFORMATION_SITE,FALSE,The title/snippet directly addresses Christian symbols and their meanings. The title/snippet and article-like URL identify informational content.,HIGH
S06Q022,христианский символ,INFORMATIONAL_LED,16,https://azbyka.ru/krest,azbyka.ru,azbyka.ru,Крест - православная энциклопедия «Азбука веры»,"Главный символ Христианства, орудие казни Богочеловека Иисуса Христа, на котором он был распят для искупления грехов мира. Крест - символ победы жертвенной любви над злом и насилием.",20151202T174517,search-kw002-s06q003-q022-20260916-r100-0-19.json,POS11_20,TARGET,ARTICLE,REFERENCE,INFORMATION_SITE,FALSE,The title/snippet directly addresses Christian symbols and their meanings. The title/snippet and article-like URL identify informational content.,HIGH
S06Q022,христианский символ,INFORMATIONAL_LED,17,https://ru.wikipedia.org/wiki/%D0%9A%D1%80%D0%B5%D1%81%D1%82_%D0%B2_%D1%85%D1%80%D0%B8%D1%81%D1%82%D0%B8%D0%B0%D0%BD%D1%81%D1%82%D0%B2%D0%B5,ru.wikipedia.org,ru.wikipedia.org,Крест в христианстве — Википедия,"Крест в христианстве — религиозный символ христианства и объект религиозного почитания в ряде христианских конфессий. В христианском богословии рассматривается как символ, указывающий на искупительную жертву Иисуса Христа.",20131120T065028,search-kw002-s06q003-q022-20260916-r100-0-19.json,POS11_20,TARGET,ENCYCLOPEDIA,REFERENCE,ENCYCLOPEDIA,FALSE,The title/snippet directly addresses Christian symbols and their meanings. ru.wikipedia.org identifies an encyclopedia/reference entry.,HIGH
S06Q022,христианский символ,INFORMATIONAL_LED,18,https://www.pravmir.ru/kak-razobratsya-v-izobrazheniyax-kresta/,pravmir.ru,www.pravmir.ru,"Православные кресты: виды, их значение, символика","Православные кресты: история возникновения. Символика православного креста. Формы и виды православных крестов. Крест Т-образный «антониевский». … Уже с первых веков христианства, по причине преследования последователей распятого Искупителя, христиане принуждены были скрываться, исполняя свои обряды втайне.",20090623T040000,search-kw002-s06q003-q022-20260916-r100-0-19.json,POS11_20,TARGET,ARTICLE,REFERENCE,INFORMATION_SITE,FALSE,The title/snippet directly addresses Christian symbols and their meanings. The title/snippet and article-like URL identify informational content.,HIGH
S06Q022,христианский символ,INFORMATIONAL_LED,19,https://russian7.ru/post/25-glavnykh-pravoslavnykh-simvolov/,russian7.ru,russian7.ru,25 главных православных символов - Русская семерка,"25 главных православных символов. К пониманию христианства можно прийти путем расшифровки его символов. По ним можно проследить и его историю, и развитие духовной мысли. … Корабль является древним христианским символом, который символизировал церковь и каждого отдельно взятого верующего.",20171031T060621,search-kw002-s06q003-q022-20260916-r100-0-19.json,POS11_20,TARGET,ARTICLE,LIST,INFORMATION_SITE,FALSE,The title/snippet directly addresses Christian symbols and their meanings. The title/snippet and article-like URL identify informational content.,HIGH
S06Q022,христианский символ,INFORMATIONAL_LED,20,https://www.shutterstock.com/ru/search/christian-symbol,shutterstock.com,www.shutterstock.com,"Christian symbol, результатов — 875 тысяч... | Shutterstock","Христианские символы. Вектор символов христианства. … Стоковая фотография: Рука держит деревянный крест силуэт в золотом закатном небе, символ христианской веры, молитвы и надежды. Минимальный духовный фон с копировальным пространством для богослужения, церкви и вдохновения. Христианская вера.",20161009T030000,search-kw002-s06q003-q022-20260916-r100-0-19.json,POS11_20,ADJACENT,LANDING,UNKNOWN,OTHER,FALSE,"The Shutterstock result is a stock-image search for Christian symbols, related but not a direct explanatory or product result. The domain/title and search or service URL identify a landing page.",MEDIUM
