reuse_id,candidate_id,evidence_class,source_step,seed_or_request_ids,tested_phrase_scope,durable_evidence_locator,provider_state,raw_or_derived_identity,scope_match,how_reused,claim_boundary,reprobe_allowed_current_round,notes
S08R00001,S07C000182,PRIOR_QUALIFIED_PRODUCT_WORDSTAT_SCOPE,STEP03,Q007|wordstat-0a074fb9-865b-4c66-a0d2-685e2a2b2475,(амулет|оберег|талисман) Велес,STEP_03_WORDSTAT_RAW/MANUAL__055__wordstat-0a074fb9-865b-4c66-a0d2-685e2a2b2475.raw.txt,DURABLE_PROVIDER_OBSERVATIONS_ACCEPTED_IN_STEP03A,RAW_PROVIDER_SCOPE_REFERENCED_BY_ACCEPTED_NORMALIZATION_LEDGER,QUALIFIED_QUESTION_ANSWERED,CLOSES_CURRENT_PRE_ACQUISITION_QUESTION_WITHOUT_NEW_CALL,"Bounded current discovery evidence only; not final relevance, intent, cluster, page or permanent demand truth.",false,Candidate state=REUSE_EXISTING_EVIDENCE; exact raw locator retained; no provider replay performed.
S08R00002,S07C000194,PRIOR_BROAD_TOPIC_WORDSTAT_SCOPE,STEP03,S023|wordstat-91384b79-6f27-47f4-b6b6-969d3bea3f28,Алатырь,STEP_03_WORDSTAT_RAW/MANUAL__016__alatyr__wordstat-91384b79-6f27-47f4-b6b6-969d3bea3f28.txt,DURABLE_PROVIDER_OBSERVATIONS_ACCEPTED_IN_STEP03A,RAW_PROVIDER_SCOPE_REFERENCED_BY_ACCEPTED_NORMALIZATION_LEDGER,RELATED_BUT_INSUFFICIENT,INFORMS_NEW_NARROWER_SEED_BUT_DOES_NOT_CLOSE_QUESTION,Related evidence only; broad/adjacent scope is not used to close the narrower question.,false,Candidate state=PROVIDER_REQUIRED_PRECISION_VALIDATION; exact raw locator retained; no provider replay performed.
S08R00003,S07C000205,PRIOR_BROAD_TOPIC_WORDSTAT_SCOPE,STEP03,S001|wordstat-86e7b86f-b118-4a08-b4bf-564b053de070,амулет,STEP_03_WORDSTAT_RAW/MANUAL__001_CURRENT_REQUERY__wordstat-86e7b86f-b118-4a08-b4bf-564b053de070.raw.txt,DURABLE_PROVIDER_OBSERVATIONS_ACCEPTED_IN_STEP03A,RAW_PROVIDER_SCOPE_REFERENCED_BY_ACCEPTED_NORMALIZATION_LEDGER,RELATED_BUT_INSUFFICIENT,INFORMS_NEW_NARROWER_SEED_BUT_DOES_NOT_CLOSE_QUESTION,Related evidence only; broad/adjacent scope is not used to close the narrower question.,false,Candidate state=PROVIDER_REQUIRED_PRECISION_VALIDATION; exact raw locator retained; no provider replay performed.
S08R00004,S07C000207,PRIOR_QUALIFIED_PRODUCT_WORDSTAT_SCOPE,STEP03,Q007|wordstat-0a074fb9-865b-4c66-a0d2-685e2a2b2475,(амулет|оберег|талисман) Велес,STEP_03_WORDSTAT_RAW/MANUAL__055__wordstat-0a074fb9-865b-4c66-a0d2-685e2a2b2475.raw.txt,DURABLE_PROVIDER_OBSERVATIONS_ACCEPTED_IN_STEP03A,RAW_PROVIDER_SCOPE_REFERENCED_BY_ACCEPTED_NORMALIZATION_LEDGER,QUALIFIED_QUESTION_ANSWERED,CLOSES_CURRENT_PRE_ACQUISITION_QUESTION_WITHOUT_NEW_CALL,"Bounded current discovery evidence only; not final relevance, intent, cluster, page or permanent demand truth.",false,Candidate state=REUSE_EXISTING_EVIDENCE; exact raw locator retained; no provider replay performed.
S08R00005,S07C000209,PRIOR_BROAD_TOPIC_WORDSTAT_SCOPE,STEP03,S001|wordstat-86e7b86f-b118-4a08-b4bf-564b053de070,амулет,STEP_03_WORDSTAT_RAW/MANUAL__001_CURRENT_REQUERY__wordstat-86e7b86f-b118-4a08-b4bf-564b053de070.raw.txt,DURABLE_PROVIDER_OBSERVATIONS_ACCEPTED_IN_STEP03A,RAW_PROVIDER_SCOPE_REFERENCED_BY_ACCEPTED_NORMALIZATION_LEDGER,RELATED_BUT_INSUFFICIENT,INFORMS_NEW_NARROWER_SEED_BUT_DOES_NOT_CLOSE_QUESTION,Related evidence only; broad/adjacent scope is not used to close the narrower question.,false,Candidate state=PROVIDER_REQUIRED_PRECISION_VALIDATION; exact raw locator retained; no provider replay performed.
S08R00006,S07C000210,PRIOR_QUALIFIED_PRODUCT_WORDSTAT_SCOPE,STEP03,Q004|wordstat-b14cbc4e-5c95-4056-b557-0d30392510fe,(амулет|оберег|талисман) Древо Жизни,STEP_03_WORDSTAT_RAW/MANUAL__052__wordstat-b14cbc4e-5c95-4056-b557-0d30392510fe.raw.txt,DURABLE_PROVIDER_OBSERVATIONS_ACCEPTED_IN_STEP03A,RAW_PROVIDER_SCOPE_REFERENCED_BY_ACCEPTED_NORMALIZATION_LEDGER,QUALIFIED_QUESTION_ANSWERED,CLOSES_CURRENT_PRE_ACQUISITION_QUESTION_WITHOUT_NEW_CALL,"Bounded current discovery evidence only; not final relevance, intent, cluster, page or permanent demand truth.",false,Candidate state=REUSE_EXISTING_EVIDENCE; exact raw locator retained; no provider replay performed.
S08R00007,S07C000212,PRIOR_BROAD_TOPIC_WORDSTAT_SCOPE,STEP03,S001|wordstat-86e7b86f-b118-4a08-b4bf-564b053de070,амулет,STEP_03_WORDSTAT_RAW/MANUAL__001_CURRENT_REQUERY__wordstat-86e7b86f-b118-4a08-b4bf-564b053de070.raw.txt,DURABLE_PROVIDER_OBSERVATIONS_ACCEPTED_IN_STEP03A,RAW_PROVIDER_SCOPE_REFERENCED_BY_ACCEPTED_NORMALIZATION_LEDGER,RELATED_BUT_INSUFFICIENT,INFORMS_NEW_NARROWER_SEED_BUT_DOES_NOT_CLOSE_QUESTION,Related evidence only; broad/adjacent scope is not used to close the narrower question.,false,Candidate state=PROVIDER_REQUIRED_PRECISION_VALIDATION; exact raw locator retained; no provider replay performed.
S08R00008,S07C000213,PRIOR_BROAD_TOPIC_WORDSTAT_SCOPE,STEP03,S022|wordstat-676b26a8-2956-4353-9f63-5ccc1890992b,Печать Велеса,STEP_03_WORDSTAT_RAW/MANUAL__015__pechat_velesa__wordstat-676b26a8-2956-4353-9f63-5ccc1890992b.txt,DURABLE_PROVIDER_OBSERVATIONS_ACCEPTED_IN_STEP03A,RAW_PROVIDER_SCOPE_REFERENCED_BY_ACCEPTED_NORMALIZATION_LEDGER,RELATED_BUT_INSUFFICIENT,INFORMS_NEW_NARROWER_SEED_BUT_DOES_NOT_CLOSE_QUESTION,Related evidence only; broad/adjacent scope is not used to close the narrower question.,false,Candidate state=PROVIDER_REQUIRED_PRECISION_VALIDATION; exact raw locator retained; no provider replay performed.
S08R00009,S07C000213,PRIOR_QUALIFIED_PRODUCT_WORDSTAT_SCOPE,STEP03,Q007|wordstat-0a074fb9-865b-4c66-a0d2-685e2a2b2475,(амулет|оберег|талисман) Велес,STEP_03_WORDSTAT_RAW/MANUAL__055__wordstat-0a074fb9-865b-4c66-a0d2-685e2a2b2475.raw.txt,DURABLE_PROVIDER_OBSERVATIONS_ACCEPTED_IN_STEP03A,RAW_PROVIDER_SCOPE_REFERENCED_BY_ACCEPTED_NORMALIZATION_LEDGER,RELATED_BUT_INSUFFICIENT,INFORMS_NEW_NARROWER_SEED_BUT_DOES_NOT_CLOSE_QUESTION,Related evidence only; broad/adjacent scope is not used to close the narrower question.,false,Candidate state=PROVIDER_REQUIRED_PRECISION_VALIDATION; exact raw locator retained; no provider replay performed.
S08R00010,S07C000224,PRIOR_GENERIC_PRODUCT_CLASS_WORDSTAT_SCOPE,STEP03,S001|wordstat-86e7b86f-b118-4a08-b4bf-564b053de070,амулет,STEP_03_WORDSTAT_RAW/MANUAL__001_CURRENT_REQUERY__wordstat-86e7b86f-b118-4a08-b4bf-564b053de070.raw.txt,DURABLE_PROVIDER_OBSERVATIONS_ACCEPTED_IN_STEP03A,RAW_PROVIDER_SCOPE_REFERENCED_BY_ACCEPTED_NORMALIZATION_LEDGER,QUALIFIED_QUESTION_ANSWERED,CLOSES_CURRENT_PRE_ACQUISITION_QUESTION_WITHOUT_NEW_CALL,"Bounded current discovery evidence only; not final relevance, intent, cluster, page or permanent demand truth.",false,Candidate state=ALREADY_COVERED_NO_NEW_INFORMATION_GAIN; exact raw locator retained; no provider replay performed.
S08R00011,S07C000225,PRIOR_BROAD_TOPIC_WORDSTAT_SCOPE,STEP03,S001|wordstat-86e7b86f-b118-4a08-b4bf-564b053de070,амулет,STEP_03_WORDSTAT_RAW/MANUAL__001_CURRENT_REQUERY__wordstat-86e7b86f-b118-4a08-b4bf-564b053de070.raw.txt,DURABLE_PROVIDER_OBSERVATIONS_ACCEPTED_IN_STEP03A,RAW_PROVIDER_SCOPE_REFERENCED_BY_ACCEPTED_NORMALIZATION_LEDGER,RELATED_BUT_INSUFFICIENT,INFORMS_NEW_NARROWER_SEED_BUT_DOES_NOT_CLOSE_QUESTION,Related evidence only; broad/adjacent scope is not used to close the narrower question.,false,Candidate state=PROVIDER_REQUIRED_PRECISION_VALIDATION; exact raw locator retained; no provider replay performed.
S08R00012,S07C000226,PRIOR_BROAD_TOPIC_WORDSTAT_SCOPE,STEP03,S001|wordstat-86e7b86f-b118-4a08-b4bf-564b053de070,амулет,STEP_03_WORDSTAT_RAW/MANUAL__001_CURRENT_REQUERY__wordstat-86e7b86f-b118-4a08-b4bf-564b053de070.raw.txt,DURABLE_PROVIDER_OBSERVATIONS_ACCEPTED_IN_STEP03A,RAW_PROVIDER_SCOPE_REFERENCED_BY_ACCEPTED_NORMALIZATION_LEDGER,RELATED_BUT_INSUFFICIENT,INFORMS_NEW_NARROWER_SEED_BUT_DOES_NOT_CLOSE_QUESTION,Related evidence only; broad/adjacent scope is not used to close the narrower question.,false,Candidate state=PROVIDER_REQUIRED_PRECISION_VALIDATION; exact raw locator retained; no provider replay performed.
S08R00013,S07C000227,PRIOR_GENERIC_PRODUCT_CLASS_WORDSTAT_SCOPE,STEP03,S001|wordstat-86e7b86f-b118-4a08-b4bf-564b053de070,амулет,STEP_03_WORDSTAT_RAW/MANUAL__001_CURRENT_REQUERY__wordstat-86e7b86f-b118-4a08-b4bf-564b053de070.raw.txt,DURABLE_PROVIDER_OBSERVATIONS_ACCEPTED_IN_STEP03A,RAW_PROVIDER_SCOPE_REFERENCED_BY_ACCEPTED_NORMALIZATION_LEDGER,QUALIFIED_QUESTION_ANSWERED,CLOSES_CURRENT_PRE_ACQUISITION_QUESTION_WITHOUT_NEW_CALL,"Bounded current discovery evidence only; not final relevance, intent, cluster, page or permanent demand truth.",false,Candidate state=ALREADY_COVERED_NO_NEW_INFORMATION_GAIN; exact raw locator retained; no provider replay performed.
S08R00014,S07C000229,PRIOR_BROAD_TOPIC_WORDSTAT_SCOPE,STEP03,S001|wordstat-86e7b86f-b118-4a08-b4bf-564b053de070,амулет,STEP_03_WORDSTAT_RAW/MANUAL__001_CURRENT_REQUERY__wordstat-86e7b86f-b118-4a08-b4bf-564b053de070.raw.txt,DURABLE_PROVIDER_OBSERVATIONS_ACCEPTED_IN_STEP03A,RAW_PROVIDER_SCOPE_REFERENCED_BY_ACCEPTED_NORMALIZATION_LEDGER,RELATED_BUT_INSUFFICIENT,INFORMS_NEW_NARROWER_SEED_BUT_DOES_NOT_CLOSE_QUESTION,Related evidence only; broad/adjacent scope is not used to close the narrower question.,false,Candidate state=PROVIDER_REQUIRED_PRECISION_VALIDATION; exact raw locator retained; no provider replay performed.
S08R00015,S07C000231,PRIOR_BROAD_TOPIC_WORDSTAT_SCOPE,STEP03,S001|wordstat-86e7b86f-b118-4a08-b4bf-564b053de070,амулет,STEP_03_WORDSTAT_RAW/MANUAL__001_CURRENT_REQUERY__wordstat-86e7b86f-b118-4a08-b4bf-564b053de070.raw.txt,DURABLE_PROVIDER_OBSERVATIONS_ACCEPTED_IN_STEP03A,RAW_PROVIDER_SCOPE_REFERENCED_BY_ACCEPTED_NORMALIZATION_LEDGER,RELATED_BUT_INSUFFICIENT,INFORMS_NEW_NARROWER_SEED_BUT_DOES_NOT_CLOSE_QUESTION,Related evidence only; broad/adjacent scope is not used to close the narrower question.,false,Candidate state=PROVIDER_REQUIRED_PRECISION_VALIDATION; exact raw locator retained; no provider replay performed.
S08R00016,S07C000232,PRIOR_GENERIC_PRODUCT_CLASS_WORDSTAT_SCOPE,STEP03,S001|wordstat-86e7b86f-b118-4a08-b4bf-564b053de070,амулет,STEP_03_WORDSTAT_RAW/MANUAL__001_CURRENT_REQUERY__wordstat-86e7b86f-b118-4a08-b4bf-564b053de070.raw.txt,DURABLE_PROVIDER_OBSERVATIONS_ACCEPTED_IN_STEP03A,RAW_PROVIDER_SCOPE_REFERENCED_BY_ACCEPTED_NORMALIZATION_LEDGER,QUALIFIED_QUESTION_ANSWERED,CLOSES_CURRENT_PRE_ACQUISITION_QUESTION_WITHOUT_NEW_CALL,"Bounded current discovery evidence only; not final relevance, intent, cluster, page or permanent demand truth.",false,Candidate state=ALREADY_COVERED_NO_NEW_INFORMATION_GAIN; exact raw locator retained; no provider replay performed.
S08R00017,S07C000233,PRIOR_BROAD_TOPIC_WORDSTAT_SCOPE,STEP03,S001|wordstat-86e7b86f-b118-4a08-b4bf-564b053de070,амулет,STEP_03_WORDSTAT_RAW/MANUAL__001_CURRENT_REQUERY__wordstat-86e7b86f-b118-4a08-b4bf-564b053de070.raw.txt,DURABLE_PROVIDER_OBSERVATIONS_ACCEPTED_IN_STEP03A,RAW_PROVIDER_SCOPE_REFERENCED_BY_ACCEPTED_NORMALIZATION_LEDGER,RELATED_BUT_INSUFFICIENT,INFORMS_NEW_NARROWER_SEED_BUT_DOES_NOT_CLOSE_QUESTION,Related evidence only; broad/adjacent scope is not used to close the narrower question.,false,Candidate state=PROVIDER_REQUIRED_PRECISION_VALIDATION; exact raw locator retained; no provider replay performed.
S08R00018,S07C000234,PRIOR_BROAD_TOPIC_WORDSTAT_SCOPE,STEP03,S001|wordstat-86e7b86f-b118-4a08-b4bf-564b053de070,амулет,STEP_03_WORDSTAT_RAW/MANUAL__001_CURRENT_REQUERY__wordstat-86e7b86f-b118-4a08-b4bf-564b053de070.raw.txt,DURABLE_PROVIDER_OBSERVATIONS_ACCEPTED_IN_STEP03A,RAW_PROVIDER_SCOPE_REFERENCED_BY_ACCEPTED_NORMALIZATION_LEDGER,RELATED_BUT_INSUFFICIENT,INFORMS_NEW_NARROWER_SEED_BUT_DOES_NOT_CLOSE_QUESTION,Related evidence only; broad/adjacent scope is not used to close the narrower question.,false,Candidate state=PROVIDER_REQUIRED_PRECISION_VALIDATION; exact raw locator retained; no provider replay performed.
S08R00019,S07C000261,PRIOR_BROAD_TOPIC_WORDSTAT_SCOPE,STEP03,S003|wordstat-7fa06c3d-a03c-4daa-a1ab-a33c7583d2e6,талисман,STEP_03_WORDSTAT_RAW/REQUERY_COMPRESSED/README_RECONSTRUCTION_2026-09-09.md#R002,DURABLE_PROVIDER_OBSERVATIONS_ACCEPTED_IN_STEP03A,RAW_PROVIDER_SCOPE_REFERENCED_BY_ACCEPTED_NORMALIZATION_LEDGER,RELATED_BUT_INSUFFICIENT,INFORMS_NEW_NARROWER_SEED_BUT_DOES_NOT_CLOSE_QUESTION,Related evidence only; broad/adjacent scope is not used to close the narrower question.,false,Candidate state=PROVIDER_REQUIRED_PRECISION_VALIDATION; exact raw locator retained; no provider replay performed.
S08R00020,S07C000262,PRIOR_BROAD_TOPIC_WORDSTAT_SCOPE,STEP03,S053|wordstat-efdd12e7-8d7b-4142-96c7-8ece1d883426,Аум,STEP_03_WORDSTAT_RAW/RECOVERY_REQUERY__032__wordstat-efdd12e7-8d7b-4142-96c7-8ece1d883426.raw.txt,DURABLE_PROVIDER_OBSERVATIONS_ACCEPTED_IN_STEP03A,RAW_PROVIDER_SCOPE_REFERENCED_BY_ACCEPTED_NORMALIZATION_LEDGER,EXACT_QUESTION_ANSWERED,CLOSES_CURRENT_PRE_ACQUISITION_QUESTION_WITHOUT_NEW_CALL,"Bounded current discovery evidence only; not final relevance, intent, cluster, page or permanent demand truth.",false,Candidate state=REUSE_EXISTING_EVIDENCE; exact raw locator retained; no provider replay performed.
S08R00021,S07C000266,PRIOR_BROAD_TOPIC_WORDSTAT_SCOPE,STEP03,S019|wordstat-0f49c7f5-bf26-4961-be46-a46f6608b1f1,Белобог,STEP_03_WORDSTAT_RAW/MANUAL__013__belobog__wordstat-0f49c7f5-bf26-4961-be46-a46f6608b1f1.txt,DURABLE_PROVIDER_OBSERVATIONS_ACCEPTED_IN_STEP03A,RAW_PROVIDER_SCOPE_REFERENCED_BY_ACCEPTED_NORMALIZATION_LEDGER,RELATED_BUT_INSUFFICIENT,INFORMS_NEW_NARROWER_SEED_BUT_DOES_NOT_CLOSE_QUESTION,Related evidence only; broad/adjacent scope is not used to close the narrower question.,false,Candidate state=PROVIDER_REQUIRED_PRECISION_VALIDATION; exact raw locator retained; no provider replay performed.
S08R00022,S07C000269,PRIOR_BROAD_TOPIC_WORDSTAT_SCOPE,STEP03,S055|wordstat-a256259e-581c-4389-92a1-9779e75b5253,Шлем ужаса,STEP_03_WORDSTAT_RAW/RECOVERY_REQUERY__034__wordstat-a256259e-581c-4389-92a1-9779e75b5253.raw.txt,DURABLE_PROVIDER_OBSERVATIONS_ACCEPTED_IN_STEP03A,RAW_PROVIDER_SCOPE_REFERENCED_BY_ACCEPTED_NORMALIZATION_LEDGER,RELATED_BUT_INSUFFICIENT,INFORMS_NEW_NARROWER_SEED_BUT_DOES_NOT_CLOSE_QUESTION,Related evidence only; broad/adjacent scope is not used to close the narrower question.,false,Candidate state=PROVIDER_REQUIRED_PRECISION_VALIDATION; exact raw locator retained; no provider replay performed.
S08R00023,S07C000273,PRIOR_BROAD_TOPIC_WORDSTAT_SCOPE,STEP03,S023|wordstat-91384b79-6f27-47f4-b6b6-969d3bea3f28,Алатырь,STEP_03_WORDSTAT_RAW/MANUAL__016__alatyr__wordstat-91384b79-6f27-47f4-b6b6-969d3bea3f28.txt,DURABLE_PROVIDER_OBSERVATIONS_ACCEPTED_IN_STEP03A,RAW_PROVIDER_SCOPE_REFERENCED_BY_ACCEPTED_NORMALIZATION_LEDGER,RELATED_BUT_INSUFFICIENT,INFORMS_NEW_NARROWER_SEED_BUT_DOES_NOT_CLOSE_QUESTION,Related evidence only; broad/adjacent scope is not used to close the narrower question.,false,Candidate state=PROVIDER_REQUIRED_PRECISION_VALIDATION; exact raw locator retained; no provider replay performed.
S08R00024,S07C000309,PRIOR_QUALIFIED_PRODUCT_WORDSTAT_SCOPE,STEP03,Q007|wordstat-0a074fb9-865b-4c66-a0d2-685e2a2b2475,(амулет|оберег|талисман) Велес,STEP_03_WORDSTAT_RAW/MANUAL__055__wordstat-0a074fb9-865b-4c66-a0d2-685e2a2b2475.raw.txt,DURABLE_PROVIDER_OBSERVATIONS_ACCEPTED_IN_STEP03A,RAW_PROVIDER_SCOPE_REFERENCED_BY_ACCEPTED_NORMALIZATION_LEDGER,RELATED_BUT_INSUFFICIENT,INFORMS_NEW_NARROWER_SEED_BUT_DOES_NOT_CLOSE_QUESTION,Related evidence only; broad/adjacent scope is not used to close the narrower question.,false,Candidate state=PROVIDER_REQUIRED_PRECISION_VALIDATION; exact raw locator retained; no provider replay performed.
S08R00025,S07C000310,PRIOR_QUALIFIED_PRODUCT_WORDSTAT_SCOPE,STEP03,Q007|wordstat-0a074fb9-865b-4c66-a0d2-685e2a2b2475,(амулет|оберег|талисман) Велес,STEP_03_WORDSTAT_RAW/MANUAL__055__wordstat-0a074fb9-865b-4c66-a0d2-685e2a2b2475.raw.txt,DURABLE_PROVIDER_OBSERVATIONS_ACCEPTED_IN_STEP03A,RAW_PROVIDER_SCOPE_REFERENCED_BY_ACCEPTED_NORMALIZATION_LEDGER,QUALIFIED_QUESTION_ANSWERED,CLOSES_CURRENT_PRE_ACQUISITION_QUESTION_WITHOUT_NEW_CALL,"Bounded current discovery evidence only; not final relevance, intent, cluster, page or permanent demand truth.",false,Candidate state=REUSE_EXISTING_EVIDENCE; exact raw locator retained; no provider replay performed.
S08R00026,S07C000323,PRIOR_BROAD_TOPIC_WORDSTAT_SCOPE,STEP03,S002|wordstat-59d28ae6-a727-400c-8cb4-9a9e6ca352a0,оберег,STEP_03_WORDSTAT_RAW/REQUERY_COMPRESSED/README_RECONSTRUCTION_2026-09-09.md#R001,DURABLE_PROVIDER_OBSERVATIONS_ACCEPTED_IN_STEP03A,RAW_PROVIDER_SCOPE_REFERENCED_BY_ACCEPTED_NORMALIZATION_LEDGER,RELATED_BUT_INSUFFICIENT,INFORMS_NEW_NARROWER_SEED_BUT_DOES_NOT_CLOSE_QUESTION,Related evidence only; broad/adjacent scope is not used to close the narrower question.,false,Candidate state=PROVIDER_REQUIRED_PRECISION_VALIDATION; exact raw locator retained; no provider replay performed.
S08R00027,S07C000331,PRIOR_BROAD_TOPIC_WORDSTAT_SCOPE,STEP03,S001|wordstat-86e7b86f-b118-4a08-b4bf-564b053de070,амулет,STEP_03_WORDSTAT_RAW/MANUAL__001_CURRENT_REQUERY__wordstat-86e7b86f-b118-4a08-b4bf-564b053de070.raw.txt,DURABLE_PROVIDER_OBSERVATIONS_ACCEPTED_IN_STEP03A,RAW_PROVIDER_SCOPE_REFERENCED_BY_ACCEPTED_NORMALIZATION_LEDGER,RELATED_BUT_INSUFFICIENT,INFORMS_NEW_NARROWER_SEED_BUT_DOES_NOT_CLOSE_QUESTION,Related evidence only; broad/adjacent scope is not used to close the narrower question.,false,Candidate state=PROVIDER_REQUIRED_PRECISION_VALIDATION; exact raw locator retained; no provider replay performed.
S08R00028,S07C000338,PRIOR_BROAD_TOPIC_WORDSTAT_SCOPE,STEP03,S001|wordstat-86e7b86f-b118-4a08-b4bf-564b053de070,амулет,STEP_03_WORDSTAT_RAW/MANUAL__001_CURRENT_REQUERY__wordstat-86e7b86f-b118-4a08-b4bf-564b053de070.raw.txt,DURABLE_PROVIDER_OBSERVATIONS_ACCEPTED_IN_STEP03A,RAW_PROVIDER_SCOPE_REFERENCED_BY_ACCEPTED_NORMALIZATION_LEDGER,RELATED_BUT_INSUFFICIENT,INFORMS_NEW_NARROWER_SEED_BUT_DOES_NOT_CLOSE_QUESTION,Related evidence only; broad/adjacent scope is not used to close the narrower question.,false,Candidate state=PROVIDER_REQUIRED_PRECISION_VALIDATION; exact raw locator retained; no provider replay performed.
S08R00029,S07C000351,PRIOR_BROAD_TOPIC_WORDSTAT_SCOPE,STEP03,S029|wordstat-cb0b6dee-7f12-4daf-8feb-3938461b8d3a,Громовик,STEP_03_WORDSTAT_RAW/MANUAL__022__gromovik__wordstat-cb0b6dee-7f12-4daf-8feb-3938461b8d3a.txt,DURABLE_PROVIDER_OBSERVATIONS_ACCEPTED_IN_STEP03A,RAW_PROVIDER_SCOPE_REFERENCED_BY_ACCEPTED_NORMALIZATION_LEDGER,RELATED_BUT_INSUFFICIENT,INFORMS_NEW_NARROWER_SEED_BUT_DOES_NOT_CLOSE_QUESTION,Related evidence only; broad/adjacent scope is not used to close the narrower question.,false,Candidate state=PROVIDER_REQUIRED_PRECISION_VALIDATION; exact raw locator retained; no provider replay performed.
S08R00030,S07C000365,PRIOR_QUALIFIED_PRODUCT_WORDSTAT_SCOPE,STEP03,Q004|wordstat-b14cbc4e-5c95-4056-b557-0d30392510fe,(амулет|оберег|талисман) Древо Жизни,STEP_03_WORDSTAT_RAW/MANUAL__052__wordstat-b14cbc4e-5c95-4056-b557-0d30392510fe.raw.txt,DURABLE_PROVIDER_OBSERVATIONS_ACCEPTED_IN_STEP03A,RAW_PROVIDER_SCOPE_REFERENCED_BY_ACCEPTED_NORMALIZATION_LEDGER,RELATED_BUT_INSUFFICIENT,INFORMS_NEW_NARROWER_SEED_BUT_DOES_NOT_CLOSE_QUESTION,Related evidence only; broad/adjacent scope is not used to close the narrower question.,false,Candidate state=PROVIDER_REQUIRED_PRECISION_VALIDATION; exact raw locator retained; no provider replay performed.
S08R00031,S07C000386,PRIOR_BROAD_TOPIC_WORDSTAT_SCOPE,STEP03,S042|wordstat-b4da4974-0d97-46d1-98a9-be191091eaff,Звезда Лады,STEP_03_WORDSTAT_RAW/MANUAL__027__zvezda_lady__wordstat-b4da4974-0d97-46d1-98a9-be191091eaff.txt,DURABLE_PROVIDER_OBSERVATIONS_ACCEPTED_IN_STEP03A,RAW_PROVIDER_SCOPE_REFERENCED_BY_ACCEPTED_NORMALIZATION_LEDGER,RELATED_BUT_INSUFFICIENT,INFORMS_NEW_NARROWER_SEED_BUT_DOES_NOT_CLOSE_QUESTION,Related evidence only; broad/adjacent scope is not used to close the narrower question.,false,Candidate state=PROVIDER_REQUIRED_PRECISION_VALIDATION; exact raw locator retained; no provider replay performed.
S08R00032,S07C000387,PRIOR_BROAD_TOPIC_WORDSTAT_SCOPE,STEP03,S042|wordstat-b4da4974-0d97-46d1-98a9-be191091eaff,Звезда Лады,STEP_03_WORDSTAT_RAW/MANUAL__027__zvezda_lady__wordstat-b4da4974-0d97-46d1-98a9-be191091eaff.txt,DURABLE_PROVIDER_OBSERVATIONS_ACCEPTED_IN_STEP03A,RAW_PROVIDER_SCOPE_REFERENCED_BY_ACCEPTED_NORMALIZATION_LEDGER,RELATED_BUT_INSUFFICIENT,INFORMS_NEW_NARROWER_SEED_BUT_DOES_NOT_CLOSE_QUESTION,Related evidence only; broad/adjacent scope is not used to close the narrower question.,false,Candidate state=PROVIDER_REQUIRED_PRECISION_VALIDATION; exact raw locator retained; no provider replay performed.
S08R00033,S07C000389,PRIOR_QUALIFIED_PRODUCT_WORDSTAT_SCOPE,STEP03,Q011|wordstat-4a932bdc-262a-4140-ab13-9694b20dd67a,(амулет|оберег|талисман) Сварог,STEP_03_WORDSTAT_RAW/MANUAL__059__wordstat-4a932bdc-262a-4140-ab13-9694b20dd67a.raw.txt,DURABLE_PROVIDER_OBSERVATIONS_ACCEPTED_IN_STEP03A,RAW_PROVIDER_SCOPE_REFERENCED_BY_ACCEPTED_NORMALIZATION_LEDGER,RELATED_BUT_INSUFFICIENT,INFORMS_NEW_NARROWER_SEED_BUT_DOES_NOT_CLOSE_QUESTION,Related evidence only; broad/adjacent scope is not used to close the narrower question.,false,Candidate state=PROVIDER_REQUIRED_PRECISION_VALIDATION; exact raw locator retained; no provider replay performed.
S08R00034,S07C000391,PRIOR_QUALIFIED_PRODUCT_WORDSTAT_SCOPE,STEP03,Q007|wordstat-0a074fb9-865b-4c66-a0d2-685e2a2b2475,(амулет|оберег|талисман) Велес,STEP_03_WORDSTAT_RAW/MANUAL__055__wordstat-0a074fb9-865b-4c66-a0d2-685e2a2b2475.raw.txt,DURABLE_PROVIDER_OBSERVATIONS_ACCEPTED_IN_STEP03A,RAW_PROVIDER_SCOPE_REFERENCED_BY_ACCEPTED_NORMALIZATION_LEDGER,RELATED_BUT_INSUFFICIENT,INFORMS_NEW_NARROWER_SEED_BUT_DOES_NOT_CLOSE_QUESTION,Related evidence only; broad/adjacent scope is not used to close the narrower question.,false,Candidate state=PROVIDER_REQUIRED_PRECISION_VALIDATION; exact raw locator retained; no provider replay performed.
S08R00035,S07C000418,RELATED_PRIOR_QUALIFIED_OM_WORDSTAT_SCOPE,STEP03,Q005|wordstat-d906b011-52e0-4a5e-b9f1-b155776056a2,(амулет|оберег|талисман) Ом,STEP_03_WORDSTAT_RAW/MANUAL__053__wordstat-d906b011-52e0-4a5e-b9f1-b155776056a2.raw.txt,DURABLE_PROVIDER_OBSERVATIONS_ACCEPTED_IN_STEP03A,RAW_PROVIDER_SCOPE_REFERENCED_BY_ACCEPTED_NORMALIZATION_LEDGER,RELATED_BUT_INSUFFICIENT,INFORMS_NEW_NARROWER_SEED_BUT_DOES_NOT_CLOSE_QUESTION,Related evidence only; broad/adjacent scope is not used to close the narrower question.,false,Candidate state=PROVIDER_REQUIRED_PRECISION_VALIDATION; exact raw locator retained; no provider replay performed.
S08R00036,S07C000441,PRIOR_BROAD_TOPIC_WORDSTAT_SCOPE,STEP03,S001|wordstat-86e7b86f-b118-4a08-b4bf-564b053de070,амулет,STEP_03_WORDSTAT_RAW/MANUAL__001_CURRENT_REQUERY__wordstat-86e7b86f-b118-4a08-b4bf-564b053de070.raw.txt,DURABLE_PROVIDER_OBSERVATIONS_ACCEPTED_IN_STEP03A,RAW_PROVIDER_SCOPE_REFERENCED_BY_ACCEPTED_NORMALIZATION_LEDGER,RELATED_BUT_INSUFFICIENT,INFORMS_NEW_NARROWER_SEED_BUT_DOES_NOT_CLOSE_QUESTION,Related evidence only; broad/adjacent scope is not used to close the narrower question.,false,Candidate state=PROVIDER_REQUIRED_PRECISION_VALIDATION; exact raw locator retained; no provider replay performed.
S08R00037,S07C000445,PRIOR_BROAD_TOPIC_WORDSTAT_SCOPE,STEP03,S002|wordstat-59d28ae6-a727-400c-8cb4-9a9e6ca352a0,оберег,STEP_03_WORDSTAT_RAW/REQUERY_COMPRESSED/README_RECONSTRUCTION_2026-09-09.md#R001,DURABLE_PROVIDER_OBSERVATIONS_ACCEPTED_IN_STEP03A,RAW_PROVIDER_SCOPE_REFERENCED_BY_ACCEPTED_NORMALIZATION_LEDGER,RELATED_BUT_INSUFFICIENT,INFORMS_NEW_NARROWER_SEED_BUT_DOES_NOT_CLOSE_QUESTION,Related evidence only; broad/adjacent scope is not used to close the narrower question.,false,Candidate state=PROVIDER_REQUIRED_PRECISION_VALIDATION; exact raw locator retained; no provider replay performed.
S08R00038,S07C000449,PRIOR_BROAD_TOPIC_WORDSTAT_SCOPE,STEP03,S003|wordstat-7fa06c3d-a03c-4daa-a1ab-a33c7583d2e6,талисман,STEP_03_WORDSTAT_RAW/REQUERY_COMPRESSED/README_RECONSTRUCTION_2026-09-09.md#R002,DURABLE_PROVIDER_OBSERVATIONS_ACCEPTED_IN_STEP03A,RAW_PROVIDER_SCOPE_REFERENCED_BY_ACCEPTED_NORMALIZATION_LEDGER,RELATED_BUT_INSUFFICIENT,INFORMS_NEW_NARROWER_SEED_BUT_DOES_NOT_CLOSE_QUESTION,Related evidence only; broad/adjacent scope is not used to close the narrower question.,false,Candidate state=PROVIDER_REQUIRED_PRECISION_VALIDATION; exact raw locator retained; no provider replay performed.
S08R00039,S07C000459,RELATED_PRIOR_QUALIFIED_OM_WORDSTAT_SCOPE,STEP03,Q005|wordstat-d906b011-52e0-4a5e-b9f1-b155776056a2,(амулет|оберег|талисман) Ом,STEP_03_WORDSTAT_RAW/MANUAL__053__wordstat-d906b011-52e0-4a5e-b9f1-b155776056a2.raw.txt,DURABLE_PROVIDER_OBSERVATIONS_ACCEPTED_IN_STEP03A,RAW_PROVIDER_SCOPE_REFERENCED_BY_ACCEPTED_NORMALIZATION_LEDGER,RELATED_BUT_INSUFFICIENT,INFORMS_NEW_NARROWER_SEED_BUT_DOES_NOT_CLOSE_QUESTION,Related evidence only; broad/adjacent scope is not used to close the narrower question.,false,Candidate state=PROVIDER_REQUIRED_PRECISION_VALIDATION; exact raw locator retained; no provider replay performed.
S08R00040,S07C000463,RELATED_PRIOR_QUALIFIED_OM_WORDSTAT_SCOPE,STEP03,Q005|wordstat-d906b011-52e0-4a5e-b9f1-b155776056a2,(амулет|оберег|талисман) Ом,STEP_03_WORDSTAT_RAW/MANUAL__053__wordstat-d906b011-52e0-4a5e-b9f1-b155776056a2.raw.txt,DURABLE_PROVIDER_OBSERVATIONS_ACCEPTED_IN_STEP03A,RAW_PROVIDER_SCOPE_REFERENCED_BY_ACCEPTED_NORMALIZATION_LEDGER,RELATED_BUT_INSUFFICIENT,INFORMS_NEW_NARROWER_SEED_BUT_DOES_NOT_CLOSE_QUESTION,Related evidence only; broad/adjacent scope is not used to close the narrower question.,false,Candidate state=PROVIDER_REQUIRED_PRECISION_VALIDATION; exact raw locator retained; no provider replay performed.
S08R00041,S07C000472,PRIOR_BROAD_TOPIC_WORDSTAT_SCOPE,STEP03,S023|wordstat-91384b79-6f27-47f4-b6b6-969d3bea3f28,Алатырь,STEP_03_WORDSTAT_RAW/MANUAL__016__alatyr__wordstat-91384b79-6f27-47f4-b6b6-969d3bea3f28.txt,DURABLE_PROVIDER_OBSERVATIONS_ACCEPTED_IN_STEP03A,RAW_PROVIDER_SCOPE_REFERENCED_BY_ACCEPTED_NORMALIZATION_LEDGER,RELATED_BUT_INSUFFICIENT,INFORMS_NEW_NARROWER_SEED_BUT_DOES_NOT_CLOSE_QUESTION,Related evidence only; broad/adjacent scope is not used to close the narrower question.,false,Candidate state=PROVIDER_REQUIRED_PRECISION_VALIDATION; exact raw locator retained; no provider replay performed.
S08R00042,S07C000473,PRIOR_BROAD_TOPIC_WORDSTAT_SCOPE,STEP03,S019|wordstat-0f49c7f5-bf26-4961-be46-a46f6608b1f1,Белобог,STEP_03_WORDSTAT_RAW/MANUAL__013__belobog__wordstat-0f49c7f5-bf26-4961-be46-a46f6608b1f1.txt,DURABLE_PROVIDER_OBSERVATIONS_ACCEPTED_IN_STEP03A,RAW_PROVIDER_SCOPE_REFERENCED_BY_ACCEPTED_NORMALIZATION_LEDGER,RELATED_BUT_INSUFFICIENT,INFORMS_NEW_NARROWER_SEED_BUT_DOES_NOT_CLOSE_QUESTION,Related evidence only; broad/adjacent scope is not used to close the narrower question.,false,Candidate state=PROVIDER_REQUIRED_PRECISION_VALIDATION; exact raw locator retained; no provider replay performed.
S08R00043,S07C000474,PRIOR_BROAD_TOPIC_WORDSTAT_SCOPE,STEP03,S031|wordstat-43aed528-8abb-42c7-9fb4-775d40f3326f,Боговник,STEP_03_WORDSTAT_RAW/MANUAL__024__bogovnik__wordstat-43aed528-8abb-42c7-9fb4-775d40f3326f.txt,DURABLE_PROVIDER_OBSERVATIONS_ACCEPTED_IN_STEP03A,RAW_PROVIDER_SCOPE_REFERENCED_BY_ACCEPTED_NORMALIZATION_LEDGER,RELATED_BUT_INSUFFICIENT,INFORMS_NEW_NARROWER_SEED_BUT_DOES_NOT_CLOSE_QUESTION,Related evidence only; broad/adjacent scope is not used to close the narrower question.,false,Candidate state=PROVIDER_REQUIRED_PRECISION_VALIDATION; exact raw locator retained; no provider replay performed.
S08R00044,S07C000475,PRIOR_QUALIFIED_PRODUCT_WORDSTAT_SCOPE,STEP03,Q007|wordstat-0a074fb9-865b-4c66-a0d2-685e2a2b2475,(амулет|оберег|талисман) Велес,STEP_03_WORDSTAT_RAW/MANUAL__055__wordstat-0a074fb9-865b-4c66-a0d2-685e2a2b2475.raw.txt,DURABLE_PROVIDER_OBSERVATIONS_ACCEPTED_IN_STEP03A,RAW_PROVIDER_SCOPE_REFERENCED_BY_ACCEPTED_NORMALIZATION_LEDGER,RELATED_BUT_INSUFFICIENT,INFORMS_NEW_NARROWER_SEED_BUT_DOES_NOT_CLOSE_QUESTION,Related evidence only; broad/adjacent scope is not used to close the narrower question.,false,Candidate state=PROVIDER_REQUIRED_PRECISION_VALIDATION; exact raw locator retained; no provider replay performed.
S08R00045,S07C000476,PRIOR_BROAD_TOPIC_WORDSTAT_SCOPE,STEP03,S030|wordstat-55df80b5-657a-47ec-b43c-c5a19d243bd9,Всеславец,STEP_03_WORDSTAT_RAW/MANUAL__023__vseslavets__wordstat-55df80b5-657a-47ec-b43c-c5a19d243bd9.txt,DURABLE_PROVIDER_OBSERVATIONS_ACCEPTED_IN_STEP03A,RAW_PROVIDER_SCOPE_REFERENCED_BY_ACCEPTED_NORMALIZATION_LEDGER,RELATED_BUT_INSUFFICIENT,INFORMS_NEW_NARROWER_SEED_BUT_DOES_NOT_CLOSE_QUESTION,Related evidence only; broad/adjacent scope is not used to close the narrower question.,false,Candidate state=PROVIDER_REQUIRED_PRECISION_VALIDATION; exact raw locator retained; no provider replay performed.
S08R00046,S07C000478,PRIOR_BROAD_TOPIC_WORDSTAT_SCOPE,STEP03,S029|wordstat-cb0b6dee-7f12-4daf-8feb-3938461b8d3a,Громовик,STEP_03_WORDSTAT_RAW/MANUAL__022__gromovik__wordstat-cb0b6dee-7f12-4daf-8feb-3938461b8d3a.txt,DURABLE_PROVIDER_OBSERVATIONS_ACCEPTED_IN_STEP03A,RAW_PROVIDER_SCOPE_REFERENCED_BY_ACCEPTED_NORMALIZATION_LEDGER,RELATED_BUT_INSUFFICIENT,INFORMS_NEW_NARROWER_SEED_BUT_DOES_NOT_CLOSE_QUESTION,Related evidence only; broad/adjacent scope is not used to close the narrower question.,false,Candidate state=PROVIDER_REQUIRED_PRECISION_VALIDATION; exact raw locator retained; no provider replay performed.
S08R00047,S07C000480,PRIOR_BROAD_TOPIC_WORDSTAT_SCOPE,STEP03,S042|wordstat-b4da4974-0d97-46d1-98a9-be191091eaff,Звезда Лады,STEP_03_WORDSTAT_RAW/MANUAL__027__zvezda_lady__wordstat-b4da4974-0d97-46d1-98a9-be191091eaff.txt,DURABLE_PROVIDER_OBSERVATIONS_ACCEPTED_IN_STEP03A,RAW_PROVIDER_SCOPE_REFERENCED_BY_ACCEPTED_NORMALIZATION_LEDGER,RELATED_BUT_INSUFFICIENT,INFORMS_NEW_NARROWER_SEED_BUT_DOES_NOT_CLOSE_QUESTION,Related evidence only; broad/adjacent scope is not used to close the narrower question.,false,Candidate state=PROVIDER_REQUIRED_PRECISION_VALIDATION; exact raw locator retained; no provider replay performed.
S08R00048,S07C000483,RELATED_PRIOR_QUALIFIED_OM_WORDSTAT_SCOPE,STEP03,Q005|wordstat-d906b011-52e0-4a5e-b9f1-b155776056a2,(амулет|оберег|талисман) Ом,STEP_03_WORDSTAT_RAW/MANUAL__053__wordstat-d906b011-52e0-4a5e-b9f1-b155776056a2.raw.txt,DURABLE_PROVIDER_OBSERVATIONS_ACCEPTED_IN_STEP03A,RAW_PROVIDER_SCOPE_REFERENCED_BY_ACCEPTED_NORMALIZATION_LEDGER,RELATED_BUT_INSUFFICIENT,INFORMS_NEW_NARROWER_SEED_BUT_DOES_NOT_CLOSE_QUESTION,Related evidence only; broad/adjacent scope is not used to close the narrower question.,false,Candidate state=PROVIDER_REQUIRED_PRECISION_VALIDATION; exact raw locator retained; no provider replay performed.
S08R00049,S07C000515,PRIOR_BROAD_TOPIC_WORDSTAT_SCOPE,STEP03,S002|wordstat-59d28ae6-a727-400c-8cb4-9a9e6ca352a0,оберег,STEP_03_WORDSTAT_RAW/REQUERY_COMPRESSED/README_RECONSTRUCTION_2026-09-09.md#R001,DURABLE_PROVIDER_OBSERVATIONS_ACCEPTED_IN_STEP03A,RAW_PROVIDER_SCOPE_REFERENCED_BY_ACCEPTED_NORMALIZATION_LEDGER,RELATED_BUT_INSUFFICIENT,INFORMS_NEW_NARROWER_SEED_BUT_DOES_NOT_CLOSE_QUESTION,Related evidence only; broad/adjacent scope is not used to close the narrower question.,false,Candidate state=PROVIDER_REQUIRED_PRECISION_VALIDATION; exact raw locator retained; no provider replay performed.
S08R00050,S07C000535,PRIOR_BROAD_TOPIC_WORDSTAT_SCOPE,STEP03,S054|wordstat-41388da3-fc8c-4c8d-bb8d-2ed3055d877d,Крест Сварога,STEP_03_WORDSTAT_RAW/RECOVERY_REQUERY__033__wordstat-41388da3-fc8c-4c8d-bb8d-2ed3055d877d.raw.txt,DURABLE_PROVIDER_OBSERVATIONS_ACCEPTED_IN_STEP03A,RAW_PROVIDER_SCOPE_REFERENCED_BY_ACCEPTED_NORMALIZATION_LEDGER,RELATED_BUT_INSUFFICIENT,INFORMS_NEW_NARROWER_SEED_BUT_DOES_NOT_CLOSE_QUESTION,Related evidence only; broad/adjacent scope is not used to close the narrower question.,false,Candidate state=PROVIDER_REQUIRED_PRECISION_VALIDATION; exact raw locator retained; no provider replay performed.
S08R00051,S07C000561,PRIOR_QUALIFIED_PRODUCT_WORDSTAT_SCOPE,STEP03,Q015|wordstat-265d1531-79b3-48dd-a441-ecb5599da3ff,(амулет|оберег|талисман) Мара,STEP_03_WORDSTAT_RAW/MANUAL__063__wordstat-265d1531-79b3-48dd-a441-ecb5599da3ff.raw.txt,DURABLE_PROVIDER_OBSERVATIONS_ACCEPTED_IN_STEP03A,RAW_PROVIDER_SCOPE_REFERENCED_BY_ACCEPTED_NORMALIZATION_LEDGER,RELATED_BUT_INSUFFICIENT,INFORMS_NEW_NARROWER_SEED_BUT_DOES_NOT_CLOSE_QUESTION,Related evidence only; broad/adjacent scope is not used to close the narrower question.,false,Candidate state=PROVIDER_REQUIRED_PRECISION_VALIDATION; exact raw locator retained; no provider replay performed.
S08R00052,S07C000598,PRIOR_QUALIFIED_PRODUCT_WORDSTAT_SCOPE,STEP03,Q013|wordstat-e27f5e9b-7567-4ca8-bd8d-a8bc836ba4c7,(амулет|оберег|талисман) Макошь,STEP_03_WORDSTAT_RAW/MANUAL__061__wordstat-e27f5e9b-7567-4ca8-bd8d-a8bc836ba4c7.raw.txt,DURABLE_PROVIDER_OBSERVATIONS_ACCEPTED_IN_STEP03A,RAW_PROVIDER_SCOPE_REFERENCED_BY_ACCEPTED_NORMALIZATION_LEDGER,RELATED_BUT_INSUFFICIENT,INFORMS_NEW_NARROWER_SEED_BUT_DOES_NOT_CLOSE_QUESTION,Related evidence only; broad/adjacent scope is not used to close the narrower question.,false,Candidate state=PROVIDER_REQUIRED_PRECISION_VALIDATION; exact raw locator retained; no provider replay performed.
S08R00053,S07C000602,RELATED_PRIOR_QUALIFIED_OM_WORDSTAT_SCOPE,STEP03,Q005|wordstat-d906b011-52e0-4a5e-b9f1-b155776056a2,(амулет|оберег|талисман) Ом,STEP_03_WORDSTAT_RAW/MANUAL__053__wordstat-d906b011-52e0-4a5e-b9f1-b155776056a2.raw.txt,DURABLE_PROVIDER_OBSERVATIONS_ACCEPTED_IN_STEP03A,RAW_PROVIDER_SCOPE_REFERENCED_BY_ACCEPTED_NORMALIZATION_LEDGER,RELATED_BUT_INSUFFICIENT,INFORMS_NEW_NARROWER_SEED_BUT_DOES_NOT_CLOSE_QUESTION,Related evidence only; broad/adjacent scope is not used to close the narrower question.,false,Candidate state=PROVIDER_REQUIRED_PRECISION_VALIDATION; exact raw locator retained; no provider replay performed.
S08R00054,S07C000612,RELATED_PRIOR_QUALIFIED_OM_WORDSTAT_SCOPE,STEP03,Q005|wordstat-d906b011-52e0-4a5e-b9f1-b155776056a2,(амулет|оберег|талисман) Ом,STEP_03_WORDSTAT_RAW/MANUAL__053__wordstat-d906b011-52e0-4a5e-b9f1-b155776056a2.raw.txt,DURABLE_PROVIDER_OBSERVATIONS_ACCEPTED_IN_STEP03A,RAW_PROVIDER_SCOPE_REFERENCED_BY_ACCEPTED_NORMALIZATION_LEDGER,RELATED_BUT_INSUFFICIENT,INFORMS_NEW_NARROWER_SEED_BUT_DOES_NOT_CLOSE_QUESTION,Related evidence only; broad/adjacent scope is not used to close the narrower question.,false,Candidate state=PROVIDER_REQUIRED_PRECISION_VALIDATION; exact raw locator retained; no provider replay performed.
S08R00055,S07C000613,RELATED_PRIOR_QUALIFIED_OM_WORDSTAT_SCOPE,STEP03,Q005|wordstat-d906b011-52e0-4a5e-b9f1-b155776056a2,(амулет|оберег|талисман) Ом,STEP_03_WORDSTAT_RAW/MANUAL__053__wordstat-d906b011-52e0-4a5e-b9f1-b155776056a2.raw.txt,DURABLE_PROVIDER_OBSERVATIONS_ACCEPTED_IN_STEP03A,RAW_PROVIDER_SCOPE_REFERENCED_BY_ACCEPTED_NORMALIZATION_LEDGER,RELATED_BUT_INSUFFICIENT,INFORMS_NEW_NARROWER_SEED_BUT_DOES_NOT_CLOSE_QUESTION,Related evidence only; broad/adjacent scope is not used to close the narrower question.,false,Candidate state=PROVIDER_REQUIRED_PRECISION_VALIDATION; exact raw locator retained; no provider replay performed.
S08R00056,S07C000659,RELATED_PRIOR_AUTOMOTIVE_WORDSTAT_SCOPE,STEP03,U007|wordstat-4d0b72a9-32bc-488c-91e4-7f11e2b1d919,оберег для машины,STEP_03_WORDSTAT_RAW/MANUAL__074__wordstat-4d0b72a9-32bc-488c-91e4-7f11e2b1d919.raw.txt,DURABLE_PROVIDER_OBSERVATIONS_ACCEPTED_IN_STEP03A,RAW_PROVIDER_SCOPE_REFERENCED_BY_ACCEPTED_NORMALIZATION_LEDGER,RELATED_BUT_INSUFFICIENT,INFORMS_NEW_NARROWER_SEED_BUT_DOES_NOT_CLOSE_QUESTION,Related evidence only; broad/adjacent scope is not used to close the narrower question.,false,Candidate state=PROVIDER_REQUIRED_PRECISION_VALIDATION; exact raw locator retained; no provider replay performed.
S08R00057,S07C000704,PRIOR_BROAD_TOPIC_WORDSTAT_SCOPE,STEP03,S002|wordstat-59d28ae6-a727-400c-8cb4-9a9e6ca352a0,оберег,STEP_03_WORDSTAT_RAW/REQUERY_COMPRESSED/README_RECONSTRUCTION_2026-09-09.md#R001,DURABLE_PROVIDER_OBSERVATIONS_ACCEPTED_IN_STEP03A,RAW_PROVIDER_SCOPE_REFERENCED_BY_ACCEPTED_NORMALIZATION_LEDGER,RELATED_BUT_INSUFFICIENT,INFORMS_NEW_NARROWER_SEED_BUT_DOES_NOT_CLOSE_QUESTION,Related evidence only; broad/adjacent scope is not used to close the narrower question.,false,Candidate state=PROVIDER_REQUIRED_PRECISION_VALIDATION; exact raw locator retained; no provider replay performed.
S08R00058,S07C000787,PRIOR_QUALIFIED_PRODUCT_WORDSTAT_SCOPE,STEP03,Q007|wordstat-0a074fb9-865b-4c66-a0d2-685e2a2b2475,(амулет|оберег|талисман) Велес,STEP_03_WORDSTAT_RAW/MANUAL__055__wordstat-0a074fb9-865b-4c66-a0d2-685e2a2b2475.raw.txt,DURABLE_PROVIDER_OBSERVATIONS_ACCEPTED_IN_STEP03A,RAW_PROVIDER_SCOPE_REFERENCED_BY_ACCEPTED_NORMALIZATION_LEDGER,QUALIFIED_QUESTION_ANSWERED,CLOSES_CURRENT_PRE_ACQUISITION_QUESTION_WITHOUT_NEW_CALL,"Bounded current discovery evidence only; not final relevance, intent, cluster, page or permanent demand truth.",false,Candidate state=REUSE_EXISTING_EVIDENCE; exact raw locator retained; no provider replay performed.
S08R00059,S07C000788,PRIOR_BROAD_TOPIC_WORDSTAT_SCOPE,STEP03,S002|wordstat-59d28ae6-a727-400c-8cb4-9a9e6ca352a0,оберег,STEP_03_WORDSTAT_RAW/REQUERY_COMPRESSED/README_RECONSTRUCTION_2026-09-09.md#R001,DURABLE_PROVIDER_OBSERVATIONS_ACCEPTED_IN_STEP03A,RAW_PROVIDER_SCOPE_REFERENCED_BY_ACCEPTED_NORMALIZATION_LEDGER,RELATED_BUT_INSUFFICIENT,INFORMS_NEW_NARROWER_SEED_BUT_DOES_NOT_CLOSE_QUESTION,Related evidence only; broad/adjacent scope is not used to close the narrower question.,false,Candidate state=PROVIDER_REQUIRED_PRECISION_VALIDATION; exact raw locator retained; no provider replay performed.
S08R00060,S07C000789,PRIOR_BROAD_TOPIC_WORDSTAT_SCOPE,STEP03,S042|wordstat-b4da4974-0d97-46d1-98a9-be191091eaff,Звезда Лады,STEP_03_WORDSTAT_RAW/MANUAL__027__zvezda_lady__wordstat-b4da4974-0d97-46d1-98a9-be191091eaff.txt,DURABLE_PROVIDER_OBSERVATIONS_ACCEPTED_IN_STEP03A,RAW_PROVIDER_SCOPE_REFERENCED_BY_ACCEPTED_NORMALIZATION_LEDGER,RELATED_BUT_INSUFFICIENT,INFORMS_NEW_NARROWER_SEED_BUT_DOES_NOT_CLOSE_QUESTION,Related evidence only; broad/adjacent scope is not used to close the narrower question.,false,Candidate state=PROVIDER_REQUIRED_PRECISION_VALIDATION; exact raw locator retained; no provider replay performed.
S08R00061,S07C000791,PRIOR_BROAD_TOPIC_WORDSTAT_SCOPE,STEP03,S002|wordstat-59d28ae6-a727-400c-8cb4-9a9e6ca352a0,оберег,STEP_03_WORDSTAT_RAW/REQUERY_COMPRESSED/README_RECONSTRUCTION_2026-09-09.md#R001,DURABLE_PROVIDER_OBSERVATIONS_ACCEPTED_IN_STEP03A,RAW_PROVIDER_SCOPE_REFERENCED_BY_ACCEPTED_NORMALIZATION_LEDGER,RELATED_BUT_INSUFFICIENT,INFORMS_NEW_NARROWER_SEED_BUT_DOES_NOT_CLOSE_QUESTION,Related evidence only; broad/adjacent scope is not used to close the narrower question.,false,Candidate state=PROVIDER_REQUIRED_PRECISION_VALIDATION; exact raw locator retained; no provider replay performed.
S08R00062,S07C000792,PRIOR_BROAD_TOPIC_WORDSTAT_SCOPE,STEP03,S023|wordstat-91384b79-6f27-47f4-b6b6-969d3bea3f28,Алатырь,STEP_03_WORDSTAT_RAW/MANUAL__016__alatyr__wordstat-91384b79-6f27-47f4-b6b6-969d3bea3f28.txt,DURABLE_PROVIDER_OBSERVATIONS_ACCEPTED_IN_STEP03A,RAW_PROVIDER_SCOPE_REFERENCED_BY_ACCEPTED_NORMALIZATION_LEDGER,RELATED_BUT_INSUFFICIENT,INFORMS_NEW_NARROWER_SEED_BUT_DOES_NOT_CLOSE_QUESTION,Related evidence only; broad/adjacent scope is not used to close the narrower question.,false,Candidate state=PROVIDER_REQUIRED_PRECISION_VALIDATION; exact raw locator retained; no provider replay performed.
S08R00063,S07C000793,PRIOR_BROAD_TOPIC_WORDSTAT_SCOPE,STEP03,S023|wordstat-91384b79-6f27-47f4-b6b6-969d3bea3f28,Алатырь,STEP_03_WORDSTAT_RAW/MANUAL__016__alatyr__wordstat-91384b79-6f27-47f4-b6b6-969d3bea3f28.txt,DURABLE_PROVIDER_OBSERVATIONS_ACCEPTED_IN_STEP03A,RAW_PROVIDER_SCOPE_REFERENCED_BY_ACCEPTED_NORMALIZATION_LEDGER,RELATED_BUT_INSUFFICIENT,INFORMS_NEW_NARROWER_SEED_BUT_DOES_NOT_CLOSE_QUESTION,Related evidence only; broad/adjacent scope is not used to close the narrower question.,false,Candidate state=PROVIDER_REQUIRED_PRECISION_VALIDATION; exact raw locator retained; no provider replay performed.
S08R00064,S07C000794,PRIOR_BROAD_TOPIC_WORDSTAT_SCOPE,STEP03,S023|wordstat-91384b79-6f27-47f4-b6b6-969d3bea3f28,Алатырь,STEP_03_WORDSTAT_RAW/MANUAL__016__alatyr__wordstat-91384b79-6f27-47f4-b6b6-969d3bea3f28.txt,DURABLE_PROVIDER_OBSERVATIONS_ACCEPTED_IN_STEP03A,RAW_PROVIDER_SCOPE_REFERENCED_BY_ACCEPTED_NORMALIZATION_LEDGER,RELATED_BUT_INSUFFICIENT,INFORMS_NEW_NARROWER_SEED_BUT_DOES_NOT_CLOSE_QUESTION,Related evidence only; broad/adjacent scope is not used to close the narrower question.,false,Candidate state=PROVIDER_REQUIRED_PRECISION_VALIDATION; exact raw locator retained; no provider replay performed.
S08R00065,S07C000796,PRIOR_QUALIFIED_PRODUCT_WORDSTAT_SCOPE,STEP03,Q007|wordstat-0a074fb9-865b-4c66-a0d2-685e2a2b2475,(амулет|оберег|талисман) Велес,STEP_03_WORDSTAT_RAW/MANUAL__055__wordstat-0a074fb9-865b-4c66-a0d2-685e2a2b2475.raw.txt,DURABLE_PROVIDER_OBSERVATIONS_ACCEPTED_IN_STEP03A,RAW_PROVIDER_SCOPE_REFERENCED_BY_ACCEPTED_NORMALIZATION_LEDGER,QUALIFIED_QUESTION_ANSWERED,CLOSES_CURRENT_PRE_ACQUISITION_QUESTION_WITHOUT_NEW_CALL,"Bounded current discovery evidence only; not final relevance, intent, cluster, page or permanent demand truth.",false,Candidate state=REUSE_EXISTING_EVIDENCE; exact raw locator retained; no provider replay performed.
S08R00066,S07C000798,PRIOR_BROAD_TOPIC_WORDSTAT_SCOPE,STEP03,S043|wordstat-0a1302f9-257d-4246-8d13-04a3d7400450,Даждьбог,STEP_03_WORDSTAT_RAW/MANUAL__028__dazhdbog__wordstat-0a1302f9-257d-4246-8d13-04a3d7400450.txt,DURABLE_PROVIDER_OBSERVATIONS_ACCEPTED_IN_STEP03A,RAW_PROVIDER_SCOPE_REFERENCED_BY_ACCEPTED_NORMALIZATION_LEDGER,RELATED_BUT_INSUFFICIENT,INFORMS_NEW_NARROWER_SEED_BUT_DOES_NOT_CLOSE_QUESTION,Related evidence only; broad/adjacent scope is not used to close the narrower question.,false,Candidate state=PROVIDER_REQUIRED_PRECISION_VALIDATION; exact raw locator retained; no provider replay performed.
S08R00067,S07C000799,PRIOR_BROAD_TOPIC_WORDSTAT_SCOPE,STEP03,S002|wordstat-59d28ae6-a727-400c-8cb4-9a9e6ca352a0,оберег,STEP_03_WORDSTAT_RAW/REQUERY_COMPRESSED/README_RECONSTRUCTION_2026-09-09.md#R001,DURABLE_PROVIDER_OBSERVATIONS_ACCEPTED_IN_STEP03A,RAW_PROVIDER_SCOPE_REFERENCED_BY_ACCEPTED_NORMALIZATION_LEDGER,RELATED_BUT_INSUFFICIENT,INFORMS_NEW_NARROWER_SEED_BUT_DOES_NOT_CLOSE_QUESTION,Related evidence only; broad/adjacent scope is not used to close the narrower question.,false,Candidate state=PROVIDER_REQUIRED_PRECISION_VALIDATION; exact raw locator retained; no provider replay performed.
S08R00068,S07C000800,PRIOR_BROAD_TOPIC_WORDSTAT_SCOPE,STEP03,S042|wordstat-b4da4974-0d97-46d1-98a9-be191091eaff,Звезда Лады,STEP_03_WORDSTAT_RAW/MANUAL__027__zvezda_lady__wordstat-b4da4974-0d97-46d1-98a9-be191091eaff.txt,DURABLE_PROVIDER_OBSERVATIONS_ACCEPTED_IN_STEP03A,RAW_PROVIDER_SCOPE_REFERENCED_BY_ACCEPTED_NORMALIZATION_LEDGER,RELATED_BUT_INSUFFICIENT,INFORMS_NEW_NARROWER_SEED_BUT_DOES_NOT_CLOSE_QUESTION,Related evidence only; broad/adjacent scope is not used to close the narrower question.,false,Candidate state=PROVIDER_REQUIRED_PRECISION_VALIDATION; exact raw locator retained; no provider replay performed.
S08R00069,S07C000803,PRIOR_BROAD_TOPIC_WORDSTAT_SCOPE,STEP03,S042|wordstat-b4da4974-0d97-46d1-98a9-be191091eaff,Звезда Лады,STEP_03_WORDSTAT_RAW/MANUAL__027__zvezda_lady__wordstat-b4da4974-0d97-46d1-98a9-be191091eaff.txt,DURABLE_PROVIDER_OBSERVATIONS_ACCEPTED_IN_STEP03A,RAW_PROVIDER_SCOPE_REFERENCED_BY_ACCEPTED_NORMALIZATION_LEDGER,RELATED_BUT_INSUFFICIENT,INFORMS_NEW_NARROWER_SEED_BUT_DOES_NOT_CLOSE_QUESTION,Related evidence only; broad/adjacent scope is not used to close the narrower question.,false,Candidate state=PROVIDER_REQUIRED_PRECISION_VALIDATION; exact raw locator retained; no provider replay performed.
S08R00070,S07C000804,PRIOR_BROAD_TOPIC_WORDSTAT_SCOPE,STEP03,S002|wordstat-59d28ae6-a727-400c-8cb4-9a9e6ca352a0,оберег,STEP_03_WORDSTAT_RAW/REQUERY_COMPRESSED/README_RECONSTRUCTION_2026-09-09.md#R001,DURABLE_PROVIDER_OBSERVATIONS_ACCEPTED_IN_STEP03A,RAW_PROVIDER_SCOPE_REFERENCED_BY_ACCEPTED_NORMALIZATION_LEDGER,RELATED_BUT_INSUFFICIENT,INFORMS_NEW_NARROWER_SEED_BUT_DOES_NOT_CLOSE_QUESTION,Related evidence only; broad/adjacent scope is not used to close the narrower question.,false,Candidate state=PROVIDER_REQUIRED_PRECISION_VALIDATION; exact raw locator retained; no provider replay performed.
S08R00071,S07C000814,PRIOR_BROAD_TOPIC_WORDSTAT_SCOPE,STEP03,S026|wordstat-25888e0f-3658-4d2c-9749-95cc54bd5abd,Молвинец,STEP_03_WORDSTAT_RAW/MANUAL__019__molvinets__wordstat-25888e0f-3658-4d2c-9749-95cc54bd5abd.txt,DURABLE_PROVIDER_OBSERVATIONS_ACCEPTED_IN_STEP03A,RAW_PROVIDER_SCOPE_REFERENCED_BY_ACCEPTED_NORMALIZATION_LEDGER,RELATED_BUT_INSUFFICIENT,INFORMS_NEW_NARROWER_SEED_BUT_DOES_NOT_CLOSE_QUESTION,Related evidence only; broad/adjacent scope is not used to close the narrower question.,false,Candidate state=PROVIDER_REQUIRED_PRECISION_VALIDATION; exact raw locator retained; no provider replay performed.
S08R00072,S07C000822,PRIOR_QUALIFIED_PRODUCT_WORDSTAT_SCOPE,STEP03,Q008|wordstat-7c93faaa-4e04-4aa9-a1e7-48adcf84e7d8,оберег Родимич,STEP_03_WORDSTAT_RAW/MANUAL__056__wordstat-7c93faaa-4e04-4aa9-a1e7-48adcf84e7d8.raw.txt,DURABLE_PROVIDER_OBSERVATIONS_ACCEPTED_IN_STEP03A,RAW_PROVIDER_SCOPE_REFERENCED_BY_ACCEPTED_NORMALIZATION_LEDGER,RELATED_BUT_INSUFFICIENT,INFORMS_NEW_NARROWER_SEED_BUT_DOES_NOT_CLOSE_QUESTION,Related evidence only; broad/adjacent scope is not used to close the narrower question.,false,Candidate state=PROVIDER_REQUIRED_PRECISION_VALIDATION; exact raw locator retained; no provider replay performed.
S08R00073,S07C000827,PRIOR_QUALIFIED_PRODUCT_WORDSTAT_SCOPE,STEP03,Q007|wordstat-0a074fb9-865b-4c66-a0d2-685e2a2b2475,(амулет|оберег|талисман) Велес,STEP_03_WORDSTAT_RAW/MANUAL__055__wordstat-0a074fb9-865b-4c66-a0d2-685e2a2b2475.raw.txt,DURABLE_PROVIDER_OBSERVATIONS_ACCEPTED_IN_STEP03A,RAW_PROVIDER_SCOPE_REFERENCED_BY_ACCEPTED_NORMALIZATION_LEDGER,QUALIFIED_QUESTION_ANSWERED,CLOSES_CURRENT_PRE_ACQUISITION_QUESTION_WITHOUT_NEW_CALL,"Bounded current discovery evidence only; not final relevance, intent, cluster, page or permanent demand truth.",false,Candidate state=REUSE_EXISTING_EVIDENCE; exact raw locator retained; no provider replay performed.
S08R00074,S07C000829,PRIOR_QUALIFIED_PRODUCT_WORDSTAT_SCOPE,STEP03,Q014|wordstat-a508c682-ab59-41b1-9fab-f2cebcc440ed,(амулет|оберег|талисман) Хорс,STEP_03_WORDSTAT_RAW/MANUAL__062__wordstat-a508c682-ab59-41b1-9fab-f2cebcc440ed.raw.txt,DURABLE_PROVIDER_OBSERVATIONS_ACCEPTED_IN_STEP03A,RAW_PROVIDER_SCOPE_REFERENCED_BY_ACCEPTED_NORMALIZATION_LEDGER,QUALIFIED_QUESTION_ANSWERED,CLOSES_CURRENT_PRE_ACQUISITION_QUESTION_WITHOUT_NEW_CALL,"Bounded current discovery evidence only; not final relevance, intent, cluster, page or permanent demand truth.",false,Candidate state=REUSE_EXISTING_EVIDENCE; exact raw locator retained; no provider replay performed.
S08R00075,S07C000840,PRIOR_QUALIFIED_PRODUCT_WORDSTAT_SCOPE,STEP03,Q017|wordstat-e18ad053-f536-4841-a47a-e0ec01db5c96,(амулет|оберег|талисман) Чур,STEP_03_WORDSTAT_RAW/MANUAL__065__wordstat-e18ad053-f536-4841-a47a-e0ec01db5c96.raw.txt,DURABLE_PROVIDER_OBSERVATIONS_ACCEPTED_IN_STEP03A,RAW_PROVIDER_SCOPE_REFERENCED_BY_ACCEPTED_NORMALIZATION_LEDGER,QUALIFIED_QUESTION_ANSWERED,CLOSES_CURRENT_PRE_ACQUISITION_QUESTION_WITHOUT_NEW_CALL,"Bounded current discovery evidence only; not final relevance, intent, cluster, page or permanent demand truth.",false,Candidate state=REUSE_EXISTING_EVIDENCE; exact raw locator retained; no provider replay performed.
S08R00076,S07C000841,PRIOR_BROAD_TOPIC_WORDSTAT_SCOPE,STEP03,S001|wordstat-86e7b86f-b118-4a08-b4bf-564b053de070,амулет,STEP_03_WORDSTAT_RAW/MANUAL__001_CURRENT_REQUERY__wordstat-86e7b86f-b118-4a08-b4bf-564b053de070.raw.txt,DURABLE_PROVIDER_OBSERVATIONS_ACCEPTED_IN_STEP03A,RAW_PROVIDER_SCOPE_REFERENCED_BY_ACCEPTED_NORMALIZATION_LEDGER,RELATED_BUT_INSUFFICIENT,INFORMS_NEW_NARROWER_SEED_BUT_DOES_NOT_CLOSE_QUESTION,Related evidence only; broad/adjacent scope is not used to close the narrower question.,false,Candidate state=PROVIDER_REQUIRED_PRECISION_VALIDATION; exact raw locator retained; no provider replay performed.
S08R00077,S07C000842,PRIOR_BROAD_TOPIC_WORDSTAT_SCOPE,STEP03,S002|wordstat-59d28ae6-a727-400c-8cb4-9a9e6ca352a0,оберег,STEP_03_WORDSTAT_RAW/REQUERY_COMPRESSED/README_RECONSTRUCTION_2026-09-09.md#R001,DURABLE_PROVIDER_OBSERVATIONS_ACCEPTED_IN_STEP03A,RAW_PROVIDER_SCOPE_REFERENCED_BY_ACCEPTED_NORMALIZATION_LEDGER,RELATED_BUT_INSUFFICIENT,INFORMS_NEW_NARROWER_SEED_BUT_DOES_NOT_CLOSE_QUESTION,Related evidence only; broad/adjacent scope is not used to close the narrower question.,false,Candidate state=PROVIDER_REQUIRED_PRECISION_VALIDATION; exact raw locator retained; no provider replay performed.
S08R00078,S07C000843,PRIOR_BROAD_TOPIC_WORDSTAT_SCOPE,STEP03,S002|wordstat-59d28ae6-a727-400c-8cb4-9a9e6ca352a0,оберег,STEP_03_WORDSTAT_RAW/REQUERY_COMPRESSED/README_RECONSTRUCTION_2026-09-09.md#R001,DURABLE_PROVIDER_OBSERVATIONS_ACCEPTED_IN_STEP03A,RAW_PROVIDER_SCOPE_REFERENCED_BY_ACCEPTED_NORMALIZATION_LEDGER,RELATED_BUT_INSUFFICIENT,INFORMS_NEW_NARROWER_SEED_BUT_DOES_NOT_CLOSE_QUESTION,Related evidence only; broad/adjacent scope is not used to close the narrower question.,false,Candidate state=PROVIDER_REQUIRED_PRECISION_VALIDATION; exact raw locator retained; no provider replay performed.
S08R00079,S07C000844,PRIOR_QUALIFIED_AUTOMOTIVE_WORDSTAT_SCOPE,STEP03,U007|wordstat-4d0b72a9-32bc-488c-91e4-7f11e2b1d919,оберег для машины,STEP_03_WORDSTAT_RAW/MANUAL__074__wordstat-4d0b72a9-32bc-488c-91e4-7f11e2b1d919.raw.txt,DURABLE_PROVIDER_OBSERVATIONS_ACCEPTED_IN_STEP03A,RAW_PROVIDER_SCOPE_REFERENCED_BY_ACCEPTED_NORMALIZATION_LEDGER,QUALIFIED_QUESTION_ANSWERED,CLOSES_CURRENT_PRE_ACQUISITION_QUESTION_WITHOUT_NEW_CALL,"Bounded current discovery evidence only; not final relevance, intent, cluster, page or permanent demand truth.",false,Candidate state=REUSE_EXISTING_EVIDENCE; exact raw locator retained; no provider replay performed.
S08R00080,S07C000845,RELATED_PRIOR_AUTOMOTIVE_WORDSTAT_SCOPE,STEP03,U007|wordstat-4d0b72a9-32bc-488c-91e4-7f11e2b1d919,оберег для машины,STEP_03_WORDSTAT_RAW/MANUAL__074__wordstat-4d0b72a9-32bc-488c-91e4-7f11e2b1d919.raw.txt,DURABLE_PROVIDER_OBSERVATIONS_ACCEPTED_IN_STEP03A,RAW_PROVIDER_SCOPE_REFERENCED_BY_ACCEPTED_NORMALIZATION_LEDGER,RELATED_BUT_INSUFFICIENT,INFORMS_NEW_NARROWER_SEED_BUT_DOES_NOT_CLOSE_QUESTION,Related evidence only; broad/adjacent scope is not used to close the narrower question.,false,Candidate state=PROVIDER_REQUIRED_PRECISION_VALIDATION; exact raw locator retained; no provider replay performed.
S08R00081,S07C000848,PRIOR_BROAD_TOPIC_WORDSTAT_SCOPE,STEP03,S002|wordstat-59d28ae6-a727-400c-8cb4-9a9e6ca352a0,оберег,STEP_03_WORDSTAT_RAW/REQUERY_COMPRESSED/README_RECONSTRUCTION_2026-09-09.md#R001,DURABLE_PROVIDER_OBSERVATIONS_ACCEPTED_IN_STEP03A,RAW_PROVIDER_SCOPE_REFERENCED_BY_ACCEPTED_NORMALIZATION_LEDGER,RELATED_BUT_INSUFFICIENT,INFORMS_NEW_NARROWER_SEED_BUT_DOES_NOT_CLOSE_QUESTION,Related evidence only; broad/adjacent scope is not used to close the narrower question.,false,Candidate state=PROVIDER_REQUIRED_PRECISION_VALIDATION; exact raw locator retained; no provider replay performed.
S08R00082,S07C000849,PRIOR_QUALIFIED_PRODUCT_WORDSTAT_SCOPE,STEP03,Q017|wordstat-e18ad053-f536-4841-a47a-e0ec01db5c96,(амулет|оберег|талисман) Чур,STEP_03_WORDSTAT_RAW/MANUAL__065__wordstat-e18ad053-f536-4841-a47a-e0ec01db5c96.raw.txt,DURABLE_PROVIDER_OBSERVATIONS_ACCEPTED_IN_STEP03A,RAW_PROVIDER_SCOPE_REFERENCED_BY_ACCEPTED_NORMALIZATION_LEDGER,RELATED_BUT_INSUFFICIENT,INFORMS_NEW_NARROWER_SEED_BUT_DOES_NOT_CLOSE_QUESTION,Related evidence only; broad/adjacent scope is not used to close the narrower question.,false,Candidate state=PROVIDER_REQUIRED_PRECISION_VALIDATION; exact raw locator retained; no provider replay performed.
S08R00083,S07C000850,PRIOR_BROAD_TOPIC_WORDSTAT_SCOPE,STEP03,S002|wordstat-59d28ae6-a727-400c-8cb4-9a9e6ca352a0,оберег,STEP_03_WORDSTAT_RAW/REQUERY_COMPRESSED/README_RECONSTRUCTION_2026-09-09.md#R001,DURABLE_PROVIDER_OBSERVATIONS_ACCEPTED_IN_STEP03A,RAW_PROVIDER_SCOPE_REFERENCED_BY_ACCEPTED_NORMALIZATION_LEDGER,RELATED_BUT_INSUFFICIENT,INFORMS_NEW_NARROWER_SEED_BUT_DOES_NOT_CLOSE_QUESTION,Related evidence only; broad/adjacent scope is not used to close the narrower question.,false,Candidate state=PROVIDER_REQUIRED_PRECISION_VALIDATION; exact raw locator retained; no provider replay performed.
S08R00084,S07C000852,PRIOR_BROAD_TOPIC_WORDSTAT_SCOPE,STEP03,S054|wordstat-41388da3-fc8c-4c8d-bb8d-2ed3055d877d,Крест Сварога,STEP_03_WORDSTAT_RAW/RECOVERY_REQUERY__033__wordstat-41388da3-fc8c-4c8d-bb8d-2ed3055d877d.raw.txt,DURABLE_PROVIDER_OBSERVATIONS_ACCEPTED_IN_STEP03A,RAW_PROVIDER_SCOPE_REFERENCED_BY_ACCEPTED_NORMALIZATION_LEDGER,RELATED_BUT_INSUFFICIENT,INFORMS_NEW_NARROWER_SEED_BUT_DOES_NOT_CLOSE_QUESTION,Related evidence only; broad/adjacent scope is not used to close the narrower question.,false,Candidate state=PROVIDER_REQUIRED_PRECISION_VALIDATION; exact raw locator retained; no provider replay performed.
S08R00085,S07C000857,PRIOR_BROAD_TOPIC_WORDSTAT_SCOPE,STEP03,S002|wordstat-59d28ae6-a727-400c-8cb4-9a9e6ca352a0,оберег,STEP_03_WORDSTAT_RAW/REQUERY_COMPRESSED/README_RECONSTRUCTION_2026-09-09.md#R001,DURABLE_PROVIDER_OBSERVATIONS_ACCEPTED_IN_STEP03A,RAW_PROVIDER_SCOPE_REFERENCED_BY_ACCEPTED_NORMALIZATION_LEDGER,RELATED_BUT_INSUFFICIENT,INFORMS_NEW_NARROWER_SEED_BUT_DOES_NOT_CLOSE_QUESTION,Related evidence only; broad/adjacent scope is not used to close the narrower question.,false,Candidate state=PROVIDER_REQUIRED_PRECISION_VALIDATION; exact raw locator retained; no provider replay performed.
S08R00086,S07C000860,PRIOR_BROAD_TOPIC_WORDSTAT_SCOPE,STEP03,S002|wordstat-59d28ae6-a727-400c-8cb4-9a9e6ca352a0,оберег,STEP_03_WORDSTAT_RAW/REQUERY_COMPRESSED/README_RECONSTRUCTION_2026-09-09.md#R001,DURABLE_PROVIDER_OBSERVATIONS_ACCEPTED_IN_STEP03A,RAW_PROVIDER_SCOPE_REFERENCED_BY_ACCEPTED_NORMALIZATION_LEDGER,RELATED_BUT_INSUFFICIENT,INFORMS_NEW_NARROWER_SEED_BUT_DOES_NOT_CLOSE_QUESTION,Related evidence only; broad/adjacent scope is not used to close the narrower question.,false,Candidate state=PROVIDER_REQUIRED_PRECISION_VALIDATION; exact raw locator retained; no provider replay performed.
S08R00087,S07C000866,PRIOR_BROAD_TOPIC_WORDSTAT_SCOPE,STEP03,S023|wordstat-91384b79-6f27-47f4-b6b6-969d3bea3f28,Алатырь,STEP_03_WORDSTAT_RAW/MANUAL__016__alatyr__wordstat-91384b79-6f27-47f4-b6b6-969d3bea3f28.txt,DURABLE_PROVIDER_OBSERVATIONS_ACCEPTED_IN_STEP03A,RAW_PROVIDER_SCOPE_REFERENCED_BY_ACCEPTED_NORMALIZATION_LEDGER,RELATED_BUT_INSUFFICIENT,INFORMS_NEW_NARROWER_SEED_BUT_DOES_NOT_CLOSE_QUESTION,Related evidence only; broad/adjacent scope is not used to close the narrower question.,false,Candidate state=PROVIDER_REQUIRED_PRECISION_VALIDATION; exact raw locator retained; no provider replay performed.
S08R00088,S07C000867,PRIOR_BROAD_TOPIC_WORDSTAT_SCOPE,STEP03,S023|wordstat-91384b79-6f27-47f4-b6b6-969d3bea3f28,Алатырь,STEP_03_WORDSTAT_RAW/MANUAL__016__alatyr__wordstat-91384b79-6f27-47f4-b6b6-969d3bea3f28.txt,DURABLE_PROVIDER_OBSERVATIONS_ACCEPTED_IN_STEP03A,RAW_PROVIDER_SCOPE_REFERENCED_BY_ACCEPTED_NORMALIZATION_LEDGER,RELATED_BUT_INSUFFICIENT,INFORMS_NEW_NARROWER_SEED_BUT_DOES_NOT_CLOSE_QUESTION,Related evidence only; broad/adjacent scope is not used to close the narrower question.,false,Candidate state=PROVIDER_REQUIRED_PRECISION_VALIDATION; exact raw locator retained; no provider replay performed.
S08R00089,S07C000869,PRIOR_BROAD_TOPIC_WORDSTAT_SCOPE,STEP03,S002|wordstat-59d28ae6-a727-400c-8cb4-9a9e6ca352a0,оберег,STEP_03_WORDSTAT_RAW/REQUERY_COMPRESSED/README_RECONSTRUCTION_2026-09-09.md#R001,DURABLE_PROVIDER_OBSERVATIONS_ACCEPTED_IN_STEP03A,RAW_PROVIDER_SCOPE_REFERENCED_BY_ACCEPTED_NORMALIZATION_LEDGER,RELATED_BUT_INSUFFICIENT,INFORMS_NEW_NARROWER_SEED_BUT_DOES_NOT_CLOSE_QUESTION,Related evidence only; broad/adjacent scope is not used to close the narrower question.,false,Candidate state=PROVIDER_REQUIRED_PRECISION_VALIDATION; exact raw locator retained; no provider replay performed.
S08R00090,S07C000870,PRIOR_QUALIFIED_PRODUCT_WORDSTAT_SCOPE,STEP03,Q007|wordstat-0a074fb9-865b-4c66-a0d2-685e2a2b2475,(амулет|оберег|талисман) Велес,STEP_03_WORDSTAT_RAW/MANUAL__055__wordstat-0a074fb9-865b-4c66-a0d2-685e2a2b2475.raw.txt,DURABLE_PROVIDER_OBSERVATIONS_ACCEPTED_IN_STEP03A,RAW_PROVIDER_SCOPE_REFERENCED_BY_ACCEPTED_NORMALIZATION_LEDGER,QUALIFIED_QUESTION_ANSWERED,CLOSES_CURRENT_PRE_ACQUISITION_QUESTION_WITHOUT_NEW_CALL,"Bounded current discovery evidence only; not final relevance, intent, cluster, page or permanent demand truth.",false,Candidate state=REUSE_EXISTING_EVIDENCE; exact raw locator retained; no provider replay performed.
S08R00091,S07C000871,PRIOR_BROAD_TOPIC_WORDSTAT_SCOPE,STEP03,S002|wordstat-59d28ae6-a727-400c-8cb4-9a9e6ca352a0,оберег,STEP_03_WORDSTAT_RAW/REQUERY_COMPRESSED/README_RECONSTRUCTION_2026-09-09.md#R001,DURABLE_PROVIDER_OBSERVATIONS_ACCEPTED_IN_STEP03A,RAW_PROVIDER_SCOPE_REFERENCED_BY_ACCEPTED_NORMALIZATION_LEDGER,RELATED_BUT_INSUFFICIENT,INFORMS_NEW_NARROWER_SEED_BUT_DOES_NOT_CLOSE_QUESTION,Related evidence only; broad/adjacent scope is not used to close the narrower question.,false,Candidate state=PROVIDER_REQUIRED_PRECISION_VALIDATION; exact raw locator retained; no provider replay performed.
S08R00092,S07C000873,PRIOR_BROAD_TOPIC_WORDSTAT_SCOPE,STEP03,S027|wordstat-d2fd9009-5e7e-4c05-a4ac-ebe9b0a3bd7a,Колядник,STEP_03_WORDSTAT_RAW/MANUAL__020__kolyadnik__wordstat-d2fd9009-5e7e-4c05-a4ac-ebe9b0a3bd7a.txt,DURABLE_PROVIDER_OBSERVATIONS_ACCEPTED_IN_STEP03A,RAW_PROVIDER_SCOPE_REFERENCED_BY_ACCEPTED_NORMALIZATION_LEDGER,RELATED_BUT_INSUFFICIENT,INFORMS_NEW_NARROWER_SEED_BUT_DOES_NOT_CLOSE_QUESTION,Related evidence only; broad/adjacent scope is not used to close the narrower question.,false,Candidate state=PROVIDER_REQUIRED_PRECISION_VALIDATION; exact raw locator retained; no provider replay performed.
S08R00093,S07C000874,PRIOR_BROAD_TOPIC_WORDSTAT_SCOPE,STEP03,S027|wordstat-d2fd9009-5e7e-4c05-a4ac-ebe9b0a3bd7a,Колядник,STEP_03_WORDSTAT_RAW/MANUAL__020__kolyadnik__wordstat-d2fd9009-5e7e-4c05-a4ac-ebe9b0a3bd7a.txt,DURABLE_PROVIDER_OBSERVATIONS_ACCEPTED_IN_STEP03A,RAW_PROVIDER_SCOPE_REFERENCED_BY_ACCEPTED_NORMALIZATION_LEDGER,RELATED_BUT_INSUFFICIENT,INFORMS_NEW_NARROWER_SEED_BUT_DOES_NOT_CLOSE_QUESTION,Related evidence only; broad/adjacent scope is not used to close the narrower question.,false,Candidate state=PROVIDER_REQUIRED_PRECISION_VALIDATION; exact raw locator retained; no provider replay performed.
S08R00094,S07C000875,PRIOR_BROAD_TOPIC_WORDSTAT_SCOPE,STEP03,S002|wordstat-59d28ae6-a727-400c-8cb4-9a9e6ca352a0,оберег,STEP_03_WORDSTAT_RAW/REQUERY_COMPRESSED/README_RECONSTRUCTION_2026-09-09.md#R001,DURABLE_PROVIDER_OBSERVATIONS_ACCEPTED_IN_STEP03A,RAW_PROVIDER_SCOPE_REFERENCED_BY_ACCEPTED_NORMALIZATION_LEDGER,RELATED_BUT_INSUFFICIENT,INFORMS_NEW_NARROWER_SEED_BUT_DOES_NOT_CLOSE_QUESTION,Related evidence only; broad/adjacent scope is not used to close the narrower question.,false,Candidate state=PROVIDER_REQUIRED_PRECISION_VALIDATION; exact raw locator retained; no provider replay performed.
S08R00095,S07C000876,PRIOR_BROAD_TOPIC_WORDSTAT_SCOPE,STEP03,S002|wordstat-59d28ae6-a727-400c-8cb4-9a9e6ca352a0,оберег,STEP_03_WORDSTAT_RAW/REQUERY_COMPRESSED/README_RECONSTRUCTION_2026-09-09.md#R001,DURABLE_PROVIDER_OBSERVATIONS_ACCEPTED_IN_STEP03A,RAW_PROVIDER_SCOPE_REFERENCED_BY_ACCEPTED_NORMALIZATION_LEDGER,RELATED_BUT_INSUFFICIENT,INFORMS_NEW_NARROWER_SEED_BUT_DOES_NOT_CLOSE_QUESTION,Related evidence only; broad/adjacent scope is not used to close the narrower question.,false,Candidate state=PROVIDER_REQUIRED_PRECISION_VALIDATION; exact raw locator retained; no provider replay performed.
S08R00096,S07C000877,PRIOR_BROAD_TOPIC_WORDSTAT_SCOPE,STEP03,S002|wordstat-59d28ae6-a727-400c-8cb4-9a9e6ca352a0,оберег,STEP_03_WORDSTAT_RAW/REQUERY_COMPRESSED/README_RECONSTRUCTION_2026-09-09.md#R001,DURABLE_PROVIDER_OBSERVATIONS_ACCEPTED_IN_STEP03A,RAW_PROVIDER_SCOPE_REFERENCED_BY_ACCEPTED_NORMALIZATION_LEDGER,RELATED_BUT_INSUFFICIENT,INFORMS_NEW_NARROWER_SEED_BUT_DOES_NOT_CLOSE_QUESTION,Related evidence only; broad/adjacent scope is not used to close the narrower question.,false,Candidate state=PROVIDER_REQUIRED_PRECISION_VALIDATION; exact raw locator retained; no provider replay performed.
S08R00097,S07C000880,PRIOR_QUALIFIED_PRODUCT_WORDSTAT_SCOPE,STEP03,Q013|wordstat-e27f5e9b-7567-4ca8-bd8d-a8bc836ba4c7,(амулет|оберег|талисман) Макошь,STEP_03_WORDSTAT_RAW/MANUAL__061__wordstat-e27f5e9b-7567-4ca8-bd8d-a8bc836ba4c7.raw.txt,DURABLE_PROVIDER_OBSERVATIONS_ACCEPTED_IN_STEP03A,RAW_PROVIDER_SCOPE_REFERENCED_BY_ACCEPTED_NORMALIZATION_LEDGER,QUALIFIED_QUESTION_ANSWERED,CLOSES_CURRENT_PRE_ACQUISITION_QUESTION_WITHOUT_NEW_CALL,"Bounded current discovery evidence only; not final relevance, intent, cluster, page or permanent demand truth.",false,Candidate state=REUSE_EXISTING_EVIDENCE; exact raw locator retained; no provider replay performed.
S08R00098,S07C000881,PRIOR_BROAD_TOPIC_WORDSTAT_SCOPE,STEP03,S002|wordstat-59d28ae6-a727-400c-8cb4-9a9e6ca352a0,оберег,STEP_03_WORDSTAT_RAW/REQUERY_COMPRESSED/README_RECONSTRUCTION_2026-09-09.md#R001,DURABLE_PROVIDER_OBSERVATIONS_ACCEPTED_IN_STEP03A,RAW_PROVIDER_SCOPE_REFERENCED_BY_ACCEPTED_NORMALIZATION_LEDGER,RELATED_BUT_INSUFFICIENT,INFORMS_NEW_NARROWER_SEED_BUT_DOES_NOT_CLOSE_QUESTION,Related evidence only; broad/adjacent scope is not used to close the narrower question.,false,Candidate state=PROVIDER_REQUIRED_PRECISION_VALIDATION; exact raw locator retained; no provider replay performed.
S08R00099,S07C000883,PRIOR_BROAD_TOPIC_WORDSTAT_SCOPE,STEP03,S002|wordstat-59d28ae6-a727-400c-8cb4-9a9e6ca352a0,оберег,STEP_03_WORDSTAT_RAW/REQUERY_COMPRESSED/README_RECONSTRUCTION_2026-09-09.md#R001,DURABLE_PROVIDER_OBSERVATIONS_ACCEPTED_IN_STEP03A,RAW_PROVIDER_SCOPE_REFERENCED_BY_ACCEPTED_NORMALIZATION_LEDGER,RELATED_BUT_INSUFFICIENT,INFORMS_NEW_NARROWER_SEED_BUT_DOES_NOT_CLOSE_QUESTION,Related evidence only; broad/adjacent scope is not used to close the narrower question.,false,Candidate state=PROVIDER_REQUIRED_PRECISION_VALIDATION; exact raw locator retained; no provider replay performed.
S08R00100,S07C000886,PRIOR_BROAD_TOPIC_WORDSTAT_SCOPE,STEP03,S002|wordstat-59d28ae6-a727-400c-8cb4-9a9e6ca352a0,оберег,STEP_03_WORDSTAT_RAW/REQUERY_COMPRESSED/README_RECONSTRUCTION_2026-09-09.md#R001,DURABLE_PROVIDER_OBSERVATIONS_ACCEPTED_IN_STEP03A,RAW_PROVIDER_SCOPE_REFERENCED_BY_ACCEPTED_NORMALIZATION_LEDGER,RELATED_BUT_INSUFFICIENT,INFORMS_NEW_NARROWER_SEED_BUT_DOES_NOT_CLOSE_QUESTION,Related evidence only; broad/adjacent scope is not used to close the narrower question.,false,Candidate state=PROVIDER_REQUIRED_PRECISION_VALIDATION; exact raw locator retained; no provider replay performed.
S08R00101,S07C000887,PRIOR_BROAD_TOPIC_WORDSTAT_SCOPE,STEP03,S023|wordstat-91384b79-6f27-47f4-b6b6-969d3bea3f28,Алатырь,STEP_03_WORDSTAT_RAW/MANUAL__016__alatyr__wordstat-91384b79-6f27-47f4-b6b6-969d3bea3f28.txt,DURABLE_PROVIDER_OBSERVATIONS_ACCEPTED_IN_STEP03A,RAW_PROVIDER_SCOPE_REFERENCED_BY_ACCEPTED_NORMALIZATION_LEDGER,RELATED_BUT_INSUFFICIENT,INFORMS_NEW_NARROWER_SEED_BUT_DOES_NOT_CLOSE_QUESTION,Related evidence only; broad/adjacent scope is not used to close the narrower question.,false,Candidate state=PROVIDER_REQUIRED_PRECISION_VALIDATION; exact raw locator retained; no provider replay performed.
S08R00102,S07C000893,PRIOR_BROAD_TOPIC_WORDSTAT_SCOPE,STEP03,S002|wordstat-59d28ae6-a727-400c-8cb4-9a9e6ca352a0,оберег,STEP_03_WORDSTAT_RAW/REQUERY_COMPRESSED/README_RECONSTRUCTION_2026-09-09.md#R001,DURABLE_PROVIDER_OBSERVATIONS_ACCEPTED_IN_STEP03A,RAW_PROVIDER_SCOPE_REFERENCED_BY_ACCEPTED_NORMALIZATION_LEDGER,RELATED_BUT_INSUFFICIENT,INFORMS_NEW_NARROWER_SEED_BUT_DOES_NOT_CLOSE_QUESTION,Related evidence only; broad/adjacent scope is not used to close the narrower question.,false,Candidate state=PROVIDER_REQUIRED_PRECISION_VALIDATION; exact raw locator retained; no provider replay performed.
S08R00103,S07C000896,PRIOR_BROAD_TOPIC_WORDSTAT_SCOPE,STEP03,S002|wordstat-59d28ae6-a727-400c-8cb4-9a9e6ca352a0,оберег,STEP_03_WORDSTAT_RAW/REQUERY_COMPRESSED/README_RECONSTRUCTION_2026-09-09.md#R001,DURABLE_PROVIDER_OBSERVATIONS_ACCEPTED_IN_STEP03A,RAW_PROVIDER_SCOPE_REFERENCED_BY_ACCEPTED_NORMALIZATION_LEDGER,RELATED_BUT_INSUFFICIENT,INFORMS_NEW_NARROWER_SEED_BUT_DOES_NOT_CLOSE_QUESTION,Related evidence only; broad/adjacent scope is not used to close the narrower question.,false,Candidate state=PROVIDER_REQUIRED_PRECISION_VALIDATION; exact raw locator retained; no provider replay performed.
S08R00104,S07C000898,PRIOR_BROAD_TOPIC_WORDSTAT_SCOPE,STEP03,S002|wordstat-59d28ae6-a727-400c-8cb4-9a9e6ca352a0,оберег,STEP_03_WORDSTAT_RAW/REQUERY_COMPRESSED/README_RECONSTRUCTION_2026-09-09.md#R001,DURABLE_PROVIDER_OBSERVATIONS_ACCEPTED_IN_STEP03A,RAW_PROVIDER_SCOPE_REFERENCED_BY_ACCEPTED_NORMALIZATION_LEDGER,RELATED_BUT_INSUFFICIENT,INFORMS_NEW_NARROWER_SEED_BUT_DOES_NOT_CLOSE_QUESTION,Related evidence only; broad/adjacent scope is not used to close the narrower question.,false,Candidate state=PROVIDER_REQUIRED_PRECISION_VALIDATION; exact raw locator retained; no provider replay performed.
S08R00105,S07C000903,PRIOR_BROAD_TOPIC_WORDSTAT_SCOPE,STEP03,S055|wordstat-a256259e-581c-4389-92a1-9779e75b5253,Шлем ужаса,STEP_03_WORDSTAT_RAW/RECOVERY_REQUERY__034__wordstat-a256259e-581c-4389-92a1-9779e75b5253.raw.txt,DURABLE_PROVIDER_OBSERVATIONS_ACCEPTED_IN_STEP03A,RAW_PROVIDER_SCOPE_REFERENCED_BY_ACCEPTED_NORMALIZATION_LEDGER,RELATED_BUT_INSUFFICIENT,INFORMS_NEW_NARROWER_SEED_BUT_DOES_NOT_CLOSE_QUESTION,Related evidence only; broad/adjacent scope is not used to close the narrower question.,false,Candidate state=PROVIDER_REQUIRED_PRECISION_VALIDATION; exact raw locator retained; no provider replay performed.
S08R00106,S07C000904,PRIOR_BROAD_TOPIC_WORDSTAT_SCOPE,STEP03,S031|wordstat-43aed528-8abb-42c7-9fb4-775d40f3326f,Боговник,STEP_03_WORDSTAT_RAW/MANUAL__024__bogovnik__wordstat-43aed528-8abb-42c7-9fb4-775d40f3326f.txt,DURABLE_PROVIDER_OBSERVATIONS_ACCEPTED_IN_STEP03A,RAW_PROVIDER_SCOPE_REFERENCED_BY_ACCEPTED_NORMALIZATION_LEDGER,RELATED_BUT_INSUFFICIENT,INFORMS_NEW_NARROWER_SEED_BUT_DOES_NOT_CLOSE_QUESTION,Related evidence only; broad/adjacent scope is not used to close the narrower question.,false,Candidate state=PROVIDER_REQUIRED_PRECISION_VALIDATION; exact raw locator retained; no provider replay performed.
S08R00107,S07C000907,PRIOR_BROAD_TOPIC_WORDSTAT_SCOPE,STEP03,S002|wordstat-59d28ae6-a727-400c-8cb4-9a9e6ca352a0,оберег,STEP_03_WORDSTAT_RAW/REQUERY_COMPRESSED/README_RECONSTRUCTION_2026-09-09.md#R001,DURABLE_PROVIDER_OBSERVATIONS_ACCEPTED_IN_STEP03A,RAW_PROVIDER_SCOPE_REFERENCED_BY_ACCEPTED_NORMALIZATION_LEDGER,RELATED_BUT_INSUFFICIENT,INFORMS_NEW_NARROWER_SEED_BUT_DOES_NOT_CLOSE_QUESTION,Related evidence only; broad/adjacent scope is not used to close the narrower question.,false,Candidate state=PROVIDER_REQUIRED_PRECISION_VALIDATION; exact raw locator retained; no provider replay performed.
S08R00108,S07C000909,PRIOR_BROAD_TOPIC_WORDSTAT_SCOPE,STEP03,S002|wordstat-59d28ae6-a727-400c-8cb4-9a9e6ca352a0,оберег,STEP_03_WORDSTAT_RAW/REQUERY_COMPRESSED/README_RECONSTRUCTION_2026-09-09.md#R001,DURABLE_PROVIDER_OBSERVATIONS_ACCEPTED_IN_STEP03A,RAW_PROVIDER_SCOPE_REFERENCED_BY_ACCEPTED_NORMALIZATION_LEDGER,RELATED_BUT_INSUFFICIENT,INFORMS_NEW_NARROWER_SEED_BUT_DOES_NOT_CLOSE_QUESTION,Related evidence only; broad/adjacent scope is not used to close the narrower question.,false,Candidate state=PROVIDER_REQUIRED_PRECISION_VALIDATION; exact raw locator retained; no provider replay performed.
S08R00109,S07C000912,PRIOR_GENERIC_PRODUCT_CLASS_WORDSTAT_SCOPE,STEP03,S002|wordstat-59d28ae6-a727-400c-8cb4-9a9e6ca352a0,оберег,STEP_03_WORDSTAT_RAW/REQUERY_COMPRESSED/README_RECONSTRUCTION_2026-09-09.md#R001,DURABLE_PROVIDER_OBSERVATIONS_ACCEPTED_IN_STEP03A,RAW_PROVIDER_SCOPE_REFERENCED_BY_ACCEPTED_NORMALIZATION_LEDGER,QUALIFIED_QUESTION_ANSWERED,CLOSES_CURRENT_PRE_ACQUISITION_QUESTION_WITHOUT_NEW_CALL,"Bounded current discovery evidence only; not final relevance, intent, cluster, page or permanent demand truth.",false,Candidate state=ALREADY_COVERED_NO_NEW_INFORMATION_GAIN; exact raw locator retained; no provider replay performed.
S08R00110,S07C000916,PRIOR_GENERIC_PRODUCT_CLASS_WORDSTAT_SCOPE,STEP03,S001|wordstat-86e7b86f-b118-4a08-b4bf-564b053de070,амулет,STEP_03_WORDSTAT_RAW/MANUAL__001_CURRENT_REQUERY__wordstat-86e7b86f-b118-4a08-b4bf-564b053de070.raw.txt,DURABLE_PROVIDER_OBSERVATIONS_ACCEPTED_IN_STEP03A,RAW_PROVIDER_SCOPE_REFERENCED_BY_ACCEPTED_NORMALIZATION_LEDGER,QUALIFIED_QUESTION_ANSWERED,CLOSES_CURRENT_PRE_ACQUISITION_QUESTION_WITHOUT_NEW_CALL,"Bounded current discovery evidence only; not final relevance, intent, cluster, page or permanent demand truth.",false,Candidate state=ALREADY_COVERED_NO_NEW_INFORMATION_GAIN; exact raw locator retained; no provider replay performed.
S08R00111,S07C000918,PRIOR_GENERIC_PRODUCT_CLASS_WORDSTAT_SCOPE,STEP03,S002|wordstat-59d28ae6-a727-400c-8cb4-9a9e6ca352a0,оберег,STEP_03_WORDSTAT_RAW/REQUERY_COMPRESSED/README_RECONSTRUCTION_2026-09-09.md#R001,DURABLE_PROVIDER_OBSERVATIONS_ACCEPTED_IN_STEP03A,RAW_PROVIDER_SCOPE_REFERENCED_BY_ACCEPTED_NORMALIZATION_LEDGER,QUALIFIED_QUESTION_ANSWERED,CLOSES_CURRENT_PRE_ACQUISITION_QUESTION_WITHOUT_NEW_CALL,"Bounded current discovery evidence only; not final relevance, intent, cluster, page or permanent demand truth.",false,Candidate state=ALREADY_COVERED_NO_NEW_INFORMATION_GAIN; exact raw locator retained; no provider replay performed.
S08R00112,S07C000919,PRIOR_BROAD_TOPIC_WORDSTAT_SCOPE,STEP03,S002|wordstat-59d28ae6-a727-400c-8cb4-9a9e6ca352a0,оберег,STEP_03_WORDSTAT_RAW/REQUERY_COMPRESSED/README_RECONSTRUCTION_2026-09-09.md#R001,DURABLE_PROVIDER_OBSERVATIONS_ACCEPTED_IN_STEP03A,RAW_PROVIDER_SCOPE_REFERENCED_BY_ACCEPTED_NORMALIZATION_LEDGER,RELATED_BUT_INSUFFICIENT,INFORMS_NEW_NARROWER_SEED_BUT_DOES_NOT_CLOSE_QUESTION,Related evidence only; broad/adjacent scope is not used to close the narrower question.,false,Candidate state=PROVIDER_REQUIRED_PRECISION_VALIDATION; exact raw locator retained; no provider replay performed.
S08R00113,S07C000920,PRIOR_BROAD_TOPIC_WORDSTAT_SCOPE,STEP03,S002|wordstat-59d28ae6-a727-400c-8cb4-9a9e6ca352a0,оберег,STEP_03_WORDSTAT_RAW/REQUERY_COMPRESSED/README_RECONSTRUCTION_2026-09-09.md#R001,DURABLE_PROVIDER_OBSERVATIONS_ACCEPTED_IN_STEP03A,RAW_PROVIDER_SCOPE_REFERENCED_BY_ACCEPTED_NORMALIZATION_LEDGER,RELATED_BUT_INSUFFICIENT,INFORMS_NEW_NARROWER_SEED_BUT_DOES_NOT_CLOSE_QUESTION,Related evidence only; broad/adjacent scope is not used to close the narrower question.,false,Candidate state=PROVIDER_REQUIRED_PRECISION_VALIDATION; exact raw locator retained; no provider replay performed.
S08R00114,S07C000929,RELATED_PRIOR_QUALIFIED_OM_WORDSTAT_SCOPE,STEP03,Q005|wordstat-d906b011-52e0-4a5e-b9f1-b155776056a2,(амулет|оберег|талисман) Ом,STEP_03_WORDSTAT_RAW/MANUAL__053__wordstat-d906b011-52e0-4a5e-b9f1-b155776056a2.raw.txt,DURABLE_PROVIDER_OBSERVATIONS_ACCEPTED_IN_STEP03A,RAW_PROVIDER_SCOPE_REFERENCED_BY_ACCEPTED_NORMALIZATION_LEDGER,RELATED_BUT_INSUFFICIENT,INFORMS_NEW_NARROWER_SEED_BUT_DOES_NOT_CLOSE_QUESTION,Related evidence only; broad/adjacent scope is not used to close the narrower question.,false,Candidate state=PROVIDER_REQUIRED_PRECISION_VALIDATION; exact raw locator retained; no provider replay performed.
S08R00115,S07C000931,PRIOR_BROAD_TOPIC_WORDSTAT_SCOPE,STEP03,S002|wordstat-59d28ae6-a727-400c-8cb4-9a9e6ca352a0,оберег,STEP_03_WORDSTAT_RAW/REQUERY_COMPRESSED/README_RECONSTRUCTION_2026-09-09.md#R001,DURABLE_PROVIDER_OBSERVATIONS_ACCEPTED_IN_STEP03A,RAW_PROVIDER_SCOPE_REFERENCED_BY_ACCEPTED_NORMALIZATION_LEDGER,RELATED_BUT_INSUFFICIENT,INFORMS_NEW_NARROWER_SEED_BUT_DOES_NOT_CLOSE_QUESTION,Related evidence only; broad/adjacent scope is not used to close the narrower question.,false,Candidate state=PROVIDER_REQUIRED_PRECISION_VALIDATION; exact raw locator retained; no provider replay performed.
S08R00116,S07C000944,PRIOR_QUALIFIED_PRODUCT_WORDSTAT_SCOPE,STEP03,Q004|wordstat-b14cbc4e-5c95-4056-b557-0d30392510fe,(амулет|оберег|талисман) Древо Жизни,STEP_03_WORDSTAT_RAW/MANUAL__052__wordstat-b14cbc4e-5c95-4056-b557-0d30392510fe.raw.txt,DURABLE_PROVIDER_OBSERVATIONS_ACCEPTED_IN_STEP03A,RAW_PROVIDER_SCOPE_REFERENCED_BY_ACCEPTED_NORMALIZATION_LEDGER,RELATED_BUT_INSUFFICIENT,INFORMS_NEW_NARROWER_SEED_BUT_DOES_NOT_CLOSE_QUESTION,Related evidence only; broad/adjacent scope is not used to close the narrower question.,false,Candidate state=PROVIDER_REQUIRED_PRECISION_VALIDATION; exact raw locator retained; no provider replay performed.
S08R00117,S07C000945,RELATED_PRIOR_QUALIFIED_OM_WORDSTAT_SCOPE,STEP03,Q005|wordstat-d906b011-52e0-4a5e-b9f1-b155776056a2,(амулет|оберег|талисман) Ом,STEP_03_WORDSTAT_RAW/MANUAL__053__wordstat-d906b011-52e0-4a5e-b9f1-b155776056a2.raw.txt,DURABLE_PROVIDER_OBSERVATIONS_ACCEPTED_IN_STEP03A,RAW_PROVIDER_SCOPE_REFERENCED_BY_ACCEPTED_NORMALIZATION_LEDGER,RELATED_BUT_INSUFFICIENT,INFORMS_NEW_NARROWER_SEED_BUT_DOES_NOT_CLOSE_QUESTION,Related evidence only; broad/adjacent scope is not used to close the narrower question.,false,Candidate state=PROVIDER_REQUIRED_PRECISION_VALIDATION; exact raw locator retained; no provider replay performed.
S08R00118,S07C000946,RELATED_PRIOR_QUALIFIED_OM_WORDSTAT_SCOPE,STEP03,Q005|wordstat-d906b011-52e0-4a5e-b9f1-b155776056a2,(амулет|оберег|талисман) Ом,STEP_03_WORDSTAT_RAW/MANUAL__053__wordstat-d906b011-52e0-4a5e-b9f1-b155776056a2.raw.txt,DURABLE_PROVIDER_OBSERVATIONS_ACCEPTED_IN_STEP03A,RAW_PROVIDER_SCOPE_REFERENCED_BY_ACCEPTED_NORMALIZATION_LEDGER,RELATED_BUT_INSUFFICIENT,INFORMS_NEW_NARROWER_SEED_BUT_DOES_NOT_CLOSE_QUESTION,Related evidence only; broad/adjacent scope is not used to close the narrower question.,false,Candidate state=PROVIDER_REQUIRED_PRECISION_VALIDATION; exact raw locator retained; no provider replay performed.
S08R00119,S07C000948,RELATED_PRIOR_QUALIFIED_OM_WORDSTAT_SCOPE,STEP03,Q005|wordstat-d906b011-52e0-4a5e-b9f1-b155776056a2,(амулет|оберег|талисман) Ом,STEP_03_WORDSTAT_RAW/MANUAL__053__wordstat-d906b011-52e0-4a5e-b9f1-b155776056a2.raw.txt,DURABLE_PROVIDER_OBSERVATIONS_ACCEPTED_IN_STEP03A,RAW_PROVIDER_SCOPE_REFERENCED_BY_ACCEPTED_NORMALIZATION_LEDGER,RELATED_BUT_INSUFFICIENT,INFORMS_NEW_NARROWER_SEED_BUT_DOES_NOT_CLOSE_QUESTION,Related evidence only; broad/adjacent scope is not used to close the narrower question.,false,Candidate state=PROVIDER_REQUIRED_PRECISION_VALIDATION; exact raw locator retained; no provider replay performed.
S08R00120,S07C000949,RELATED_PRIOR_QUALIFIED_OM_WORDSTAT_SCOPE,STEP03,Q005|wordstat-d906b011-52e0-4a5e-b9f1-b155776056a2,(амулет|оберег|талисман) Ом,STEP_03_WORDSTAT_RAW/MANUAL__053__wordstat-d906b011-52e0-4a5e-b9f1-b155776056a2.raw.txt,DURABLE_PROVIDER_OBSERVATIONS_ACCEPTED_IN_STEP03A,RAW_PROVIDER_SCOPE_REFERENCED_BY_ACCEPTED_NORMALIZATION_LEDGER,RELATED_BUT_INSUFFICIENT,INFORMS_NEW_NARROWER_SEED_BUT_DOES_NOT_CLOSE_QUESTION,Related evidence only; broad/adjacent scope is not used to close the narrower question.,false,Candidate state=PROVIDER_REQUIRED_PRECISION_VALIDATION; exact raw locator retained; no provider replay performed.
S08R00121,S07C000950,RELATED_PRIOR_QUALIFIED_OM_WORDSTAT_SCOPE,STEP03,Q005|wordstat-d906b011-52e0-4a5e-b9f1-b155776056a2,(амулет|оберег|талисман) Ом,STEP_03_WORDSTAT_RAW/MANUAL__053__wordstat-d906b011-52e0-4a5e-b9f1-b155776056a2.raw.txt,DURABLE_PROVIDER_OBSERVATIONS_ACCEPTED_IN_STEP03A,RAW_PROVIDER_SCOPE_REFERENCED_BY_ACCEPTED_NORMALIZATION_LEDGER,RELATED_BUT_INSUFFICIENT,INFORMS_NEW_NARROWER_SEED_BUT_DOES_NOT_CLOSE_QUESTION,Related evidence only; broad/adjacent scope is not used to close the narrower question.,false,Candidate state=PROVIDER_REQUIRED_PRECISION_VALIDATION; exact raw locator retained; no provider replay performed.
S08R00122,S07C000951,RELATED_PRIOR_QUALIFIED_OM_WORDSTAT_SCOPE,STEP03,Q005|wordstat-d906b011-52e0-4a5e-b9f1-b155776056a2,(амулет|оберег|талисман) Ом,STEP_03_WORDSTAT_RAW/MANUAL__053__wordstat-d906b011-52e0-4a5e-b9f1-b155776056a2.raw.txt,DURABLE_PROVIDER_OBSERVATIONS_ACCEPTED_IN_STEP03A,RAW_PROVIDER_SCOPE_REFERENCED_BY_ACCEPTED_NORMALIZATION_LEDGER,RELATED_BUT_INSUFFICIENT,INFORMS_NEW_NARROWER_SEED_BUT_DOES_NOT_CLOSE_QUESTION,Related evidence only; broad/adjacent scope is not used to close the narrower question.,false,Candidate state=PROVIDER_REQUIRED_PRECISION_VALIDATION; exact raw locator retained; no provider replay performed.
S08R00123,S07C000956,PRIOR_BROAD_TOPIC_WORDSTAT_SCOPE,STEP03,S001|wordstat-86e7b86f-b118-4a08-b4bf-564b053de070,амулет,STEP_03_WORDSTAT_RAW/MANUAL__001_CURRENT_REQUERY__wordstat-86e7b86f-b118-4a08-b4bf-564b053de070.raw.txt,DURABLE_PROVIDER_OBSERVATIONS_ACCEPTED_IN_STEP03A,RAW_PROVIDER_SCOPE_REFERENCED_BY_ACCEPTED_NORMALIZATION_LEDGER,RELATED_BUT_INSUFFICIENT,INFORMS_NEW_NARROWER_SEED_BUT_DOES_NOT_CLOSE_QUESTION,Related evidence only; broad/adjacent scope is not used to close the narrower question.,false,Candidate state=PROVIDER_REQUIRED_PRECISION_VALIDATION; exact raw locator retained; no provider replay performed.
S08R00124,S07C000959,PRIOR_BROAD_TOPIC_WORDSTAT_SCOPE,STEP03,S001|wordstat-86e7b86f-b118-4a08-b4bf-564b053de070,амулет,STEP_03_WORDSTAT_RAW/MANUAL__001_CURRENT_REQUERY__wordstat-86e7b86f-b118-4a08-b4bf-564b053de070.raw.txt,DURABLE_PROVIDER_OBSERVATIONS_ACCEPTED_IN_STEP03A,RAW_PROVIDER_SCOPE_REFERENCED_BY_ACCEPTED_NORMALIZATION_LEDGER,RELATED_BUT_INSUFFICIENT,INFORMS_NEW_NARROWER_SEED_BUT_DOES_NOT_CLOSE_QUESTION,Related evidence only; broad/adjacent scope is not used to close the narrower question.,false,Candidate state=PROVIDER_REQUIRED_PRECISION_VALIDATION; exact raw locator retained; no provider replay performed.
S08R00125,S07C000960,PRIOR_BROAD_TOPIC_WORDSTAT_SCOPE,STEP03,S001|wordstat-86e7b86f-b118-4a08-b4bf-564b053de070,амулет,STEP_03_WORDSTAT_RAW/MANUAL__001_CURRENT_REQUERY__wordstat-86e7b86f-b118-4a08-b4bf-564b053de070.raw.txt,DURABLE_PROVIDER_OBSERVATIONS_ACCEPTED_IN_STEP03A,RAW_PROVIDER_SCOPE_REFERENCED_BY_ACCEPTED_NORMALIZATION_LEDGER,RELATED_BUT_INSUFFICIENT,INFORMS_NEW_NARROWER_SEED_BUT_DOES_NOT_CLOSE_QUESTION,Related evidence only; broad/adjacent scope is not used to close the narrower question.,false,Candidate state=PROVIDER_REQUIRED_PRECISION_VALIDATION; exact raw locator retained; no provider replay performed.
S08R00126,S07C000961,PRIOR_BROAD_TOPIC_WORDSTAT_SCOPE,STEP03,S003|wordstat-7fa06c3d-a03c-4daa-a1ab-a33c7583d2e6,талисман,STEP_03_WORDSTAT_RAW/REQUERY_COMPRESSED/README_RECONSTRUCTION_2026-09-09.md#R002,DURABLE_PROVIDER_OBSERVATIONS_ACCEPTED_IN_STEP03A,RAW_PROVIDER_SCOPE_REFERENCED_BY_ACCEPTED_NORMALIZATION_LEDGER,RELATED_BUT_INSUFFICIENT,INFORMS_NEW_NARROWER_SEED_BUT_DOES_NOT_CLOSE_QUESTION,Related evidence only; broad/adjacent scope is not used to close the narrower question.,false,Candidate state=PROVIDER_REQUIRED_PRECISION_VALIDATION; exact raw locator retained; no provider replay performed.
S08R00127,S07C000971,PRIOR_BROAD_TOPIC_WORDSTAT_SCOPE,STEP03,S022|wordstat-676b26a8-2956-4353-9f63-5ccc1890992b,Печать Велеса,STEP_03_WORDSTAT_RAW/MANUAL__015__pechat_velesa__wordstat-676b26a8-2956-4353-9f63-5ccc1890992b.txt,DURABLE_PROVIDER_OBSERVATIONS_ACCEPTED_IN_STEP03A,RAW_PROVIDER_SCOPE_REFERENCED_BY_ACCEPTED_NORMALIZATION_LEDGER,RELATED_BUT_INSUFFICIENT,INFORMS_NEW_NARROWER_SEED_BUT_DOES_NOT_CLOSE_QUESTION,Related evidence only; broad/adjacent scope is not used to close the narrower question.,false,Candidate state=PROVIDER_REQUIRED_PRECISION_VALIDATION; exact raw locator retained; no provider replay performed.
S08R00128,S07C000971,PRIOR_QUALIFIED_PRODUCT_WORDSTAT_SCOPE,STEP03,Q007|wordstat-0a074fb9-865b-4c66-a0d2-685e2a2b2475,(амулет|оберег|талисман) Велес,STEP_03_WORDSTAT_RAW/MANUAL__055__wordstat-0a074fb9-865b-4c66-a0d2-685e2a2b2475.raw.txt,DURABLE_PROVIDER_OBSERVATIONS_ACCEPTED_IN_STEP03A,RAW_PROVIDER_SCOPE_REFERENCED_BY_ACCEPTED_NORMALIZATION_LEDGER,RELATED_BUT_INSUFFICIENT,INFORMS_NEW_NARROWER_SEED_BUT_DOES_NOT_CLOSE_QUESTION,Related evidence only; broad/adjacent scope is not used to close the narrower question.,false,Candidate state=PROVIDER_REQUIRED_PRECISION_VALIDATION; exact raw locator retained; no provider replay performed.
S08R00129,S07C000982,PRIOR_BROAD_TOPIC_WORDSTAT_SCOPE,STEP03,S002|wordstat-59d28ae6-a727-400c-8cb4-9a9e6ca352a0,оберег,STEP_03_WORDSTAT_RAW/REQUERY_COMPRESSED/README_RECONSTRUCTION_2026-09-09.md#R001,DURABLE_PROVIDER_OBSERVATIONS_ACCEPTED_IN_STEP03A,RAW_PROVIDER_SCOPE_REFERENCED_BY_ACCEPTED_NORMALIZATION_LEDGER,RELATED_BUT_INSUFFICIENT,INFORMS_NEW_NARROWER_SEED_BUT_DOES_NOT_CLOSE_QUESTION,Related evidence only; broad/adjacent scope is not used to close the narrower question.,false,Candidate state=PROVIDER_REQUIRED_PRECISION_VALIDATION; exact raw locator retained; no provider replay performed.
S08R00130,S07C000983,PRIOR_BROAD_TOPIC_WORDSTAT_SCOPE,STEP03,S023|wordstat-91384b79-6f27-47f4-b6b6-969d3bea3f28,Алатырь,STEP_03_WORDSTAT_RAW/MANUAL__016__alatyr__wordstat-91384b79-6f27-47f4-b6b6-969d3bea3f28.txt,DURABLE_PROVIDER_OBSERVATIONS_ACCEPTED_IN_STEP03A,RAW_PROVIDER_SCOPE_REFERENCED_BY_ACCEPTED_NORMALIZATION_LEDGER,RELATED_BUT_INSUFFICIENT,INFORMS_NEW_NARROWER_SEED_BUT_DOES_NOT_CLOSE_QUESTION,Related evidence only; broad/adjacent scope is not used to close the narrower question.,false,Candidate state=PROVIDER_REQUIRED_PRECISION_VALIDATION; exact raw locator retained; no provider replay performed.
S08R00131,S07C000985,PRIOR_BROAD_TOPIC_WORDSTAT_SCOPE,STEP03,S002|wordstat-59d28ae6-a727-400c-8cb4-9a9e6ca352a0,оберег,STEP_03_WORDSTAT_RAW/REQUERY_COMPRESSED/README_RECONSTRUCTION_2026-09-09.md#R001,DURABLE_PROVIDER_OBSERVATIONS_ACCEPTED_IN_STEP03A,RAW_PROVIDER_SCOPE_REFERENCED_BY_ACCEPTED_NORMALIZATION_LEDGER,RELATED_BUT_INSUFFICIENT,INFORMS_NEW_NARROWER_SEED_BUT_DOES_NOT_CLOSE_QUESTION,Related evidence only; broad/adjacent scope is not used to close the narrower question.,false,Candidate state=PROVIDER_REQUIRED_PRECISION_VALIDATION; exact raw locator retained; no provider replay performed.
S08R00132,S07C000986,PRIOR_QUALIFIED_PRODUCT_WORDSTAT_SCOPE,STEP03,Q004|wordstat-b14cbc4e-5c95-4056-b557-0d30392510fe,(амулет|оберег|талисман) Древо Жизни,STEP_03_WORDSTAT_RAW/MANUAL__052__wordstat-b14cbc4e-5c95-4056-b557-0d30392510fe.raw.txt,DURABLE_PROVIDER_OBSERVATIONS_ACCEPTED_IN_STEP03A,RAW_PROVIDER_SCOPE_REFERENCED_BY_ACCEPTED_NORMALIZATION_LEDGER,QUALIFIED_QUESTION_ANSWERED,CLOSES_CURRENT_PRE_ACQUISITION_QUESTION_WITHOUT_NEW_CALL,"Bounded current discovery evidence only; not final relevance, intent, cluster, page or permanent demand truth.",false,Candidate state=REUSE_EXISTING_EVIDENCE; exact raw locator retained; no provider replay performed.
S08R00133,S07C000987,PRIOR_BROAD_TOPIC_WORDSTAT_SCOPE,STEP03,S001|wordstat-86e7b86f-b118-4a08-b4bf-564b053de070,амулет,STEP_03_WORDSTAT_RAW/MANUAL__001_CURRENT_REQUERY__wordstat-86e7b86f-b118-4a08-b4bf-564b053de070.raw.txt,DURABLE_PROVIDER_OBSERVATIONS_ACCEPTED_IN_STEP03A,RAW_PROVIDER_SCOPE_REFERENCED_BY_ACCEPTED_NORMALIZATION_LEDGER,RELATED_BUT_INSUFFICIENT,INFORMS_NEW_NARROWER_SEED_BUT_DOES_NOT_CLOSE_QUESTION,Related evidence only; broad/adjacent scope is not used to close the narrower question.,false,Candidate state=PROVIDER_REQUIRED_PRECISION_VALIDATION; exact raw locator retained; no provider replay performed.
S08R00134,S07C000990,PRIOR_BROAD_TOPIC_WORDSTAT_SCOPE,STEP03,S026|wordstat-25888e0f-3658-4d2c-9749-95cc54bd5abd,Молвинец,STEP_03_WORDSTAT_RAW/MANUAL__019__molvinets__wordstat-25888e0f-3658-4d2c-9749-95cc54bd5abd.txt,DURABLE_PROVIDER_OBSERVATIONS_ACCEPTED_IN_STEP03A,RAW_PROVIDER_SCOPE_REFERENCED_BY_ACCEPTED_NORMALIZATION_LEDGER,RELATED_BUT_INSUFFICIENT,INFORMS_NEW_NARROWER_SEED_BUT_DOES_NOT_CLOSE_QUESTION,Related evidence only; broad/adjacent scope is not used to close the narrower question.,false,Candidate state=PROVIDER_REQUIRED_PRECISION_VALIDATION; exact raw locator retained; no provider replay performed.
S08R00135,S07C000992,PRIOR_BROAD_TOPIC_WORDSTAT_SCOPE,STEP03,S042|wordstat-b4da4974-0d97-46d1-98a9-be191091eaff,Звезда Лады,STEP_03_WORDSTAT_RAW/MANUAL__027__zvezda_lady__wordstat-b4da4974-0d97-46d1-98a9-be191091eaff.txt,DURABLE_PROVIDER_OBSERVATIONS_ACCEPTED_IN_STEP03A,RAW_PROVIDER_SCOPE_REFERENCED_BY_ACCEPTED_NORMALIZATION_LEDGER,RELATED_BUT_INSUFFICIENT,INFORMS_NEW_NARROWER_SEED_BUT_DOES_NOT_CLOSE_QUESTION,Related evidence only; broad/adjacent scope is not used to close the narrower question.,false,Candidate state=PROVIDER_REQUIRED_PRECISION_VALIDATION; exact raw locator retained; no provider replay performed.
S08R00136,S07C001042,PRIOR_ZODIAC_WORDSTAT_SCOPE,STEP03,S057|wordstat-e142a328-7497-495b-83ee-ef069dbae0d0,знак зодиака,STEP_03_WORDSTAT_RAW/RECOVERY_REQUERY__036__wordstat-e142a328-7497-495b-83ee-ef069dbae0d0.raw.txt,DURABLE_PROVIDER_OBSERVATIONS_ACCEPTED_IN_STEP03A,RAW_PROVIDER_SCOPE_REFERENCED_BY_ACCEPTED_NORMALIZATION_LEDGER,RELATED_BUT_INSUFFICIENT,INFORMS_NEW_NARROWER_SEED_BUT_DOES_NOT_CLOSE_QUESTION,Related evidence only; broad/adjacent scope is not used to close the narrower question.,false,Candidate state=PROVIDER_REQUIRED_PRECISION_VALIDATION; exact raw locator retained; no provider replay performed.
S08R00137,S07C001063,RELATED_PRIOR_QUALIFIED_OM_WORDSTAT_SCOPE,STEP03,Q005|wordstat-d906b011-52e0-4a5e-b9f1-b155776056a2,(амулет|оберег|талисман) Ом,STEP_03_WORDSTAT_RAW/MANUAL__053__wordstat-d906b011-52e0-4a5e-b9f1-b155776056a2.raw.txt,DURABLE_PROVIDER_OBSERVATIONS_ACCEPTED_IN_STEP03A,RAW_PROVIDER_SCOPE_REFERENCED_BY_ACCEPTED_NORMALIZATION_LEDGER,RELATED_BUT_INSUFFICIENT,INFORMS_NEW_NARROWER_SEED_BUT_DOES_NOT_CLOSE_QUESTION,Related evidence only; broad/adjacent scope is not used to close the narrower question.,false,Candidate state=PROVIDER_REQUIRED_PRECISION_VALIDATION; exact raw locator retained; no provider replay performed.
S08R00138,S07C001084,RELATED_PRIOR_QUALIFIED_OM_WORDSTAT_SCOPE,STEP03,Q005|wordstat-d906b011-52e0-4a5e-b9f1-b155776056a2,(амулет|оберег|талисман) Ом,STEP_03_WORDSTAT_RAW/MANUAL__053__wordstat-d906b011-52e0-4a5e-b9f1-b155776056a2.raw.txt,DURABLE_PROVIDER_OBSERVATIONS_ACCEPTED_IN_STEP03A,RAW_PROVIDER_SCOPE_REFERENCED_BY_ACCEPTED_NORMALIZATION_LEDGER,RELATED_BUT_INSUFFICIENT,INFORMS_NEW_NARROWER_SEED_BUT_DOES_NOT_CLOSE_QUESTION,Related evidence only; broad/adjacent scope is not used to close the narrower question.,false,Candidate state=PROVIDER_REQUIRED_PRECISION_VALIDATION; exact raw locator retained; no provider replay performed.
S08R00139,S07C001091,PRIOR_QUALIFIED_PRODUCT_WORDSTAT_SCOPE,STEP03,Q008|wordstat-7c93faaa-4e04-4aa9-a1e7-48adcf84e7d8,оберег Родимич,STEP_03_WORDSTAT_RAW/MANUAL__056__wordstat-7c93faaa-4e04-4aa9-a1e7-48adcf84e7d8.raw.txt,DURABLE_PROVIDER_OBSERVATIONS_ACCEPTED_IN_STEP03A,RAW_PROVIDER_SCOPE_REFERENCED_BY_ACCEPTED_NORMALIZATION_LEDGER,RELATED_BUT_INSUFFICIENT,INFORMS_NEW_NARROWER_SEED_BUT_DOES_NOT_CLOSE_QUESTION,Related evidence only; broad/adjacent scope is not used to close the narrower question.,false,Candidate state=PROVIDER_REQUIRED_PRECISION_VALIDATION; exact raw locator retained; no provider replay performed.
S08R00140,S07C001181,PRIOR_BROAD_TOPIC_WORDSTAT_SCOPE,STEP03,S042|wordstat-b4da4974-0d97-46d1-98a9-be191091eaff,Звезда Лады,STEP_03_WORDSTAT_RAW/MANUAL__027__zvezda_lady__wordstat-b4da4974-0d97-46d1-98a9-be191091eaff.txt,DURABLE_PROVIDER_OBSERVATIONS_ACCEPTED_IN_STEP03A,RAW_PROVIDER_SCOPE_REFERENCED_BY_ACCEPTED_NORMALIZATION_LEDGER,RELATED_BUT_INSUFFICIENT,INFORMS_NEW_NARROWER_SEED_BUT_DOES_NOT_CLOSE_QUESTION,Related evidence only; broad/adjacent scope is not used to close the narrower question.,false,Candidate state=PROVIDER_REQUIRED_PRECISION_VALIDATION; exact raw locator retained; no provider replay performed.
S08R00141,S07C001183,PRIOR_BROAD_TOPIC_WORDSTAT_SCOPE,STEP03,S026|wordstat-25888e0f-3658-4d2c-9749-95cc54bd5abd,Молвинец,STEP_03_WORDSTAT_RAW/MANUAL__019__molvinets__wordstat-25888e0f-3658-4d2c-9749-95cc54bd5abd.txt,DURABLE_PROVIDER_OBSERVATIONS_ACCEPTED_IN_STEP03A,RAW_PROVIDER_SCOPE_REFERENCED_BY_ACCEPTED_NORMALIZATION_LEDGER,RELATED_BUT_INSUFFICIENT,INFORMS_NEW_NARROWER_SEED_BUT_DOES_NOT_CLOSE_QUESTION,Related evidence only; broad/adjacent scope is not used to close the narrower question.,false,Candidate state=PROVIDER_REQUIRED_PRECISION_VALIDATION; exact raw locator retained; no provider replay performed.
S08R00142,S07C001184,PRIOR_BROAD_TOPIC_WORDSTAT_SCOPE,STEP03,S042|wordstat-b4da4974-0d97-46d1-98a9-be191091eaff,Звезда Лады,STEP_03_WORDSTAT_RAW/MANUAL__027__zvezda_lady__wordstat-b4da4974-0d97-46d1-98a9-be191091eaff.txt,DURABLE_PROVIDER_OBSERVATIONS_ACCEPTED_IN_STEP03A,RAW_PROVIDER_SCOPE_REFERENCED_BY_ACCEPTED_NORMALIZATION_LEDGER,RELATED_BUT_INSUFFICIENT,INFORMS_NEW_NARROWER_SEED_BUT_DOES_NOT_CLOSE_QUESTION,Related evidence only; broad/adjacent scope is not used to close the narrower question.,false,Candidate state=PROVIDER_REQUIRED_PRECISION_VALIDATION; exact raw locator retained; no provider replay performed.
S08R00143,S07C001185,PRIOR_BROAD_TOPIC_WORDSTAT_SCOPE,STEP03,S026|wordstat-25888e0f-3658-4d2c-9749-95cc54bd5abd,Молвинец,STEP_03_WORDSTAT_RAW/MANUAL__019__molvinets__wordstat-25888e0f-3658-4d2c-9749-95cc54bd5abd.txt,DURABLE_PROVIDER_OBSERVATIONS_ACCEPTED_IN_STEP03A,RAW_PROVIDER_SCOPE_REFERENCED_BY_ACCEPTED_NORMALIZATION_LEDGER,RELATED_BUT_INSUFFICIENT,INFORMS_NEW_NARROWER_SEED_BUT_DOES_NOT_CLOSE_QUESTION,Related evidence only; broad/adjacent scope is not used to close the narrower question.,false,Candidate state=PROVIDER_REQUIRED_PRECISION_VALIDATION; exact raw locator retained; no provider replay performed.
S08R00144,S07C001186,PRIOR_BROAD_TOPIC_WORDSTAT_SCOPE,STEP03,S023|wordstat-91384b79-6f27-47f4-b6b6-969d3bea3f28,Алатырь,STEP_03_WORDSTAT_RAW/MANUAL__016__alatyr__wordstat-91384b79-6f27-47f4-b6b6-969d3bea3f28.txt,DURABLE_PROVIDER_OBSERVATIONS_ACCEPTED_IN_STEP03A,RAW_PROVIDER_SCOPE_REFERENCED_BY_ACCEPTED_NORMALIZATION_LEDGER,RELATED_BUT_INSUFFICIENT,INFORMS_NEW_NARROWER_SEED_BUT_DOES_NOT_CLOSE_QUESTION,Related evidence only; broad/adjacent scope is not used to close the narrower question.,false,Candidate state=PROVIDER_REQUIRED_PRECISION_VALIDATION; exact raw locator retained; no provider replay performed.
S08R00145,S07C001187,PRIOR_BROAD_TOPIC_WORDSTAT_SCOPE,STEP03,S029|wordstat-cb0b6dee-7f12-4daf-8feb-3938461b8d3a,Громовик,STEP_03_WORDSTAT_RAW/MANUAL__022__gromovik__wordstat-cb0b6dee-7f12-4daf-8feb-3938461b8d3a.txt,DURABLE_PROVIDER_OBSERVATIONS_ACCEPTED_IN_STEP03A,RAW_PROVIDER_SCOPE_REFERENCED_BY_ACCEPTED_NORMALIZATION_LEDGER,RELATED_BUT_INSUFFICIENT,INFORMS_NEW_NARROWER_SEED_BUT_DOES_NOT_CLOSE_QUESTION,Related evidence only; broad/adjacent scope is not used to close the narrower question.,false,Candidate state=PROVIDER_REQUIRED_PRECISION_VALIDATION; exact raw locator retained; no provider replay performed.
S08R00146,S07C001188,PRIOR_BROAD_TOPIC_WORDSTAT_SCOPE,STEP03,S054|wordstat-41388da3-fc8c-4c8d-bb8d-2ed3055d877d,Крест Сварога,STEP_03_WORDSTAT_RAW/RECOVERY_REQUERY__033__wordstat-41388da3-fc8c-4c8d-bb8d-2ed3055d877d.raw.txt,DURABLE_PROVIDER_OBSERVATIONS_ACCEPTED_IN_STEP03A,RAW_PROVIDER_SCOPE_REFERENCED_BY_ACCEPTED_NORMALIZATION_LEDGER,RELATED_BUT_INSUFFICIENT,INFORMS_NEW_NARROWER_SEED_BUT_DOES_NOT_CLOSE_QUESTION,Related evidence only; broad/adjacent scope is not used to close the narrower question.,false,Candidate state=PROVIDER_REQUIRED_PRECISION_VALIDATION; exact raw locator retained; no provider replay performed.
S08R00147,S07C001190,PRIOR_QUALIFIED_PRODUCT_WORDSTAT_SCOPE,STEP03,Q013|wordstat-e27f5e9b-7567-4ca8-bd8d-a8bc836ba4c7,(амулет|оберег|талисман) Макошь,STEP_03_WORDSTAT_RAW/MANUAL__061__wordstat-e27f5e9b-7567-4ca8-bd8d-a8bc836ba4c7.raw.txt,DURABLE_PROVIDER_OBSERVATIONS_ACCEPTED_IN_STEP03A,RAW_PROVIDER_SCOPE_REFERENCED_BY_ACCEPTED_NORMALIZATION_LEDGER,RELATED_BUT_INSUFFICIENT,INFORMS_NEW_NARROWER_SEED_BUT_DOES_NOT_CLOSE_QUESTION,Related evidence only; broad/adjacent scope is not used to close the narrower question.,false,Candidate state=PROVIDER_REQUIRED_PRECISION_VALIDATION; exact raw locator retained; no provider replay performed.
S08R00148,S07C001191,PRIOR_BROAD_TOPIC_WORDSTAT_SCOPE,STEP03,S026|wordstat-25888e0f-3658-4d2c-9749-95cc54bd5abd,Молвинец,STEP_03_WORDSTAT_RAW/MANUAL__019__molvinets__wordstat-25888e0f-3658-4d2c-9749-95cc54bd5abd.txt,DURABLE_PROVIDER_OBSERVATIONS_ACCEPTED_IN_STEP03A,RAW_PROVIDER_SCOPE_REFERENCED_BY_ACCEPTED_NORMALIZATION_LEDGER,RELATED_BUT_INSUFFICIENT,INFORMS_NEW_NARROWER_SEED_BUT_DOES_NOT_CLOSE_QUESTION,Related evidence only; broad/adjacent scope is not used to close the narrower question.,false,Candidate state=PROVIDER_REQUIRED_PRECISION_VALIDATION; exact raw locator retained; no provider replay performed.
S08R00149,S07C001192,RELATED_PRIOR_QUALIFIED_OM_WORDSTAT_SCOPE,STEP03,Q005|wordstat-d906b011-52e0-4a5e-b9f1-b155776056a2,(амулет|оберег|талисман) Ом,STEP_03_WORDSTAT_RAW/MANUAL__053__wordstat-d906b011-52e0-4a5e-b9f1-b155776056a2.raw.txt,DURABLE_PROVIDER_OBSERVATIONS_ACCEPTED_IN_STEP03A,RAW_PROVIDER_SCOPE_REFERENCED_BY_ACCEPTED_NORMALIZATION_LEDGER,RELATED_BUT_INSUFFICIENT,INFORMS_NEW_NARROWER_SEED_BUT_DOES_NOT_CLOSE_QUESTION,Related evidence only; broad/adjacent scope is not used to close the narrower question.,false,Candidate state=PROVIDER_REQUIRED_PRECISION_VALIDATION; exact raw locator retained; no provider replay performed.
S08R00150,S07C001196,PRIOR_QUALIFIED_PRODUCT_WORDSTAT_SCOPE,STEP03,Q007|wordstat-0a074fb9-865b-4c66-a0d2-685e2a2b2475,(амулет|оберег|талисман) Велес,STEP_03_WORDSTAT_RAW/MANUAL__055__wordstat-0a074fb9-865b-4c66-a0d2-685e2a2b2475.raw.txt,DURABLE_PROVIDER_OBSERVATIONS_ACCEPTED_IN_STEP03A,RAW_PROVIDER_SCOPE_REFERENCED_BY_ACCEPTED_NORMALIZATION_LEDGER,RELATED_BUT_INSUFFICIENT,INFORMS_NEW_NARROWER_SEED_BUT_DOES_NOT_CLOSE_QUESTION,Related evidence only; broad/adjacent scope is not used to close the narrower question.,false,Candidate state=PROVIDER_REQUIRED_PRECISION_VALIDATION; exact raw locator retained; no provider replay performed.
S08R00151,S07C001197,PRIOR_QUALIFIED_PRODUCT_WORDSTAT_SCOPE,STEP03,Q007|wordstat-0a074fb9-865b-4c66-a0d2-685e2a2b2475,(амулет|оберег|талисман) Велес,STEP_03_WORDSTAT_RAW/MANUAL__055__wordstat-0a074fb9-865b-4c66-a0d2-685e2a2b2475.raw.txt,DURABLE_PROVIDER_OBSERVATIONS_ACCEPTED_IN_STEP03A,RAW_PROVIDER_SCOPE_REFERENCED_BY_ACCEPTED_NORMALIZATION_LEDGER,RELATED_BUT_INSUFFICIENT,INFORMS_NEW_NARROWER_SEED_BUT_DOES_NOT_CLOSE_QUESTION,Related evidence only; broad/adjacent scope is not used to close the narrower question.,false,Candidate state=PROVIDER_REQUIRED_PRECISION_VALIDATION; exact raw locator retained; no provider replay performed.
S08R00152,S07C001198,PRIOR_BROAD_TOPIC_WORDSTAT_SCOPE,STEP03,S022|wordstat-676b26a8-2956-4353-9f63-5ccc1890992b,Печать Велеса,STEP_03_WORDSTAT_RAW/MANUAL__015__pechat_velesa__wordstat-676b26a8-2956-4353-9f63-5ccc1890992b.txt,DURABLE_PROVIDER_OBSERVATIONS_ACCEPTED_IN_STEP03A,RAW_PROVIDER_SCOPE_REFERENCED_BY_ACCEPTED_NORMALIZATION_LEDGER,RELATED_BUT_INSUFFICIENT,INFORMS_NEW_NARROWER_SEED_BUT_DOES_NOT_CLOSE_QUESTION,Related evidence only; broad/adjacent scope is not used to close the narrower question.,false,Candidate state=PROVIDER_REQUIRED_PRECISION_VALIDATION; exact raw locator retained; no provider replay performed.
S08R00153,S07C001198,PRIOR_QUALIFIED_PRODUCT_WORDSTAT_SCOPE,STEP03,Q007|wordstat-0a074fb9-865b-4c66-a0d2-685e2a2b2475,(амулет|оберег|талисман) Велес,STEP_03_WORDSTAT_RAW/MANUAL__055__wordstat-0a074fb9-865b-4c66-a0d2-685e2a2b2475.raw.txt,DURABLE_PROVIDER_OBSERVATIONS_ACCEPTED_IN_STEP03A,RAW_PROVIDER_SCOPE_REFERENCED_BY_ACCEPTED_NORMALIZATION_LEDGER,RELATED_BUT_INSUFFICIENT,INFORMS_NEW_NARROWER_SEED_BUT_DOES_NOT_CLOSE_QUESTION,Related evidence only; broad/adjacent scope is not used to close the narrower question.,false,Candidate state=PROVIDER_REQUIRED_PRECISION_VALIDATION; exact raw locator retained; no provider replay performed.
S08R00154,S07C001199,PRIOR_QUALIFIED_PRODUCT_WORDSTAT_SCOPE,STEP03,Q007|wordstat-0a074fb9-865b-4c66-a0d2-685e2a2b2475,(амулет|оберег|талисман) Велес,STEP_03_WORDSTAT_RAW/MANUAL__055__wordstat-0a074fb9-865b-4c66-a0d2-685e2a2b2475.raw.txt,DURABLE_PROVIDER_OBSERVATIONS_ACCEPTED_IN_STEP03A,RAW_PROVIDER_SCOPE_REFERENCED_BY_ACCEPTED_NORMALIZATION_LEDGER,RELATED_BUT_INSUFFICIENT,INFORMS_NEW_NARROWER_SEED_BUT_DOES_NOT_CLOSE_QUESTION,Related evidence only; broad/adjacent scope is not used to close the narrower question.,false,Candidate state=PROVIDER_REQUIRED_PRECISION_VALIDATION; exact raw locator retained; no provider replay performed.
S08R00155,S07C001200,PRIOR_QUALIFIED_PRODUCT_WORDSTAT_SCOPE,STEP03,Q007|wordstat-0a074fb9-865b-4c66-a0d2-685e2a2b2475,(амулет|оберег|талисман) Велес,STEP_03_WORDSTAT_RAW/MANUAL__055__wordstat-0a074fb9-865b-4c66-a0d2-685e2a2b2475.raw.txt,DURABLE_PROVIDER_OBSERVATIONS_ACCEPTED_IN_STEP03A,RAW_PROVIDER_SCOPE_REFERENCED_BY_ACCEPTED_NORMALIZATION_LEDGER,RELATED_BUT_INSUFFICIENT,INFORMS_NEW_NARROWER_SEED_BUT_DOES_NOT_CLOSE_QUESTION,Related evidence only; broad/adjacent scope is not used to close the narrower question.,false,Candidate state=PROVIDER_REQUIRED_PRECISION_VALIDATION; exact raw locator retained; no provider replay performed.
S08R00156,S07C001201,RELATED_PRIOR_AUM_WORDSTAT_SCOPE,STEP03,S053|wordstat-efdd12e7-8d7b-4142-96c7-8ece1d883426,Аум,STEP_03_WORDSTAT_RAW/RECOVERY_REQUERY__032__wordstat-efdd12e7-8d7b-4142-96c7-8ece1d883426.raw.txt,DURABLE_PROVIDER_OBSERVATIONS_ACCEPTED_IN_STEP03A,RAW_PROVIDER_SCOPE_REFERENCED_BY_ACCEPTED_NORMALIZATION_LEDGER,RELATED_BUT_INSUFFICIENT,INFORMS_NEW_NARROWER_SEED_BUT_DOES_NOT_CLOSE_QUESTION,Related evidence only; broad/adjacent scope is not used to close the narrower question.,false,Candidate state=PROVIDER_REQUIRED_PRECISION_VALIDATION; exact raw locator retained; no provider replay performed.
S08R00157,S07C001201,STEP05_QUALIFIED_PRODUCT_WORDSTAT_SCOPE,STEP05,W10C001|wordstat-b3fbe6dd-121b-4e67-81ca-0b03bdc53358,(амулет|оберег|талисман) Аум,STEP_03_WORDSTAT_RAW/STEP05__W10C001__wordstat-b3fbe6dd-121b-4e67-81ca-0b03bdc53358.txt,EXECUTED__SUCCESS_WITH_ZERO_ROWS__REQUEST_wordstat-b3fbe6dd-121b-4e67-81ca-0b03bdc53358__TOTALCOUNT_3__RESULTS_0__ASSOCIATIONS_0__CLOSED_FOR_CURRENT_RESEARCH_SNAPSHOT__NO_REPLAY,RAW_PROVIDER_ZERO_ROW_SCOPE_WITH_DURABLE_RECEIPT,RELATED_BUT_INSUFFICIENT,INFORMS_NEW_NARROWER_SEED_BUT_DOES_NOT_CLOSE_QUESTION,Related evidence only; broad/adjacent scope is not used to close the narrower question.,false,Candidate state=PROVIDER_REQUIRED_PRECISION_VALIDATION; exact raw locator retained; no provider replay performed.
S08R00158,S07C001201,RELATED_PRIOR_QUALIFIED_OM_WORDSTAT_SCOPE,STEP03,Q005|wordstat-d906b011-52e0-4a5e-b9f1-b155776056a2,(амулет|оберег|талисман) Ом,STEP_03_WORDSTAT_RAW/MANUAL__053__wordstat-d906b011-52e0-4a5e-b9f1-b155776056a2.raw.txt,DURABLE_PROVIDER_OBSERVATIONS_ACCEPTED_IN_STEP03A,RAW_PROVIDER_SCOPE_REFERENCED_BY_ACCEPTED_NORMALIZATION_LEDGER,RELATED_BUT_INSUFFICIENT,INFORMS_NEW_NARROWER_SEED_BUT_DOES_NOT_CLOSE_QUESTION,Related evidence only; broad/adjacent scope is not used to close the narrower question.,false,Candidate state=PROVIDER_REQUIRED_PRECISION_VALIDATION; exact raw locator retained; no provider replay performed.
S08R00159,S07C001244,PRIOR_QUALIFIED_PRODUCT_WORDSTAT_SCOPE,STEP03,Q007|wordstat-0a074fb9-865b-4c66-a0d2-685e2a2b2475,(амулет|оберег|талисман) Велес,STEP_03_WORDSTAT_RAW/MANUAL__055__wordstat-0a074fb9-865b-4c66-a0d2-685e2a2b2475.raw.txt,DURABLE_PROVIDER_OBSERVATIONS_ACCEPTED_IN_STEP03A,RAW_PROVIDER_SCOPE_REFERENCED_BY_ACCEPTED_NORMALIZATION_LEDGER,QUALIFIED_QUESTION_ANSWERED,CLOSES_CURRENT_PRE_ACQUISITION_QUESTION_WITHOUT_NEW_CALL,"Bounded current discovery evidence only; not final relevance, intent, cluster, page or permanent demand truth.",false,Candidate state=REUSE_EXISTING_EVIDENCE; exact raw locator retained; no provider replay performed.
S08R00160,S07C001245,PRIOR_QUALIFIED_PRODUCT_WORDSTAT_SCOPE,STEP03,Q017|wordstat-e18ad053-f536-4841-a47a-e0ec01db5c96,(амулет|оберег|талисман) Чур,STEP_03_WORDSTAT_RAW/MANUAL__065__wordstat-e18ad053-f536-4841-a47a-e0ec01db5c96.raw.txt,DURABLE_PROVIDER_OBSERVATIONS_ACCEPTED_IN_STEP03A,RAW_PROVIDER_SCOPE_REFERENCED_BY_ACCEPTED_NORMALIZATION_LEDGER,RELATED_BUT_INSUFFICIENT,INFORMS_NEW_NARROWER_SEED_BUT_DOES_NOT_CLOSE_QUESTION,Related evidence only; broad/adjacent scope is not used to close the narrower question.,false,Candidate state=PROVIDER_REQUIRED_PRECISION_VALIDATION; exact raw locator retained; no provider replay performed.
S08R00161,S07C001255,PRIOR_BROAD_TOPIC_WORDSTAT_SCOPE,STEP03,S023|wordstat-91384b79-6f27-47f4-b6b6-969d3bea3f28,Алатырь,STEP_03_WORDSTAT_RAW/MANUAL__016__alatyr__wordstat-91384b79-6f27-47f4-b6b6-969d3bea3f28.txt,DURABLE_PROVIDER_OBSERVATIONS_ACCEPTED_IN_STEP03A,RAW_PROVIDER_SCOPE_REFERENCED_BY_ACCEPTED_NORMALIZATION_LEDGER,RELATED_BUT_INSUFFICIENT,INFORMS_NEW_NARROWER_SEED_BUT_DOES_NOT_CLOSE_QUESTION,Related evidence only; broad/adjacent scope is not used to close the narrower question.,false,Candidate state=PROVIDER_REQUIRED_PRECISION_VALIDATION; exact raw locator retained; no provider replay performed.
S08R00162,S07C001266,PRIOR_QUALIFIED_PRODUCT_WORDSTAT_SCOPE,STEP03,Q011|wordstat-4a932bdc-262a-4140-ab13-9694b20dd67a,(амулет|оберег|талисман) Сварог,STEP_03_WORDSTAT_RAW/MANUAL__059__wordstat-4a932bdc-262a-4140-ab13-9694b20dd67a.raw.txt,DURABLE_PROVIDER_OBSERVATIONS_ACCEPTED_IN_STEP03A,RAW_PROVIDER_SCOPE_REFERENCED_BY_ACCEPTED_NORMALIZATION_LEDGER,RELATED_BUT_INSUFFICIENT,INFORMS_NEW_NARROWER_SEED_BUT_DOES_NOT_CLOSE_QUESTION,Related evidence only; broad/adjacent scope is not used to close the narrower question.,false,Candidate state=PROVIDER_REQUIRED_PRECISION_VALIDATION; exact raw locator retained; no provider replay performed.
S08R00163,S07C001271,PRIOR_QUALIFIED_PRODUCT_WORDSTAT_SCOPE,STEP03,Q013|wordstat-e27f5e9b-7567-4ca8-bd8d-a8bc836ba4c7,(амулет|оберег|талисман) Макошь,STEP_03_WORDSTAT_RAW/MANUAL__061__wordstat-e27f5e9b-7567-4ca8-bd8d-a8bc836ba4c7.raw.txt,DURABLE_PROVIDER_OBSERVATIONS_ACCEPTED_IN_STEP03A,RAW_PROVIDER_SCOPE_REFERENCED_BY_ACCEPTED_NORMALIZATION_LEDGER,QUALIFIED_QUESTION_ANSWERED,CLOSES_CURRENT_PRE_ACQUISITION_QUESTION_WITHOUT_NEW_CALL,"Bounded current discovery evidence only; not final relevance, intent, cluster, page or permanent demand truth.",false,Candidate state=REUSE_EXISTING_EVIDENCE; exact raw locator retained; no provider replay performed.
S08R00164,S07C001272,PRIOR_BROAD_TOPIC_WORDSTAT_SCOPE,STEP03,S027|wordstat-d2fd9009-5e7e-4c05-a4ac-ebe9b0a3bd7a,Колядник,STEP_03_WORDSTAT_RAW/MANUAL__020__kolyadnik__wordstat-d2fd9009-5e7e-4c05-a4ac-ebe9b0a3bd7a.txt,DURABLE_PROVIDER_OBSERVATIONS_ACCEPTED_IN_STEP03A,RAW_PROVIDER_SCOPE_REFERENCED_BY_ACCEPTED_NORMALIZATION_LEDGER,RELATED_BUT_INSUFFICIENT,INFORMS_NEW_NARROWER_SEED_BUT_DOES_NOT_CLOSE_QUESTION,Related evidence only; broad/adjacent scope is not used to close the narrower question.,false,Candidate state=PROVIDER_REQUIRED_PRECISION_VALIDATION; exact raw locator retained; no provider replay performed.
S08R00165,S07C001274,PRIOR_BROAD_TOPIC_WORDSTAT_SCOPE,STEP03,S023|wordstat-91384b79-6f27-47f4-b6b6-969d3bea3f28,Алатырь,STEP_03_WORDSTAT_RAW/MANUAL__016__alatyr__wordstat-91384b79-6f27-47f4-b6b6-969d3bea3f28.txt,DURABLE_PROVIDER_OBSERVATIONS_ACCEPTED_IN_STEP03A,RAW_PROVIDER_SCOPE_REFERENCED_BY_ACCEPTED_NORMALIZATION_LEDGER,RELATED_BUT_INSUFFICIENT,INFORMS_NEW_NARROWER_SEED_BUT_DOES_NOT_CLOSE_QUESTION,Related evidence only; broad/adjacent scope is not used to close the narrower question.,false,Candidate state=PROVIDER_REQUIRED_PRECISION_VALIDATION; exact raw locator retained; no provider replay performed.
S08R00166,S07C001275,PRIOR_BROAD_TOPIC_WORDSTAT_SCOPE,STEP03,S023|wordstat-91384b79-6f27-47f4-b6b6-969d3bea3f28,Алатырь,STEP_03_WORDSTAT_RAW/MANUAL__016__alatyr__wordstat-91384b79-6f27-47f4-b6b6-969d3bea3f28.txt,DURABLE_PROVIDER_OBSERVATIONS_ACCEPTED_IN_STEP03A,RAW_PROVIDER_SCOPE_REFERENCED_BY_ACCEPTED_NORMALIZATION_LEDGER,RELATED_BUT_INSUFFICIENT,INFORMS_NEW_NARROWER_SEED_BUT_DOES_NOT_CLOSE_QUESTION,Related evidence only; broad/adjacent scope is not used to close the narrower question.,false,Candidate state=PROVIDER_REQUIRED_PRECISION_VALIDATION; exact raw locator retained; no provider replay performed.
S08R00167,S07C001276,PRIOR_BROAD_TOPIC_WORDSTAT_SCOPE,STEP03,S023|wordstat-91384b79-6f27-47f4-b6b6-969d3bea3f28,Алатырь,STEP_03_WORDSTAT_RAW/MANUAL__016__alatyr__wordstat-91384b79-6f27-47f4-b6b6-969d3bea3f28.txt,DURABLE_PROVIDER_OBSERVATIONS_ACCEPTED_IN_STEP03A,RAW_PROVIDER_SCOPE_REFERENCED_BY_ACCEPTED_NORMALIZATION_LEDGER,RELATED_BUT_INSUFFICIENT,INFORMS_NEW_NARROWER_SEED_BUT_DOES_NOT_CLOSE_QUESTION,Related evidence only; broad/adjacent scope is not used to close the narrower question.,false,Candidate state=PROVIDER_REQUIRED_PRECISION_VALIDATION; exact raw locator retained; no provider replay performed.
S08R00168,S07C001277,PRIOR_QUALIFIED_PRODUCT_WORDSTAT_SCOPE,STEP03,Q007|wordstat-0a074fb9-865b-4c66-a0d2-685e2a2b2475,(амулет|оберег|талисман) Велес,STEP_03_WORDSTAT_RAW/MANUAL__055__wordstat-0a074fb9-865b-4c66-a0d2-685e2a2b2475.raw.txt,DURABLE_PROVIDER_OBSERVATIONS_ACCEPTED_IN_STEP03A,RAW_PROVIDER_SCOPE_REFERENCED_BY_ACCEPTED_NORMALIZATION_LEDGER,QUALIFIED_QUESTION_ANSWERED,CLOSES_CURRENT_PRE_ACQUISITION_QUESTION_WITHOUT_NEW_CALL,"Bounded current discovery evidence only; not final relevance, intent, cluster, page or permanent demand truth.",false,Candidate state=REUSE_EXISTING_EVIDENCE; exact raw locator retained; no provider replay performed.
S08R00169,S07C001281,PRIOR_BROAD_TOPIC_WORDSTAT_SCOPE,STEP03,S042|wordstat-b4da4974-0d97-46d1-98a9-be191091eaff,Звезда Лады,STEP_03_WORDSTAT_RAW/MANUAL__027__zvezda_lady__wordstat-b4da4974-0d97-46d1-98a9-be191091eaff.txt,DURABLE_PROVIDER_OBSERVATIONS_ACCEPTED_IN_STEP03A,RAW_PROVIDER_SCOPE_REFERENCED_BY_ACCEPTED_NORMALIZATION_LEDGER,RELATED_BUT_INSUFFICIENT,INFORMS_NEW_NARROWER_SEED_BUT_DOES_NOT_CLOSE_QUESTION,Related evidence only; broad/adjacent scope is not used to close the narrower question.,false,Candidate state=PROVIDER_REQUIRED_PRECISION_VALIDATION; exact raw locator retained; no provider replay performed.
S08R00170,S07C001282,PRIOR_BROAD_TOPIC_WORDSTAT_SCOPE,STEP03,S042|wordstat-b4da4974-0d97-46d1-98a9-be191091eaff,Звезда Лады,STEP_03_WORDSTAT_RAW/MANUAL__027__zvezda_lady__wordstat-b4da4974-0d97-46d1-98a9-be191091eaff.txt,DURABLE_PROVIDER_OBSERVATIONS_ACCEPTED_IN_STEP03A,RAW_PROVIDER_SCOPE_REFERENCED_BY_ACCEPTED_NORMALIZATION_LEDGER,RELATED_BUT_INSUFFICIENT,INFORMS_NEW_NARROWER_SEED_BUT_DOES_NOT_CLOSE_QUESTION,Related evidence only; broad/adjacent scope is not used to close the narrower question.,false,Candidate state=PROVIDER_REQUIRED_PRECISION_VALIDATION; exact raw locator retained; no provider replay performed.
S08R00171,S07C001283,PRIOR_BROAD_TOPIC_WORDSTAT_SCOPE,STEP03,S028|wordstat-94f56ea5-fc2a-4e06-bac3-b6363bf49e88,Знич,STEP_03_WORDSTAT_RAW/MANUAL__021__znich__wordstat-94f56ea5-fc2a-4e06-bac3-b6363bf49e88.txt,DURABLE_PROVIDER_OBSERVATIONS_ACCEPTED_IN_STEP03A,RAW_PROVIDER_SCOPE_REFERENCED_BY_ACCEPTED_NORMALIZATION_LEDGER,RELATED_BUT_INSUFFICIENT,INFORMS_NEW_NARROWER_SEED_BUT_DOES_NOT_CLOSE_QUESTION,Related evidence only; broad/adjacent scope is not used to close the narrower question.,false,Candidate state=PROVIDER_REQUIRED_PRECISION_VALIDATION; exact raw locator retained; no provider replay performed.
S08R00172,S07C001284,PRIOR_BROAD_TOPIC_WORDSTAT_SCOPE,STEP03,S054|wordstat-41388da3-fc8c-4c8d-bb8d-2ed3055d877d,Крест Сварога,STEP_03_WORDSTAT_RAW/RECOVERY_REQUERY__033__wordstat-41388da3-fc8c-4c8d-bb8d-2ed3055d877d.raw.txt,DURABLE_PROVIDER_OBSERVATIONS_ACCEPTED_IN_STEP03A,RAW_PROVIDER_SCOPE_REFERENCED_BY_ACCEPTED_NORMALIZATION_LEDGER,RELATED_BUT_INSUFFICIENT,INFORMS_NEW_NARROWER_SEED_BUT_DOES_NOT_CLOSE_QUESTION,Related evidence only; broad/adjacent scope is not used to close the narrower question.,false,Candidate state=PROVIDER_REQUIRED_PRECISION_VALIDATION; exact raw locator retained; no provider replay performed.
S08R00173,S07C001292,PRIOR_BROAD_TOPIC_WORDSTAT_SCOPE,STEP03,S026|wordstat-25888e0f-3658-4d2c-9749-95cc54bd5abd,Молвинец,STEP_03_WORDSTAT_RAW/MANUAL__019__molvinets__wordstat-25888e0f-3658-4d2c-9749-95cc54bd5abd.txt,DURABLE_PROVIDER_OBSERVATIONS_ACCEPTED_IN_STEP03A,RAW_PROVIDER_SCOPE_REFERENCED_BY_ACCEPTED_NORMALIZATION_LEDGER,RELATED_BUT_INSUFFICIENT,INFORMS_NEW_NARROWER_SEED_BUT_DOES_NOT_CLOSE_QUESTION,Related evidence only; broad/adjacent scope is not used to close the narrower question.,false,Candidate state=PROVIDER_REQUIRED_PRECISION_VALIDATION; exact raw locator retained; no provider replay performed.
S08R00174,S07C001294,PRIOR_QUALIFIED_PRODUCT_WORDSTAT_SCOPE,STEP03,Q007|wordstat-0a074fb9-865b-4c66-a0d2-685e2a2b2475,(амулет|оберег|талисман) Велес,STEP_03_WORDSTAT_RAW/MANUAL__055__wordstat-0a074fb9-865b-4c66-a0d2-685e2a2b2475.raw.txt,DURABLE_PROVIDER_OBSERVATIONS_ACCEPTED_IN_STEP03A,RAW_PROVIDER_SCOPE_REFERENCED_BY_ACCEPTED_NORMALIZATION_LEDGER,QUALIFIED_QUESTION_ANSWERED,CLOSES_CURRENT_PRE_ACQUISITION_QUESTION_WITHOUT_NEW_CALL,"Bounded current discovery evidence only; not final relevance, intent, cluster, page or permanent demand truth.",false,Candidate state=REUSE_EXISTING_EVIDENCE; exact raw locator retained; no provider replay performed.
S08R00175,S07C001297,PRIOR_BROAD_TOPIC_WORDSTAT_SCOPE,STEP03,S039|wordstat-5973135c-884a-4de0-8e4d-6c5c4378ab2c,Семаргл,STEP_03_WORDSTAT_RAW/MANUAL__026__semargl__wordstat-5973135c-884a-4de0-8e4d-6c5c4378ab2c.txt,DURABLE_PROVIDER_OBSERVATIONS_ACCEPTED_IN_STEP03A,RAW_PROVIDER_SCOPE_REFERENCED_BY_ACCEPTED_NORMALIZATION_LEDGER,RELATED_BUT_INSUFFICIENT,INFORMS_NEW_NARROWER_SEED_BUT_DOES_NOT_CLOSE_QUESTION,Related evidence only; broad/adjacent scope is not used to close the narrower question.,false,Candidate state=PROVIDER_REQUIRED_PRECISION_VALIDATION; exact raw locator retained; no provider replay performed.
S08R00176,S07C001298,PRIOR_QUALIFIED_PRODUCT_WORDSTAT_SCOPE,STEP03,Q007|wordstat-0a074fb9-865b-4c66-a0d2-685e2a2b2475,(амулет|оберег|талисман) Велес,STEP_03_WORDSTAT_RAW/MANUAL__055__wordstat-0a074fb9-865b-4c66-a0d2-685e2a2b2475.raw.txt,DURABLE_PROVIDER_OBSERVATIONS_ACCEPTED_IN_STEP03A,RAW_PROVIDER_SCOPE_REFERENCED_BY_ACCEPTED_NORMALIZATION_LEDGER,QUALIFIED_QUESTION_ANSWERED,CLOSES_CURRENT_PRE_ACQUISITION_QUESTION_WITHOUT_NEW_CALL,"Bounded current discovery evidence only; not final relevance, intent, cluster, page or permanent demand truth.",false,Candidate state=REUSE_EXISTING_EVIDENCE; exact raw locator retained; no provider replay performed.
S08R00177,S07C001299,PRIOR_QUALIFIED_PRODUCT_WORDSTAT_SCOPE,STEP03,Q012|wordstat-cc0d14a2-c9b8-45d7-9911-e557028540d6,(амулет|оберег|талисман) Перун,STEP_03_WORDSTAT_RAW/MANUAL__060__wordstat-cc0d14a2-c9b8-45d7-9911-e557028540d6.raw.txt,DURABLE_PROVIDER_OBSERVATIONS_ACCEPTED_IN_STEP03A,RAW_PROVIDER_SCOPE_REFERENCED_BY_ACCEPTED_NORMALIZATION_LEDGER,RELATED_BUT_INSUFFICIENT,INFORMS_NEW_NARROWER_SEED_BUT_DOES_NOT_CLOSE_QUESTION,Related evidence only; broad/adjacent scope is not used to close the narrower question.,false,Candidate state=PROVIDER_REQUIRED_PRECISION_VALIDATION; exact raw locator retained; no provider replay performed.
S08R00178,S07C001304,PRIOR_BROAD_TOPIC_WORDSTAT_SCOPE,STEP03,S023|wordstat-91384b79-6f27-47f4-b6b6-969d3bea3f28,Алатырь,STEP_03_WORDSTAT_RAW/MANUAL__016__alatyr__wordstat-91384b79-6f27-47f4-b6b6-969d3bea3f28.txt,DURABLE_PROVIDER_OBSERVATIONS_ACCEPTED_IN_STEP03A,RAW_PROVIDER_SCOPE_REFERENCED_BY_ACCEPTED_NORMALIZATION_LEDGER,RELATED_BUT_INSUFFICIENT,INFORMS_NEW_NARROWER_SEED_BUT_DOES_NOT_CLOSE_QUESTION,Related evidence only; broad/adjacent scope is not used to close the narrower question.,false,Candidate state=PROVIDER_REQUIRED_PRECISION_VALIDATION; exact raw locator retained; no provider replay performed.
S08R00179,S07C001305,PRIOR_BROAD_TOPIC_WORDSTAT_SCOPE,STEP03,S023|wordstat-91384b79-6f27-47f4-b6b6-969d3bea3f28,Алатырь,STEP_03_WORDSTAT_RAW/MANUAL__016__alatyr__wordstat-91384b79-6f27-47f4-b6b6-969d3bea3f28.txt,DURABLE_PROVIDER_OBSERVATIONS_ACCEPTED_IN_STEP03A,RAW_PROVIDER_SCOPE_REFERENCED_BY_ACCEPTED_NORMALIZATION_LEDGER,RELATED_BUT_INSUFFICIENT,INFORMS_NEW_NARROWER_SEED_BUT_DOES_NOT_CLOSE_QUESTION,Related evidence only; broad/adjacent scope is not used to close the narrower question.,false,Candidate state=PROVIDER_REQUIRED_PRECISION_VALIDATION; exact raw locator retained; no provider replay performed.
S08R00180,S07C001306,PRIOR_BROAD_TOPIC_WORDSTAT_SCOPE,STEP03,S023|wordstat-91384b79-6f27-47f4-b6b6-969d3bea3f28,Алатырь,STEP_03_WORDSTAT_RAW/MANUAL__016__alatyr__wordstat-91384b79-6f27-47f4-b6b6-969d3bea3f28.txt,DURABLE_PROVIDER_OBSERVATIONS_ACCEPTED_IN_STEP03A,RAW_PROVIDER_SCOPE_REFERENCED_BY_ACCEPTED_NORMALIZATION_LEDGER,RELATED_BUT_INSUFFICIENT,INFORMS_NEW_NARROWER_SEED_BUT_DOES_NOT_CLOSE_QUESTION,Related evidence only; broad/adjacent scope is not used to close the narrower question.,false,Candidate state=PROVIDER_REQUIRED_PRECISION_VALIDATION; exact raw locator retained; no provider replay performed.
S08R00181,S07C001307,PRIOR_BROAD_TOPIC_WORDSTAT_SCOPE,STEP03,S023|wordstat-91384b79-6f27-47f4-b6b6-969d3bea3f28,Алатырь,STEP_03_WORDSTAT_RAW/MANUAL__016__alatyr__wordstat-91384b79-6f27-47f4-b6b6-969d3bea3f28.txt,DURABLE_PROVIDER_OBSERVATIONS_ACCEPTED_IN_STEP03A,RAW_PROVIDER_SCOPE_REFERENCED_BY_ACCEPTED_NORMALIZATION_LEDGER,RELATED_BUT_INSUFFICIENT,INFORMS_NEW_NARROWER_SEED_BUT_DOES_NOT_CLOSE_QUESTION,Related evidence only; broad/adjacent scope is not used to close the narrower question.,false,Candidate state=PROVIDER_REQUIRED_PRECISION_VALIDATION; exact raw locator retained; no provider replay performed.
S08R00182,S07C001308,PRIOR_BROAD_TOPIC_WORDSTAT_SCOPE,STEP03,S023|wordstat-91384b79-6f27-47f4-b6b6-969d3bea3f28,Алатырь,STEP_03_WORDSTAT_RAW/MANUAL__016__alatyr__wordstat-91384b79-6f27-47f4-b6b6-969d3bea3f28.txt,DURABLE_PROVIDER_OBSERVATIONS_ACCEPTED_IN_STEP03A,RAW_PROVIDER_SCOPE_REFERENCED_BY_ACCEPTED_NORMALIZATION_LEDGER,RELATED_BUT_INSUFFICIENT,INFORMS_NEW_NARROWER_SEED_BUT_DOES_NOT_CLOSE_QUESTION,Related evidence only; broad/adjacent scope is not used to close the narrower question.,false,Candidate state=PROVIDER_REQUIRED_PRECISION_VALIDATION; exact raw locator retained; no provider replay performed.
S08R00183,S07C001309,PRIOR_BROAD_TOPIC_WORDSTAT_SCOPE,STEP03,S023|wordstat-91384b79-6f27-47f4-b6b6-969d3bea3f28,Алатырь,STEP_03_WORDSTAT_RAW/MANUAL__016__alatyr__wordstat-91384b79-6f27-47f4-b6b6-969d3bea3f28.txt,DURABLE_PROVIDER_OBSERVATIONS_ACCEPTED_IN_STEP03A,RAW_PROVIDER_SCOPE_REFERENCED_BY_ACCEPTED_NORMALIZATION_LEDGER,RELATED_BUT_INSUFFICIENT,INFORMS_NEW_NARROWER_SEED_BUT_DOES_NOT_CLOSE_QUESTION,Related evidence only; broad/adjacent scope is not used to close the narrower question.,false,Candidate state=PROVIDER_REQUIRED_PRECISION_VALIDATION; exact raw locator retained; no provider replay performed.
S08R00184,S07C001310,PRIOR_BROAD_TOPIC_WORDSTAT_SCOPE,STEP03,S019|wordstat-0f49c7f5-bf26-4961-be46-a46f6608b1f1,Белобог,STEP_03_WORDSTAT_RAW/MANUAL__013__belobog__wordstat-0f49c7f5-bf26-4961-be46-a46f6608b1f1.txt,DURABLE_PROVIDER_OBSERVATIONS_ACCEPTED_IN_STEP03A,RAW_PROVIDER_SCOPE_REFERENCED_BY_ACCEPTED_NORMALIZATION_LEDGER,RELATED_BUT_INSUFFICIENT,INFORMS_NEW_NARROWER_SEED_BUT_DOES_NOT_CLOSE_QUESTION,Related evidence only; broad/adjacent scope is not used to close the narrower question.,false,Candidate state=PROVIDER_REQUIRED_PRECISION_VALIDATION; exact raw locator retained; no provider replay performed.
S08R00185,S07C001315,PRIOR_QUALIFIED_PRODUCT_WORDSTAT_SCOPE,STEP03,Q007|wordstat-0a074fb9-865b-4c66-a0d2-685e2a2b2475,(амулет|оберег|талисман) Велес,STEP_03_WORDSTAT_RAW/MANUAL__055__wordstat-0a074fb9-865b-4c66-a0d2-685e2a2b2475.raw.txt,DURABLE_PROVIDER_OBSERVATIONS_ACCEPTED_IN_STEP03A,RAW_PROVIDER_SCOPE_REFERENCED_BY_ACCEPTED_NORMALIZATION_LEDGER,QUALIFIED_QUESTION_ANSWERED,CLOSES_CURRENT_PRE_ACQUISITION_QUESTION_WITHOUT_NEW_CALL,"Bounded current discovery evidence only; not final relevance, intent, cluster, page or permanent demand truth.",false,Candidate state=REUSE_EXISTING_EVIDENCE; exact raw locator retained; no provider replay performed.
S08R00186,S07C001316,PRIOR_QUALIFIED_PRODUCT_WORDSTAT_SCOPE,STEP03,Q007|wordstat-0a074fb9-865b-4c66-a0d2-685e2a2b2475,(амулет|оберег|талисман) Велес,STEP_03_WORDSTAT_RAW/MANUAL__055__wordstat-0a074fb9-865b-4c66-a0d2-685e2a2b2475.raw.txt,DURABLE_PROVIDER_OBSERVATIONS_ACCEPTED_IN_STEP03A,RAW_PROVIDER_SCOPE_REFERENCED_BY_ACCEPTED_NORMALIZATION_LEDGER,QUALIFIED_QUESTION_ANSWERED,CLOSES_CURRENT_PRE_ACQUISITION_QUESTION_WITHOUT_NEW_CALL,"Bounded current discovery evidence only; not final relevance, intent, cluster, page or permanent demand truth.",false,Candidate state=REUSE_EXISTING_EVIDENCE; exact raw locator retained; no provider replay performed.
S08R00187,S07C001318,PRIOR_BROAD_TOPIC_WORDSTAT_SCOPE,STEP03,S029|wordstat-cb0b6dee-7f12-4daf-8feb-3938461b8d3a,Громовик,STEP_03_WORDSTAT_RAW/MANUAL__022__gromovik__wordstat-cb0b6dee-7f12-4daf-8feb-3938461b8d3a.txt,DURABLE_PROVIDER_OBSERVATIONS_ACCEPTED_IN_STEP03A,RAW_PROVIDER_SCOPE_REFERENCED_BY_ACCEPTED_NORMALIZATION_LEDGER,RELATED_BUT_INSUFFICIENT,INFORMS_NEW_NARROWER_SEED_BUT_DOES_NOT_CLOSE_QUESTION,Related evidence only; broad/adjacent scope is not used to close the narrower question.,false,Candidate state=PROVIDER_REQUIRED_PRECISION_VALIDATION; exact raw locator retained; no provider replay performed.
S08R00188,S07C001319,PRIOR_BROAD_TOPIC_WORDSTAT_SCOPE,STEP03,S042|wordstat-b4da4974-0d97-46d1-98a9-be191091eaff,Звезда Лады,STEP_03_WORDSTAT_RAW/MANUAL__027__zvezda_lady__wordstat-b4da4974-0d97-46d1-98a9-be191091eaff.txt,DURABLE_PROVIDER_OBSERVATIONS_ACCEPTED_IN_STEP03A,RAW_PROVIDER_SCOPE_REFERENCED_BY_ACCEPTED_NORMALIZATION_LEDGER,RELATED_BUT_INSUFFICIENT,INFORMS_NEW_NARROWER_SEED_BUT_DOES_NOT_CLOSE_QUESTION,Related evidence only; broad/adjacent scope is not used to close the narrower question.,false,Candidate state=PROVIDER_REQUIRED_PRECISION_VALIDATION; exact raw locator retained; no provider replay performed.
S08R00189,S07C001320,PRIOR_BROAD_TOPIC_WORDSTAT_SCOPE,STEP03,S042|wordstat-b4da4974-0d97-46d1-98a9-be191091eaff,Звезда Лады,STEP_03_WORDSTAT_RAW/MANUAL__027__zvezda_lady__wordstat-b4da4974-0d97-46d1-98a9-be191091eaff.txt,DURABLE_PROVIDER_OBSERVATIONS_ACCEPTED_IN_STEP03A,RAW_PROVIDER_SCOPE_REFERENCED_BY_ACCEPTED_NORMALIZATION_LEDGER,RELATED_BUT_INSUFFICIENT,INFORMS_NEW_NARROWER_SEED_BUT_DOES_NOT_CLOSE_QUESTION,Related evidence only; broad/adjacent scope is not used to close the narrower question.,false,Candidate state=PROVIDER_REQUIRED_PRECISION_VALIDATION; exact raw locator retained; no provider replay performed.
S08R00190,S07C001324,PRIOR_QUALIFIED_PRODUCT_WORDSTAT_SCOPE,STEP03,Q007|wordstat-0a074fb9-865b-4c66-a0d2-685e2a2b2475,(амулет|оберег|талисман) Велес,STEP_03_WORDSTAT_RAW/MANUAL__055__wordstat-0a074fb9-865b-4c66-a0d2-685e2a2b2475.raw.txt,DURABLE_PROVIDER_OBSERVATIONS_ACCEPTED_IN_STEP03A,RAW_PROVIDER_SCOPE_REFERENCED_BY_ACCEPTED_NORMALIZATION_LEDGER,QUALIFIED_QUESTION_ANSWERED,CLOSES_CURRENT_PRE_ACQUISITION_QUESTION_WITHOUT_NEW_CALL,"Bounded current discovery evidence only; not final relevance, intent, cluster, page or permanent demand truth.",false,Candidate state=REUSE_EXISTING_EVIDENCE; exact raw locator retained; no provider replay performed.
S08R00191,S07C001327,PRIOR_BROAD_TOPIC_WORDSTAT_SCOPE,STEP03,S027|wordstat-d2fd9009-5e7e-4c05-a4ac-ebe9b0a3bd7a,Колядник,STEP_03_WORDSTAT_RAW/MANUAL__020__kolyadnik__wordstat-d2fd9009-5e7e-4c05-a4ac-ebe9b0a3bd7a.txt,DURABLE_PROVIDER_OBSERVATIONS_ACCEPTED_IN_STEP03A,RAW_PROVIDER_SCOPE_REFERENCED_BY_ACCEPTED_NORMALIZATION_LEDGER,RELATED_BUT_INSUFFICIENT,INFORMS_NEW_NARROWER_SEED_BUT_DOES_NOT_CLOSE_QUESTION,Related evidence only; broad/adjacent scope is not used to close the narrower question.,false,Candidate state=PROVIDER_REQUIRED_PRECISION_VALIDATION; exact raw locator retained; no provider replay performed.
S08R00192,S07C001329,PRIOR_QUALIFIED_PRODUCT_WORDSTAT_SCOPE,STEP03,Q007|wordstat-0a074fb9-865b-4c66-a0d2-685e2a2b2475,(амулет|оберег|талисман) Велес,STEP_03_WORDSTAT_RAW/MANUAL__055__wordstat-0a074fb9-865b-4c66-a0d2-685e2a2b2475.raw.txt,DURABLE_PROVIDER_OBSERVATIONS_ACCEPTED_IN_STEP03A,RAW_PROVIDER_SCOPE_REFERENCED_BY_ACCEPTED_NORMALIZATION_LEDGER,QUALIFIED_QUESTION_ANSWERED,CLOSES_CURRENT_PRE_ACQUISITION_QUESTION_WITHOUT_NEW_CALL,"Bounded current discovery evidence only; not final relevance, intent, cluster, page or permanent demand truth.",false,Candidate state=REUSE_EXISTING_EVIDENCE; exact raw locator retained; no provider replay performed.
S08R00193,S07C001330,PRIOR_QUALIFIED_PRODUCT_WORDSTAT_SCOPE,STEP03,Q004|wordstat-b14cbc4e-5c95-4056-b557-0d30392510fe,(амулет|оберег|талисман) Древо Жизни,STEP_03_WORDSTAT_RAW/MANUAL__052__wordstat-b14cbc4e-5c95-4056-b557-0d30392510fe.raw.txt,DURABLE_PROVIDER_OBSERVATIONS_ACCEPTED_IN_STEP03A,RAW_PROVIDER_SCOPE_REFERENCED_BY_ACCEPTED_NORMALIZATION_LEDGER,QUALIFIED_QUESTION_ANSWERED,CLOSES_CURRENT_PRE_ACQUISITION_QUESTION_WITHOUT_NEW_CALL,"Bounded current discovery evidence only; not final relevance, intent, cluster, page or permanent demand truth.",false,Candidate state=REUSE_EXISTING_EVIDENCE; exact raw locator retained; no provider replay performed.
S08R00194,S07C001331,PRIOR_BROAD_TOPIC_WORDSTAT_SCOPE,STEP03,S026|wordstat-25888e0f-3658-4d2c-9749-95cc54bd5abd,Молвинец,STEP_03_WORDSTAT_RAW/MANUAL__019__molvinets__wordstat-25888e0f-3658-4d2c-9749-95cc54bd5abd.txt,DURABLE_PROVIDER_OBSERVATIONS_ACCEPTED_IN_STEP03A,RAW_PROVIDER_SCOPE_REFERENCED_BY_ACCEPTED_NORMALIZATION_LEDGER,RELATED_BUT_INSUFFICIENT,INFORMS_NEW_NARROWER_SEED_BUT_DOES_NOT_CLOSE_QUESTION,Related evidence only; broad/adjacent scope is not used to close the narrower question.,false,Candidate state=PROVIDER_REQUIRED_PRECISION_VALIDATION; exact raw locator retained; no provider replay performed.
S08R00195,S07C001332,PRIOR_BROAD_TOPIC_WORDSTAT_SCOPE,STEP03,S026|wordstat-25888e0f-3658-4d2c-9749-95cc54bd5abd,Молвинец,STEP_03_WORDSTAT_RAW/MANUAL__019__molvinets__wordstat-25888e0f-3658-4d2c-9749-95cc54bd5abd.txt,DURABLE_PROVIDER_OBSERVATIONS_ACCEPTED_IN_STEP03A,RAW_PROVIDER_SCOPE_REFERENCED_BY_ACCEPTED_NORMALIZATION_LEDGER,RELATED_BUT_INSUFFICIENT,INFORMS_NEW_NARROWER_SEED_BUT_DOES_NOT_CLOSE_QUESTION,Related evidence only; broad/adjacent scope is not used to close the narrower question.,false,Candidate state=PROVIDER_REQUIRED_PRECISION_VALIDATION; exact raw locator retained; no provider replay performed.
S08R00196,S07C001333,PRIOR_BROAD_TOPIC_WORDSTAT_SCOPE,STEP03,S026|wordstat-25888e0f-3658-4d2c-9749-95cc54bd5abd,Молвинец,STEP_03_WORDSTAT_RAW/MANUAL__019__molvinets__wordstat-25888e0f-3658-4d2c-9749-95cc54bd5abd.txt,DURABLE_PROVIDER_OBSERVATIONS_ACCEPTED_IN_STEP03A,RAW_PROVIDER_SCOPE_REFERENCED_BY_ACCEPTED_NORMALIZATION_LEDGER,RELATED_BUT_INSUFFICIENT,INFORMS_NEW_NARROWER_SEED_BUT_DOES_NOT_CLOSE_QUESTION,Related evidence only; broad/adjacent scope is not used to close the narrower question.,false,Candidate state=PROVIDER_REQUIRED_PRECISION_VALIDATION; exact raw locator retained; no provider replay performed.
S08R00197,S07C001337,PRIOR_QUALIFIED_PRODUCT_WORDSTAT_SCOPE,STEP03,Q007|wordstat-0a074fb9-865b-4c66-a0d2-685e2a2b2475,(амулет|оберег|талисман) Велес,STEP_03_WORDSTAT_RAW/MANUAL__055__wordstat-0a074fb9-865b-4c66-a0d2-685e2a2b2475.raw.txt,DURABLE_PROVIDER_OBSERVATIONS_ACCEPTED_IN_STEP03A,RAW_PROVIDER_SCOPE_REFERENCED_BY_ACCEPTED_NORMALIZATION_LEDGER,QUALIFIED_QUESTION_ANSWERED,CLOSES_CURRENT_PRE_ACQUISITION_QUESTION_WITHOUT_NEW_CALL,"Bounded current discovery evidence only; not final relevance, intent, cluster, page or permanent demand truth.",false,Candidate state=REUSE_EXISTING_EVIDENCE; exact raw locator retained; no provider replay performed.
S08R00198,S07C001338,PRIOR_BROAD_TOPIC_WORDSTAT_SCOPE,STEP03,S025|wordstat-1991e587-995c-41d1-ad18-4b9554eb44ef,Ратиборец,STEP_03_WORDSTAT_RAW/MANUAL__018__ratiborets__wordstat-1991e587-995c-41d1-ad18-4b9554eb44ef.txt,DURABLE_PROVIDER_OBSERVATIONS_ACCEPTED_IN_STEP03A,RAW_PROVIDER_SCOPE_REFERENCED_BY_ACCEPTED_NORMALIZATION_LEDGER,RELATED_BUT_INSUFFICIENT,INFORMS_NEW_NARROWER_SEED_BUT_DOES_NOT_CLOSE_QUESTION,Related evidence only; broad/adjacent scope is not used to close the narrower question.,false,Candidate state=PROVIDER_REQUIRED_PRECISION_VALIDATION; exact raw locator retained; no provider replay performed.
S08R00199,S07C001339,PRIOR_BROAD_TOPIC_WORDSTAT_SCOPE,STEP03,S031|wordstat-43aed528-8abb-42c7-9fb4-775d40f3326f,Боговник,STEP_03_WORDSTAT_RAW/MANUAL__024__bogovnik__wordstat-43aed528-8abb-42c7-9fb4-775d40f3326f.txt,DURABLE_PROVIDER_OBSERVATIONS_ACCEPTED_IN_STEP03A,RAW_PROVIDER_SCOPE_REFERENCED_BY_ACCEPTED_NORMALIZATION_LEDGER,RELATED_BUT_INSUFFICIENT,INFORMS_NEW_NARROWER_SEED_BUT_DOES_NOT_CLOSE_QUESTION,Related evidence only; broad/adjacent scope is not used to close the narrower question.,false,Candidate state=PROVIDER_REQUIRED_PRECISION_VALIDATION; exact raw locator retained; no provider replay performed.
S08R00200,S07C001345,PRIOR_BROAD_TOPIC_WORDSTAT_SCOPE,STEP03,S024|wordstat-9158d115-973a-4276-9eaf-31ed174e40ee,Триглав,STEP_03_WORDSTAT_RAW/MANUAL__017__triglav__wordstat-9158d115-973a-4276-9eaf-31ed174e40ee.txt,DURABLE_PROVIDER_OBSERVATIONS_ACCEPTED_IN_STEP03A,RAW_PROVIDER_SCOPE_REFERENCED_BY_ACCEPTED_NORMALIZATION_LEDGER,RELATED_BUT_INSUFFICIENT,INFORMS_NEW_NARROWER_SEED_BUT_DOES_NOT_CLOSE_QUESTION,Related evidence only; broad/adjacent scope is not used to close the narrower question.,false,Candidate state=PROVIDER_REQUIRED_PRECISION_VALIDATION; exact raw locator retained; no provider replay performed.
S08R00201,S07C001354,PRIOR_QUALIFIED_PRODUCT_WORDSTAT_SCOPE,STEP03,Q004|wordstat-b14cbc4e-5c95-4056-b557-0d30392510fe,(амулет|оберег|талисман) Древо Жизни,STEP_03_WORDSTAT_RAW/MANUAL__052__wordstat-b14cbc4e-5c95-4056-b557-0d30392510fe.raw.txt,DURABLE_PROVIDER_OBSERVATIONS_ACCEPTED_IN_STEP03A,RAW_PROVIDER_SCOPE_REFERENCED_BY_ACCEPTED_NORMALIZATION_LEDGER,RELATED_BUT_INSUFFICIENT,INFORMS_NEW_NARROWER_SEED_BUT_DOES_NOT_CLOSE_QUESTION,Related evidence only; broad/adjacent scope is not used to close the narrower question.,false,Candidate state=PROVIDER_REQUIRED_PRECISION_VALIDATION; exact raw locator retained; no provider replay performed.
S08R00202,S07C001355,PRIOR_QUALIFIED_PRODUCT_WORDSTAT_SCOPE,STEP03,Q017|wordstat-e18ad053-f536-4841-a47a-e0ec01db5c96,(амулет|оберег|талисман) Чур,STEP_03_WORDSTAT_RAW/MANUAL__065__wordstat-e18ad053-f536-4841-a47a-e0ec01db5c96.raw.txt,DURABLE_PROVIDER_OBSERVATIONS_ACCEPTED_IN_STEP03A,RAW_PROVIDER_SCOPE_REFERENCED_BY_ACCEPTED_NORMALIZATION_LEDGER,QUALIFIED_QUESTION_ANSWERED,CLOSES_CURRENT_PRE_ACQUISITION_QUESTION_WITHOUT_NEW_CALL,"Bounded current discovery evidence only; not final relevance, intent, cluster, page or permanent demand truth.",false,Candidate state=REUSE_EXISTING_EVIDENCE; exact raw locator retained; no provider replay performed.
S08R00203,S07C001358,PRIOR_QUALIFIED_PRODUCT_WORDSTAT_SCOPE,STEP03,Q015|wordstat-265d1531-79b3-48dd-a441-ecb5599da3ff,(амулет|оберег|талисман) Мара,STEP_03_WORDSTAT_RAW/MANUAL__063__wordstat-265d1531-79b3-48dd-a441-ecb5599da3ff.raw.txt,DURABLE_PROVIDER_OBSERVATIONS_ACCEPTED_IN_STEP03A,RAW_PROVIDER_SCOPE_REFERENCED_BY_ACCEPTED_NORMALIZATION_LEDGER,QUALIFIED_QUESTION_ANSWERED,CLOSES_CURRENT_PRE_ACQUISITION_QUESTION_WITHOUT_NEW_CALL,"Bounded current discovery evidence only; not final relevance, intent, cluster, page or permanent demand truth.",false,Candidate state=REUSE_EXISTING_EVIDENCE; exact raw locator retained; no provider replay performed.
S08R00204,S07C001359,PRIOR_QUALIFIED_PRODUCT_WORDSTAT_SCOPE,STEP03,Q007|wordstat-0a074fb9-865b-4c66-a0d2-685e2a2b2475,(амулет|оберег|талисман) Велес,STEP_03_WORDSTAT_RAW/MANUAL__055__wordstat-0a074fb9-865b-4c66-a0d2-685e2a2b2475.raw.txt,DURABLE_PROVIDER_OBSERVATIONS_ACCEPTED_IN_STEP03A,RAW_PROVIDER_SCOPE_REFERENCED_BY_ACCEPTED_NORMALIZATION_LEDGER,QUALIFIED_QUESTION_ANSWERED,CLOSES_CURRENT_PRE_ACQUISITION_QUESTION_WITHOUT_NEW_CALL,"Bounded current discovery evidence only; not final relevance, intent, cluster, page or permanent demand truth.",false,Candidate state=REUSE_EXISTING_EVIDENCE; exact raw locator retained; no provider replay performed.
S08R00205,S07C001362,PRIOR_QUALIFIED_PRODUCT_WORDSTAT_SCOPE,STEP03,Q017|wordstat-e18ad053-f536-4841-a47a-e0ec01db5c96,(амулет|оберег|талисман) Чур,STEP_03_WORDSTAT_RAW/MANUAL__065__wordstat-e18ad053-f536-4841-a47a-e0ec01db5c96.raw.txt,DURABLE_PROVIDER_OBSERVATIONS_ACCEPTED_IN_STEP03A,RAW_PROVIDER_SCOPE_REFERENCED_BY_ACCEPTED_NORMALIZATION_LEDGER,QUALIFIED_QUESTION_ANSWERED,CLOSES_CURRENT_PRE_ACQUISITION_QUESTION_WITHOUT_NEW_CALL,"Bounded current discovery evidence only; not final relevance, intent, cluster, page or permanent demand truth.",false,Candidate state=REUSE_EXISTING_EVIDENCE; exact raw locator retained; no provider replay performed.
S08R00206,S07C001515,PRIOR_QUALIFIED_PRODUCT_WORDSTAT_SCOPE,STEP03,Q006|wordstat-ebdf5e6b-935b-4aa6-8dd6-f5a3d0b3f5f0,(амулет|оберег|талисман) Инь и Ян,STEP_03_WORDSTAT_RAW/MANUAL__054__wordstat-ebdf5e6b-935b-4aa6-8dd6-f5a3d0b3f5f0.raw.txt,DURABLE_PROVIDER_OBSERVATIONS_ACCEPTED_IN_STEP03A,RAW_PROVIDER_SCOPE_REFERENCED_BY_ACCEPTED_NORMALIZATION_LEDGER,QUALIFIED_QUESTION_ANSWERED,CLOSES_CURRENT_PRE_ACQUISITION_QUESTION_WITHOUT_NEW_CALL,"Bounded current discovery evidence only; not final relevance, intent, cluster, page or permanent demand truth.",false,Candidate state=REUSE_EXISTING_EVIDENCE; exact raw locator retained; no provider replay performed.
S08R00207,S07C001516,PRIOR_BROAD_TOPIC_WORDSTAT_SCOPE,STEP03,S003|wordstat-7fa06c3d-a03c-4daa-a1ab-a33c7583d2e6,талисман,STEP_03_WORDSTAT_RAW/REQUERY_COMPRESSED/README_RECONSTRUCTION_2026-09-09.md#R002,DURABLE_PROVIDER_OBSERVATIONS_ACCEPTED_IN_STEP03A,RAW_PROVIDER_SCOPE_REFERENCED_BY_ACCEPTED_NORMALIZATION_LEDGER,RELATED_BUT_INSUFFICIENT,INFORMS_NEW_NARROWER_SEED_BUT_DOES_NOT_CLOSE_QUESTION,Related evidence only; broad/adjacent scope is not used to close the narrower question.,false,Candidate state=PROVIDER_REQUIRED_PRECISION_VALIDATION; exact raw locator retained; no provider replay performed.
S08R00208,S07C001517,PRIOR_BROAD_TOPIC_WORDSTAT_SCOPE,STEP03,S003|wordstat-7fa06c3d-a03c-4daa-a1ab-a33c7583d2e6,талисман,STEP_03_WORDSTAT_RAW/REQUERY_COMPRESSED/README_RECONSTRUCTION_2026-09-09.md#R002,DURABLE_PROVIDER_OBSERVATIONS_ACCEPTED_IN_STEP03A,RAW_PROVIDER_SCOPE_REFERENCED_BY_ACCEPTED_NORMALIZATION_LEDGER,RELATED_BUT_INSUFFICIENT,INFORMS_NEW_NARROWER_SEED_BUT_DOES_NOT_CLOSE_QUESTION,Related evidence only; broad/adjacent scope is not used to close the narrower question.,false,Candidate state=PROVIDER_REQUIRED_PRECISION_VALIDATION; exact raw locator retained; no provider replay performed.
S08R00209,S07C001522,PRIOR_BROAD_TOPIC_WORDSTAT_SCOPE,STEP03,S003|wordstat-7fa06c3d-a03c-4daa-a1ab-a33c7583d2e6,талисман,STEP_03_WORDSTAT_RAW/REQUERY_COMPRESSED/README_RECONSTRUCTION_2026-09-09.md#R002,DURABLE_PROVIDER_OBSERVATIONS_ACCEPTED_IN_STEP03A,RAW_PROVIDER_SCOPE_REFERENCED_BY_ACCEPTED_NORMALIZATION_LEDGER,RELATED_BUT_INSUFFICIENT,INFORMS_NEW_NARROWER_SEED_BUT_DOES_NOT_CLOSE_QUESTION,Related evidence only; broad/adjacent scope is not used to close the narrower question.,false,Candidate state=PROVIDER_REQUIRED_PRECISION_VALIDATION; exact raw locator retained; no provider replay performed.
S08R00210,S07C001529,PRIOR_BROAD_TOPIC_WORDSTAT_SCOPE,STEP03,S001|wordstat-86e7b86f-b118-4a08-b4bf-564b053de070,амулет,STEP_03_WORDSTAT_RAW/MANUAL__001_CURRENT_REQUERY__wordstat-86e7b86f-b118-4a08-b4bf-564b053de070.raw.txt,DURABLE_PROVIDER_OBSERVATIONS_ACCEPTED_IN_STEP03A,RAW_PROVIDER_SCOPE_REFERENCED_BY_ACCEPTED_NORMALIZATION_LEDGER,RELATED_BUT_INSUFFICIENT,INFORMS_NEW_NARROWER_SEED_BUT_DOES_NOT_CLOSE_QUESTION,Related evidence only; broad/adjacent scope is not used to close the narrower question.,false,Candidate state=PROVIDER_REQUIRED_PRECISION_VALIDATION; exact raw locator retained; no provider replay performed.
S08R00211,S07C001533,PRIOR_BROAD_TOPIC_WORDSTAT_SCOPE,STEP03,S001|wordstat-86e7b86f-b118-4a08-b4bf-564b053de070,амулет,STEP_03_WORDSTAT_RAW/MANUAL__001_CURRENT_REQUERY__wordstat-86e7b86f-b118-4a08-b4bf-564b053de070.raw.txt,DURABLE_PROVIDER_OBSERVATIONS_ACCEPTED_IN_STEP03A,RAW_PROVIDER_SCOPE_REFERENCED_BY_ACCEPTED_NORMALIZATION_LEDGER,RELATED_BUT_INSUFFICIENT,INFORMS_NEW_NARROWER_SEED_BUT_DOES_NOT_CLOSE_QUESTION,Related evidence only; broad/adjacent scope is not used to close the narrower question.,false,Candidate state=PROVIDER_REQUIRED_PRECISION_VALIDATION; exact raw locator retained; no provider replay performed.
S08R00212,S07C001535,PRIOR_BROAD_TOPIC_WORDSTAT_SCOPE,STEP03,S003|wordstat-7fa06c3d-a03c-4daa-a1ab-a33c7583d2e6,талисман,STEP_03_WORDSTAT_RAW/REQUERY_COMPRESSED/README_RECONSTRUCTION_2026-09-09.md#R002,DURABLE_PROVIDER_OBSERVATIONS_ACCEPTED_IN_STEP03A,RAW_PROVIDER_SCOPE_REFERENCED_BY_ACCEPTED_NORMALIZATION_LEDGER,RELATED_BUT_INSUFFICIENT,INFORMS_NEW_NARROWER_SEED_BUT_DOES_NOT_CLOSE_QUESTION,Related evidence only; broad/adjacent scope is not used to close the narrower question.,false,Candidate state=PROVIDER_REQUIRED_PRECISION_VALIDATION; exact raw locator retained; no provider replay performed.
S08R00213,S07C001536,PRIOR_BROAD_TOPIC_WORDSTAT_SCOPE,STEP03,S003|wordstat-7fa06c3d-a03c-4daa-a1ab-a33c7583d2e6,талисман,STEP_03_WORDSTAT_RAW/REQUERY_COMPRESSED/README_RECONSTRUCTION_2026-09-09.md#R002,DURABLE_PROVIDER_OBSERVATIONS_ACCEPTED_IN_STEP03A,RAW_PROVIDER_SCOPE_REFERENCED_BY_ACCEPTED_NORMALIZATION_LEDGER,RELATED_BUT_INSUFFICIENT,INFORMS_NEW_NARROWER_SEED_BUT_DOES_NOT_CLOSE_QUESTION,Related evidence only; broad/adjacent scope is not used to close the narrower question.,false,Candidate state=PROVIDER_REQUIRED_PRECISION_VALIDATION; exact raw locator retained; no provider replay performed.
S08R00214,S07C001538,PRIOR_BROAD_TOPIC_WORDSTAT_SCOPE,STEP03,S003|wordstat-7fa06c3d-a03c-4daa-a1ab-a33c7583d2e6,талисман,STEP_03_WORDSTAT_RAW/REQUERY_COMPRESSED/README_RECONSTRUCTION_2026-09-09.md#R002,DURABLE_PROVIDER_OBSERVATIONS_ACCEPTED_IN_STEP03A,RAW_PROVIDER_SCOPE_REFERENCED_BY_ACCEPTED_NORMALIZATION_LEDGER,RELATED_BUT_INSUFFICIENT,INFORMS_NEW_NARROWER_SEED_BUT_DOES_NOT_CLOSE_QUESTION,Related evidence only; broad/adjacent scope is not used to close the narrower question.,false,Candidate state=PROVIDER_REQUIRED_PRECISION_VALIDATION; exact raw locator retained; no provider replay performed.
S08R00215,S07C001540,PRIOR_BROAD_TOPIC_WORDSTAT_SCOPE,STEP03,S047|wordstat-22b30888-8690-4a51-b648-9b36acfc3e4e,Рунический компас,STEP_03_WORDSTAT_RAW/MANUAL__029__runicheskiy_kompas__wordstat-22b30888-8690-4a51-b648-9b36acfc3e4e.txt,DURABLE_PROVIDER_OBSERVATIONS_ACCEPTED_IN_STEP03A,RAW_PROVIDER_SCOPE_REFERENCED_BY_ACCEPTED_NORMALIZATION_LEDGER,RELATED_BUT_INSUFFICIENT,INFORMS_NEW_NARROWER_SEED_BUT_DOES_NOT_CLOSE_QUESTION,Related evidence only; broad/adjacent scope is not used to close the narrower question.,false,Candidate state=PROVIDER_REQUIRED_PRECISION_VALIDATION; exact raw locator retained; no provider replay performed.
S08R00216,S07C001542,PRIOR_BROAD_TOPIC_WORDSTAT_SCOPE,STEP03,S001|wordstat-86e7b86f-b118-4a08-b4bf-564b053de070,амулет,STEP_03_WORDSTAT_RAW/MANUAL__001_CURRENT_REQUERY__wordstat-86e7b86f-b118-4a08-b4bf-564b053de070.raw.txt,DURABLE_PROVIDER_OBSERVATIONS_ACCEPTED_IN_STEP03A,RAW_PROVIDER_SCOPE_REFERENCED_BY_ACCEPTED_NORMALIZATION_LEDGER,RELATED_BUT_INSUFFICIENT,INFORMS_NEW_NARROWER_SEED_BUT_DOES_NOT_CLOSE_QUESTION,Related evidence only; broad/adjacent scope is not used to close the narrower question.,false,Candidate state=PROVIDER_REQUIRED_PRECISION_VALIDATION; exact raw locator retained; no provider replay performed.
S08R00217,S07C001543,PRIOR_BROAD_TOPIC_WORDSTAT_SCOPE,STEP03,S003|wordstat-7fa06c3d-a03c-4daa-a1ab-a33c7583d2e6,талисман,STEP_03_WORDSTAT_RAW/REQUERY_COMPRESSED/README_RECONSTRUCTION_2026-09-09.md#R002,DURABLE_PROVIDER_OBSERVATIONS_ACCEPTED_IN_STEP03A,RAW_PROVIDER_SCOPE_REFERENCED_BY_ACCEPTED_NORMALIZATION_LEDGER,RELATED_BUT_INSUFFICIENT,INFORMS_NEW_NARROWER_SEED_BUT_DOES_NOT_CLOSE_QUESTION,Related evidence only; broad/adjacent scope is not used to close the narrower question.,false,Candidate state=PROVIDER_REQUIRED_PRECISION_VALIDATION; exact raw locator retained; no provider replay performed.
S08R00218,S07C001544,PRIOR_BROAD_TOPIC_WORDSTAT_SCOPE,STEP03,S003|wordstat-7fa06c3d-a03c-4daa-a1ab-a33c7583d2e6,талисман,STEP_03_WORDSTAT_RAW/REQUERY_COMPRESSED/README_RECONSTRUCTION_2026-09-09.md#R002,DURABLE_PROVIDER_OBSERVATIONS_ACCEPTED_IN_STEP03A,RAW_PROVIDER_SCOPE_REFERENCED_BY_ACCEPTED_NORMALIZATION_LEDGER,RELATED_BUT_INSUFFICIENT,INFORMS_NEW_NARROWER_SEED_BUT_DOES_NOT_CLOSE_QUESTION,Related evidence only; broad/adjacent scope is not used to close the narrower question.,false,Candidate state=PROVIDER_REQUIRED_PRECISION_VALIDATION; exact raw locator retained; no provider replay performed.
S08R00219,S07C001546,PRIOR_BROAD_TOPIC_WORDSTAT_SCOPE,STEP03,S003|wordstat-7fa06c3d-a03c-4daa-a1ab-a33c7583d2e6,талисман,STEP_03_WORDSTAT_RAW/REQUERY_COMPRESSED/README_RECONSTRUCTION_2026-09-09.md#R002,DURABLE_PROVIDER_OBSERVATIONS_ACCEPTED_IN_STEP03A,RAW_PROVIDER_SCOPE_REFERENCED_BY_ACCEPTED_NORMALIZATION_LEDGER,RELATED_BUT_INSUFFICIENT,INFORMS_NEW_NARROWER_SEED_BUT_DOES_NOT_CLOSE_QUESTION,Related evidence only; broad/adjacent scope is not used to close the narrower question.,false,Candidate state=PROVIDER_REQUIRED_PRECISION_VALIDATION; exact raw locator retained; no provider replay performed.
S08R00220,S07C001550,PRIOR_BROAD_TOPIC_WORDSTAT_SCOPE,STEP03,S003|wordstat-7fa06c3d-a03c-4daa-a1ab-a33c7583d2e6,талисман,STEP_03_WORDSTAT_RAW/REQUERY_COMPRESSED/README_RECONSTRUCTION_2026-09-09.md#R002,DURABLE_PROVIDER_OBSERVATIONS_ACCEPTED_IN_STEP03A,RAW_PROVIDER_SCOPE_REFERENCED_BY_ACCEPTED_NORMALIZATION_LEDGER,RELATED_BUT_INSUFFICIENT,INFORMS_NEW_NARROWER_SEED_BUT_DOES_NOT_CLOSE_QUESTION,Related evidence only; broad/adjacent scope is not used to close the narrower question.,false,Candidate state=PROVIDER_REQUIRED_PRECISION_VALIDATION; exact raw locator retained; no provider replay performed.
S08R00221,S07C001558,PRIOR_BROAD_TOPIC_WORDSTAT_SCOPE,STEP03,S002|wordstat-59d28ae6-a727-400c-8cb4-9a9e6ca352a0,оберег,STEP_03_WORDSTAT_RAW/REQUERY_COMPRESSED/README_RECONSTRUCTION_2026-09-09.md#R001,DURABLE_PROVIDER_OBSERVATIONS_ACCEPTED_IN_STEP03A,RAW_PROVIDER_SCOPE_REFERENCED_BY_ACCEPTED_NORMALIZATION_LEDGER,RELATED_BUT_INSUFFICIENT,INFORMS_NEW_NARROWER_SEED_BUT_DOES_NOT_CLOSE_QUESTION,Related evidence only; broad/adjacent scope is not used to close the narrower question.,false,Candidate state=PROVIDER_REQUIRED_PRECISION_VALIDATION; exact raw locator retained; no provider replay performed.
S08R00222,S07C001559,PRIOR_BROAD_TOPIC_WORDSTAT_SCOPE,STEP03,S003|wordstat-7fa06c3d-a03c-4daa-a1ab-a33c7583d2e6,талисман,STEP_03_WORDSTAT_RAW/REQUERY_COMPRESSED/README_RECONSTRUCTION_2026-09-09.md#R002,DURABLE_PROVIDER_OBSERVATIONS_ACCEPTED_IN_STEP03A,RAW_PROVIDER_SCOPE_REFERENCED_BY_ACCEPTED_NORMALIZATION_LEDGER,RELATED_BUT_INSUFFICIENT,INFORMS_NEW_NARROWER_SEED_BUT_DOES_NOT_CLOSE_QUESTION,Related evidence only; broad/adjacent scope is not used to close the narrower question.,false,Candidate state=PROVIDER_REQUIRED_PRECISION_VALIDATION; exact raw locator retained; no provider replay performed.
S08R00223,S07C001565,PRIOR_BROAD_TOPIC_WORDSTAT_SCOPE,STEP03,S003|wordstat-7fa06c3d-a03c-4daa-a1ab-a33c7583d2e6,талисман,STEP_03_WORDSTAT_RAW/REQUERY_COMPRESSED/README_RECONSTRUCTION_2026-09-09.md#R002,DURABLE_PROVIDER_OBSERVATIONS_ACCEPTED_IN_STEP03A,RAW_PROVIDER_SCOPE_REFERENCED_BY_ACCEPTED_NORMALIZATION_LEDGER,RELATED_BUT_INSUFFICIENT,INFORMS_NEW_NARROWER_SEED_BUT_DOES_NOT_CLOSE_QUESTION,Related evidence only; broad/adjacent scope is not used to close the narrower question.,false,Candidate state=PROVIDER_REQUIRED_PRECISION_VALIDATION; exact raw locator retained; no provider replay performed.
S08R00224,S07C001566,PRIOR_BROAD_TOPIC_WORDSTAT_SCOPE,STEP03,S003|wordstat-7fa06c3d-a03c-4daa-a1ab-a33c7583d2e6,талисман,STEP_03_WORDSTAT_RAW/REQUERY_COMPRESSED/README_RECONSTRUCTION_2026-09-09.md#R002,DURABLE_PROVIDER_OBSERVATIONS_ACCEPTED_IN_STEP03A,RAW_PROVIDER_SCOPE_REFERENCED_BY_ACCEPTED_NORMALIZATION_LEDGER,RELATED_BUT_INSUFFICIENT,INFORMS_NEW_NARROWER_SEED_BUT_DOES_NOT_CLOSE_QUESTION,Related evidence only; broad/adjacent scope is not used to close the narrower question.,false,Candidate state=PROVIDER_REQUIRED_PRECISION_VALIDATION; exact raw locator retained; no provider replay performed.
S08R00225,S07C001568,RELATED_PRIOR_QUALIFIED_OM_WORDSTAT_SCOPE,STEP03,Q005|wordstat-d906b011-52e0-4a5e-b9f1-b155776056a2,(амулет|оберег|талисман) Ом,STEP_03_WORDSTAT_RAW/MANUAL__053__wordstat-d906b011-52e0-4a5e-b9f1-b155776056a2.raw.txt,DURABLE_PROVIDER_OBSERVATIONS_ACCEPTED_IN_STEP03A,RAW_PROVIDER_SCOPE_REFERENCED_BY_ACCEPTED_NORMALIZATION_LEDGER,RELATED_BUT_INSUFFICIENT,INFORMS_NEW_NARROWER_SEED_BUT_DOES_NOT_CLOSE_QUESTION,Related evidence only; broad/adjacent scope is not used to close the narrower question.,false,Candidate state=PROVIDER_REQUIRED_PRECISION_VALIDATION; exact raw locator retained; no provider replay performed.
S08R00226,S07C001571,PRIOR_BROAD_TOPIC_WORDSTAT_SCOPE,STEP03,S003|wordstat-7fa06c3d-a03c-4daa-a1ab-a33c7583d2e6,талисман,STEP_03_WORDSTAT_RAW/REQUERY_COMPRESSED/README_RECONSTRUCTION_2026-09-09.md#R002,DURABLE_PROVIDER_OBSERVATIONS_ACCEPTED_IN_STEP03A,RAW_PROVIDER_SCOPE_REFERENCED_BY_ACCEPTED_NORMALIZATION_LEDGER,RELATED_BUT_INSUFFICIENT,INFORMS_NEW_NARROWER_SEED_BUT_DOES_NOT_CLOSE_QUESTION,Related evidence only; broad/adjacent scope is not used to close the narrower question.,false,Candidate state=PROVIDER_REQUIRED_PRECISION_VALIDATION; exact raw locator retained; no provider replay performed.
S08R00227,S07C001572,PRIOR_BROAD_TOPIC_WORDSTAT_SCOPE,STEP03,S001|wordstat-86e7b86f-b118-4a08-b4bf-564b053de070,амулет,STEP_03_WORDSTAT_RAW/MANUAL__001_CURRENT_REQUERY__wordstat-86e7b86f-b118-4a08-b4bf-564b053de070.raw.txt,DURABLE_PROVIDER_OBSERVATIONS_ACCEPTED_IN_STEP03A,RAW_PROVIDER_SCOPE_REFERENCED_BY_ACCEPTED_NORMALIZATION_LEDGER,RELATED_BUT_INSUFFICIENT,INFORMS_NEW_NARROWER_SEED_BUT_DOES_NOT_CLOSE_QUESTION,Related evidence only; broad/adjacent scope is not used to close the narrower question.,false,Candidate state=PROVIDER_REQUIRED_PRECISION_VALIDATION; exact raw locator retained; no provider replay performed.
S08R00228,S07C001575,PRIOR_GENERIC_PRODUCT_CLASS_WORDSTAT_SCOPE,STEP03,S001|wordstat-86e7b86f-b118-4a08-b4bf-564b053de070,амулет,STEP_03_WORDSTAT_RAW/MANUAL__001_CURRENT_REQUERY__wordstat-86e7b86f-b118-4a08-b4bf-564b053de070.raw.txt,DURABLE_PROVIDER_OBSERVATIONS_ACCEPTED_IN_STEP03A,RAW_PROVIDER_SCOPE_REFERENCED_BY_ACCEPTED_NORMALIZATION_LEDGER,QUALIFIED_QUESTION_ANSWERED,CLOSES_CURRENT_PRE_ACQUISITION_QUESTION_WITHOUT_NEW_CALL,"Bounded current discovery evidence only; not final relevance, intent, cluster, page or permanent demand truth.",false,Candidate state=ALREADY_COVERED_NO_NEW_INFORMATION_GAIN; exact raw locator retained; no provider replay performed.
S08R00229,S07C001577,PRIOR_BROAD_TOPIC_WORDSTAT_SCOPE,STEP03,S003|wordstat-7fa06c3d-a03c-4daa-a1ab-a33c7583d2e6,талисман,STEP_03_WORDSTAT_RAW/REQUERY_COMPRESSED/README_RECONSTRUCTION_2026-09-09.md#R002,DURABLE_PROVIDER_OBSERVATIONS_ACCEPTED_IN_STEP03A,RAW_PROVIDER_SCOPE_REFERENCED_BY_ACCEPTED_NORMALIZATION_LEDGER,RELATED_BUT_INSUFFICIENT,INFORMS_NEW_NARROWER_SEED_BUT_DOES_NOT_CLOSE_QUESTION,Related evidence only; broad/adjacent scope is not used to close the narrower question.,false,Candidate state=PROVIDER_REQUIRED_PRECISION_VALIDATION; exact raw locator retained; no provider replay performed.
S08R00230,S07C001579,PRIOR_BROAD_TOPIC_WORDSTAT_SCOPE,STEP03,S003|wordstat-7fa06c3d-a03c-4daa-a1ab-a33c7583d2e6,талисман,STEP_03_WORDSTAT_RAW/REQUERY_COMPRESSED/README_RECONSTRUCTION_2026-09-09.md#R002,DURABLE_PROVIDER_OBSERVATIONS_ACCEPTED_IN_STEP03A,RAW_PROVIDER_SCOPE_REFERENCED_BY_ACCEPTED_NORMALIZATION_LEDGER,RELATED_BUT_INSUFFICIENT,INFORMS_NEW_NARROWER_SEED_BUT_DOES_NOT_CLOSE_QUESTION,Related evidence only; broad/adjacent scope is not used to close the narrower question.,false,Candidate state=PROVIDER_REQUIRED_PRECISION_VALIDATION; exact raw locator retained; no provider replay performed.
S08R00231,S07C001580,PRIOR_BROAD_TOPIC_WORDSTAT_SCOPE,STEP03,S003|wordstat-7fa06c3d-a03c-4daa-a1ab-a33c7583d2e6,талисман,STEP_03_WORDSTAT_RAW/REQUERY_COMPRESSED/README_RECONSTRUCTION_2026-09-09.md#R002,DURABLE_PROVIDER_OBSERVATIONS_ACCEPTED_IN_STEP03A,RAW_PROVIDER_SCOPE_REFERENCED_BY_ACCEPTED_NORMALIZATION_LEDGER,RELATED_BUT_INSUFFICIENT,INFORMS_NEW_NARROWER_SEED_BUT_DOES_NOT_CLOSE_QUESTION,Related evidence only; broad/adjacent scope is not used to close the narrower question.,false,Candidate state=PROVIDER_REQUIRED_PRECISION_VALIDATION; exact raw locator retained; no provider replay performed.
S08R00232,S07C001598,PRIOR_BROAD_TOPIC_WORDSTAT_SCOPE,STEP03,S002|wordstat-59d28ae6-a727-400c-8cb4-9a9e6ca352a0,оберег,STEP_03_WORDSTAT_RAW/REQUERY_COMPRESSED/README_RECONSTRUCTION_2026-09-09.md#R001,DURABLE_PROVIDER_OBSERVATIONS_ACCEPTED_IN_STEP03A,RAW_PROVIDER_SCOPE_REFERENCED_BY_ACCEPTED_NORMALIZATION_LEDGER,RELATED_BUT_INSUFFICIENT,INFORMS_NEW_NARROWER_SEED_BUT_DOES_NOT_CLOSE_QUESTION,Related evidence only; broad/adjacent scope is not used to close the narrower question.,false,Candidate state=PROVIDER_REQUIRED_PRECISION_VALIDATION; exact raw locator retained; no provider replay performed.
S08R00233,S07C001614,PRIOR_BROAD_TOPIC_WORDSTAT_SCOPE,STEP03,S002|wordstat-59d28ae6-a727-400c-8cb4-9a9e6ca352a0,оберег,STEP_03_WORDSTAT_RAW/REQUERY_COMPRESSED/README_RECONSTRUCTION_2026-09-09.md#R001,DURABLE_PROVIDER_OBSERVATIONS_ACCEPTED_IN_STEP03A,RAW_PROVIDER_SCOPE_REFERENCED_BY_ACCEPTED_NORMALIZATION_LEDGER,RELATED_BUT_INSUFFICIENT,INFORMS_NEW_NARROWER_SEED_BUT_DOES_NOT_CLOSE_QUESTION,Related evidence only; broad/adjacent scope is not used to close the narrower question.,false,Candidate state=PROVIDER_REQUIRED_PRECISION_VALIDATION; exact raw locator retained; no provider replay performed.
S08R00234,S07C001656,RELATED_PRIOR_AUTOMOTIVE_WORDSTAT_SCOPE,STEP03,U010|wordstat-f0552a85-2c20-4cac-b82a-cde81ba46331,чётки для машины,STEP_03_WORDSTAT_RAW/MANUAL__077__wordstat-f0552a85-2c20-4cac-b82a-cde81ba46331.raw.txt,DURABLE_PROVIDER_OBSERVATIONS_ACCEPTED_IN_STEP03A,RAW_PROVIDER_SCOPE_REFERENCED_BY_ACCEPTED_NORMALIZATION_LEDGER,RELATED_BUT_INSUFFICIENT,INFORMS_NEW_NARROWER_SEED_BUT_DOES_NOT_CLOSE_QUESTION,Related evidence only; broad/adjacent scope is not used to close the narrower question.,false,Candidate state=PROVIDER_REQUIRED_PRECISION_VALIDATION; exact raw locator retained; no provider replay performed.
S08R00235,S07C001657,RELATED_PRIOR_AUTOMOTIVE_WORDSTAT_SCOPE,STEP03,U010|wordstat-f0552a85-2c20-4cac-b82a-cde81ba46331,чётки для машины,STEP_03_WORDSTAT_RAW/MANUAL__077__wordstat-f0552a85-2c20-4cac-b82a-cde81ba46331.raw.txt,DURABLE_PROVIDER_OBSERVATIONS_ACCEPTED_IN_STEP03A,RAW_PROVIDER_SCOPE_REFERENCED_BY_ACCEPTED_NORMALIZATION_LEDGER,RELATED_BUT_INSUFFICIENT,INFORMS_NEW_NARROWER_SEED_BUT_DOES_NOT_CLOSE_QUESTION,Related evidence only; broad/adjacent scope is not used to close the narrower question.,false,Candidate state=PROVIDER_REQUIRED_PRECISION_VALIDATION; exact raw locator retained; no provider replay performed.
S08R00236,S07C001661,RELATED_PRIOR_AUTOMOTIVE_WORDSTAT_SCOPE,STEP03,U010|wordstat-f0552a85-2c20-4cac-b82a-cde81ba46331,чётки для машины,STEP_03_WORDSTAT_RAW/MANUAL__077__wordstat-f0552a85-2c20-4cac-b82a-cde81ba46331.raw.txt,DURABLE_PROVIDER_OBSERVATIONS_ACCEPTED_IN_STEP03A,RAW_PROVIDER_SCOPE_REFERENCED_BY_ACCEPTED_NORMALIZATION_LEDGER,RELATED_BUT_INSUFFICIENT,INFORMS_NEW_NARROWER_SEED_BUT_DOES_NOT_CLOSE_QUESTION,Related evidence only; broad/adjacent scope is not used to close the narrower question.,false,Candidate state=PROVIDER_REQUIRED_PRECISION_VALIDATION; exact raw locator retained; no provider replay performed.
S08R00237,S07C001668,RELATED_PRIOR_QUALIFIED_OM_WORDSTAT_SCOPE,STEP03,Q005|wordstat-d906b011-52e0-4a5e-b9f1-b155776056a2,(амулет|оберег|талисман) Ом,STEP_03_WORDSTAT_RAW/MANUAL__053__wordstat-d906b011-52e0-4a5e-b9f1-b155776056a2.raw.txt,DURABLE_PROVIDER_OBSERVATIONS_ACCEPTED_IN_STEP03A,RAW_PROVIDER_SCOPE_REFERENCED_BY_ACCEPTED_NORMALIZATION_LEDGER,RELATED_BUT_INSUFFICIENT,INFORMS_NEW_NARROWER_SEED_BUT_DOES_NOT_CLOSE_QUESTION,Related evidence only; broad/adjacent scope is not used to close the narrower question.,false,Candidate state=PROVIDER_REQUIRED_PRECISION_VALIDATION; exact raw locator retained; no provider replay performed.
S08R00238,S07C001670,PRIOR_QUALIFIED_PRODUCT_WORDSTAT_SCOPE,STEP03,Q017|wordstat-e18ad053-f536-4841-a47a-e0ec01db5c96,(амулет|оберег|талисман) Чур,STEP_03_WORDSTAT_RAW/MANUAL__065__wordstat-e18ad053-f536-4841-a47a-e0ec01db5c96.raw.txt,DURABLE_PROVIDER_OBSERVATIONS_ACCEPTED_IN_STEP03A,RAW_PROVIDER_SCOPE_REFERENCED_BY_ACCEPTED_NORMALIZATION_LEDGER,RELATED_BUT_INSUFFICIENT,INFORMS_NEW_NARROWER_SEED_BUT_DOES_NOT_CLOSE_QUESTION,Related evidence only; broad/adjacent scope is not used to close the narrower question.,false,Candidate state=PROVIDER_REQUIRED_PRECISION_VALIDATION; exact raw locator retained; no provider replay performed.
S08R00239,S07C001672,PRIOR_QUALIFIED_PRODUCT_WORDSTAT_SCOPE,STEP03,Q017|wordstat-e18ad053-f536-4841-a47a-e0ec01db5c96,(амулет|оберег|талисман) Чур,STEP_03_WORDSTAT_RAW/MANUAL__065__wordstat-e18ad053-f536-4841-a47a-e0ec01db5c96.raw.txt,DURABLE_PROVIDER_OBSERVATIONS_ACCEPTED_IN_STEP03A,RAW_PROVIDER_SCOPE_REFERENCED_BY_ACCEPTED_NORMALIZATION_LEDGER,QUALIFIED_QUESTION_ANSWERED,CLOSES_CURRENT_PRE_ACQUISITION_QUESTION_WITHOUT_NEW_CALL,"Bounded current discovery evidence only; not final relevance, intent, cluster, page or permanent demand truth.",false,Candidate state=REUSE_EXISTING_EVIDENCE; exact raw locator retained; no provider replay performed.
S08R00240,S07C002165,ACCEPTED_UPSTREAM_VARIANT_IDENTITY,STEP03A_STEP03B,S003|wordstat-7fa06c3d-a03c-4daa-a1ab-a33c7583d2e6,талисман богатства,STEP_03_WORDSTAT_RAW/REQUERY_COMPRESSED/README_RECONSTRUCTION_2026-09-09.md#R002,ACCEPTED_NORMALIZED_IDENTITY_WITH_COMPLETE_RAW_OCCURRENCE_LINEAGE,DERIVED_STEP03A_IDENTITY_WITH_RAW_OCCURRENCES_RETAINED,QUALIFIED_QUESTION_ANSWERED,CLOSES_CURRENT_PRE_ACQUISITION_QUESTION_WITHOUT_NEW_CALL,"Bounded current discovery evidence only; not final relevance, intent, cluster, page or permanent demand truth.",false,Candidate state=REUSE_EXISTING_EVIDENCE; exact raw locator retained; no provider replay performed.
S08R00241,S07C002166,ACCEPTED_UPSTREAM_VARIANT_IDENTITY,STEP03A_STEP03B,Q007|wordstat-0a074fb9-865b-4c66-a0d2-685e2a2b2475,амулет символ велеса,STEP_03_WORDSTAT_RAW/MANUAL__055__wordstat-0a074fb9-865b-4c66-a0d2-685e2a2b2475.raw.txt,ACCEPTED_NORMALIZED_IDENTITY_WITH_COMPLETE_RAW_OCCURRENCE_LINEAGE,DERIVED_STEP03A_IDENTITY_WITH_RAW_OCCURRENCES_RETAINED,QUALIFIED_QUESTION_ANSWERED,CLOSES_CURRENT_PRE_ACQUISITION_QUESTION_WITHOUT_NEW_CALL,"Bounded current discovery evidence only; not final relevance, intent, cluster, page or permanent demand truth.",false,Candidate state=REUSE_EXISTING_EVIDENCE; exact raw locator retained; no provider replay performed.
S08R00242,S07C002167,ACCEPTED_UPSTREAM_VARIANT_IDENTITY,STEP03A_STEP03B,S042|wordstat-b4da4974-0d97-46d1-98a9-be191091eaff,знак звезда лады,STEP_03_WORDSTAT_RAW/MANUAL__027__zvezda_lady__wordstat-b4da4974-0d97-46d1-98a9-be191091eaff.txt,ACCEPTED_NORMALIZED_IDENTITY_WITH_COMPLETE_RAW_OCCURRENCE_LINEAGE,DERIVED_STEP03A_IDENTITY_WITH_RAW_OCCURRENCES_RETAINED,QUALIFIED_QUESTION_ANSWERED,CLOSES_CURRENT_PRE_ACQUISITION_QUESTION_WITHOUT_NEW_CALL,"Bounded current discovery evidence only; not final relevance, intent, cluster, page or permanent demand truth.",false,Candidate state=REUSE_EXISTING_EVIDENCE; exact raw locator retained; no provider replay performed.
S08R00243,S07C002168,ACCEPTED_UPSTREAM_VARIANT_IDENTITY,STEP03A_STEP03B,S002|S024|wordstat-59d28ae6-a727-400c-8cb4-9a9e6ca352a0|wordstat-9158d115-973a-4276-9eaf-31ed174e40ee,оберег триглав,STEP_03_WORDSTAT_RAW/REQUERY_COMPRESSED/README_RECONSTRUCTION_2026-09-09.md#R001|STEP_03_WORDSTAT_RAW/MANUAL__017__triglav__wordstat-9158d115-973a-4276-9eaf-31ed174e40ee.txt,ACCEPTED_NORMALIZED_IDENTITY_WITH_COMPLETE_RAW_OCCURRENCE_LINEAGE,DERIVED_STEP03A_IDENTITY_WITH_RAW_OCCURRENCES_RETAINED,QUALIFIED_QUESTION_ANSWERED,CLOSES_CURRENT_PRE_ACQUISITION_QUESTION_WITHOUT_NEW_CALL,"Bounded current discovery evidence only; not final relevance, intent, cluster, page or permanent demand truth.",false,Candidate state=REUSE_EXISTING_EVIDENCE; exact raw locator retained; no provider replay performed.
S08R00244,S07C002169,ACCEPTED_UPSTREAM_VARIANT_IDENTITY,STEP03A_STEP03B,S002|Q005|Q013|Q015|wordstat-59d28ae6-a727-400c-8cb4-9a9e6ca352a0|wordstat-d906b011-52e0-4a5e-b9f1-b155776056a2|wordstat-e27f5e9b-7567-4ca8-bd8d-a8bc836ba4c7|wordstat-265d1531-79b3-48dd-a441-ecb5599da3ff,оберег макошь,STEP_03_WORDSTAT_RAW/REQUERY_COMPRESSED/README_RECONSTRUCTION_2026-09-09.md#R001|STEP_03_WORDSTAT_RAW/MANUAL__053__wordstat-d906b011-52e0-4a5e-b9f1-b155776056a2.raw.txt|STEP_03_WORDSTAT_RAW/MANUAL__061__wordstat-e27f5e9b-7567-4ca8-bd8d-a8bc836ba4c7.raw.txt|STEP_03_WORDSTAT_RAW/MANUAL__063__wordstat-265d1531-79b3-48dd-a441-ecb5599da3ff.raw.txt,ACCEPTED_NORMALIZED_IDENTITY_WITH_COMPLETE_RAW_OCCURRENCE_LINEAGE,DERIVED_STEP03A_IDENTITY_WITH_RAW_OCCURRENCES_RETAINED,QUALIFIED_QUESTION_ANSWERED,CLOSES_CURRENT_PRE_ACQUISITION_QUESTION_WITHOUT_NEW_CALL,"Bounded current discovery evidence only; not final relevance, intent, cluster, page or permanent demand truth.",false,Candidate state=REUSE_EXISTING_EVIDENCE; exact raw locator retained; no provider replay performed.
S08R00245,S07C002170,ACCEPTED_UPSTREAM_VARIANT_IDENTITY,STEP03A_STEP03B,S002|wordstat-59d28ae6-a727-400c-8cb4-9a9e6ca352a0,символы обереги,STEP_03_WORDSTAT_RAW/REQUERY_COMPRESSED/README_RECONSTRUCTION_2026-09-09.md#R001,ACCEPTED_NORMALIZED_IDENTITY_WITH_COMPLETE_RAW_OCCURRENCE_LINEAGE,DERIVED_STEP03A_IDENTITY_WITH_RAW_OCCURRENCES_RETAINED,QUALIFIED_QUESTION_ANSWERED,CLOSES_CURRENT_PRE_ACQUISITION_QUESTION_WITHOUT_NEW_CALL,"Bounded current discovery evidence only; not final relevance, intent, cluster, page or permanent demand truth.",false,Candidate state=REUSE_EXISTING_EVIDENCE; exact raw locator retained; no provider replay performed.
S08R00246,S07C002171,ACCEPTED_UPSTREAM_VARIANT_IDENTITY,STEP03A_STEP03B,Q013|wordstat-e27f5e9b-7567-4ca8-bd8d-a8bc836ba4c7,славянский оберег макошь,STEP_03_WORDSTAT_RAW/MANUAL__061__wordstat-e27f5e9b-7567-4ca8-bd8d-a8bc836ba4c7.raw.txt,ACCEPTED_NORMALIZED_IDENTITY_WITH_COMPLETE_RAW_OCCURRENCE_LINEAGE,DERIVED_STEP03A_IDENTITY_WITH_RAW_OCCURRENCES_RETAINED,QUALIFIED_QUESTION_ANSWERED,CLOSES_CURRENT_PRE_ACQUISITION_QUESTION_WITHOUT_NEW_CALL,"Bounded current discovery evidence only; not final relevance, intent, cluster, page or permanent demand truth.",false,Candidate state=REUSE_EXISTING_EVIDENCE; exact raw locator retained; no provider replay performed.
